legacy_path	area	page_name	page_title	purpose_hint	user_type	permission_keys	scope_evidence	tables	forms	actions	statuses	attachments	print_pdf	linked_php	ajax	public_token_candidate	reachability	activity	evidence
Arabic.PHP	root	Arabic.PHP		Arabic.PHP	authenticated/unknown			arabic,loaded,one,the		send		no	no		no	review	unresolved	unknown	
B_pdf.php	root	B_pdf		B pdf	authenticated/unknown		branch	branches,briefing,briefing_view,ra_users		send	0,1,2,3	no	yes	header.inc.php,footer.inc.php	yes	no	outbound-linked	unknown	session/header guard; ajax; print/pdf
Briefing.php	root	Briefing	HH	Briefing	authenticated/unknown			briefing	/Briefing.php?id=	create,update,send	1	yes	no	hr_session.php,config.php,functions.php,validationForm.php,multiLanguage.php,user.php,paginator.class.php,permissions.link.php,common.php,MyQuery.php,clientContract.php,clientVacations.php,sms_class.php,Shortener.class.php,OpensslEncryptDecrypt.php,PHPMailer.php,SMTP.php,Exception.php,GovernmentـreportsAnswer.php,Government_mas.php,Briefing.php,G_answerNN.php	yes	no	outbound-linked	unknown	session/header guard; form; ajax; file handling/ref
BriefingـNotice.php	root	BriefingـNotice	خدمة إجازة منصة صحة	Briefing Notice	authenticated/unknown		branch	branches,briefing,briefing_view,department_sender_email,g_data	/BriefingـNotice.php	create,update,delete,send	0,3,2,1,4,5,6,7,8,9	yes	yes	header.inc.php,sms_class.php,Shortener.class.php,OpensslEncryptDecrypt.php,PHPMailer.php,SMTP.php,Exception.php,BriefingـNotice.php,B_pdf.php,BriefingـNoticeـpdf.php,G_answerNN.php,fliter_reportss.php,footer.inc.php	yes	no	outbound-linked	unknown	session/header guard; form; ajax; print/pdf; file handling/ref
BriefingـNotices.php	root	BriefingـNotices	خدمة إجازة منصة صحة	Briefing Notices	authenticated/unknown		branch	branches,briefing,briefing_view,department_sender_email,g_data	BriefingـNotices.php,<?php echo $pagename; ?>	create,update,delete,send	0,3,2,1,4,5,6,7,8,9	yes	yes	header.inc.php,sms_class.php,Shortener.class.php,OpensslEncryptDecrypt.php,BriefingـNotices.php,B_pdf.php,BriefingـNoticeـpdf.php,G_answerNN.php,fliter_reportss.php,footer.inc.php	yes	no	outbound-linked	unknown	session/header guard; form; ajax; print/pdf; file handling/ref
BriefingـNoticeـForm.php	root	BriefingـNoticeـForm	HH	Briefing Notice Form	authenticated/unknown			briefing	/BriefingـNoticeـForm.php	create,send		yes	no	hr_session.php,config.php,functions.php,validationForm.php,multiLanguage.php,user.php,paginator.class.php,permissions.link.php,common.php,MyQuery.php,clientContract.php,clientVacations.php,sms_class.php,Shortener.class.php,OpensslEncryptDecrypt.php,PHPMailer.php,SMTP.php,Exception.php,GovernmentـreportsAnswer.php,Government_mas.php,BriefingـNoticeـForm.php,G_answerNN.php	no	no	outbound-linked	unknown	session/header guard; form; file handling/ref
BriefingـNoticeـpdf.php	root	BriefingـNoticeـpdf		Briefing Notice pdf	authenticated/unknown		branch	bottom,briefing,companies_groups,html		update		yes	yes	autoload.php,hr_session.php,config.php,functions.php,common.php,G.php,Government_reportss_pdf.php,tcpdf_include.php,tcpdf_config_alt.php,tcpdf.php	yes	review	outbound-linked	unknown	ajax; print/pdf; file handling/ref
G.php	root	G	الختم الرسمي	G	authenticated/unknown		branch	companies_groups,g_data,g_filesmail,g_requestdelivry,g_sections,g_sectionsub,g_view,government_circulars_sections,html,ra_users		update,send	2	no	yes	autoload.php,hr_session.php,config.php,functions.php,multiLanguage.php,common.php,MyQuery.php,G.php	yes	no	outbound-linked	unknown	session/header guard; ajax; print/pdf
G_answerN.php	root	G_answerN	الختم الرسمي	G answerN	authenticated/unknown		branch	companies_groups,g_data,g_requestdelivry,g_sections,g_sectionsub,g_view,government_circulars_sections,html,ra_users		update,send	2,1	yes	yes	autoload.php,hr_session.php,config.php,functions.php,multiLanguage.php,common.php,MyQuery.php,G.php	yes	no	outbound-linked	unknown	session/header guard; ajax; print/pdf; file handling/ref
G_answerNN.php	root	G_answerNN	الختم الرسمي	G answerNN	authenticated/unknown		branch	companies_groups,g_data,g_requestdelivry,g_sections,g_sectionsub,g_view,government_circulars_sections,html,ra_users		update,send	1,2	yes	yes	autoload.php,hr_session.php,config.php,functions.php,multiLanguage.php,common.php,MyQuery.php,G.php,Government_reportss_pdf.php	yes	no	outbound-linked	unknown	session/header guard; ajax; print/pdf; file handling/ref
G_answerNNN.php	root	G_answerNNN		G answerNNN	authenticated/unknown							no	no		no	review	unresolved	unknown	
G_answerY.php	root	G_answerY	الختم الرسمي	G answerY	authenticated/unknown		branch	companies_groups,g_data,g_requestdelivry,g_sections,g_sectionsub,government_circulars_sections,government_circulars_sections_administrators,html		send		yes	yes	autoload.php,hr_session.php,config.php,functions.php,multiLanguage.php,common.php,MyQuery.php,G.php	yes	no	outbound-linked	unknown	session/header guard; ajax; print/pdf; file handling/ref
G_mail.php	root	G_mail	الختم الرسمي	G mail	authenticated/unknown		branch	companies_groups,g_data,g_filesmail,g_requestdelivry,g_sections,g_sectionsub,g_view,government_circulars_sections,html,ra_users		create,update,send	2	no	yes	autoload.php,hr_session.php,config.php,functions.php,multiLanguage.php,common.php,MyQuery.php,G.php,Government_reportss_pdf.php	yes	no	outbound-linked	unknown	session/header guard; ajax; print/pdf
G_retrun.php	root	G_retrun	الختم الرسمي	G retrun	authenticated/unknown		branch	companies_groups,g_data,g_requestdelivry,g_sections,g_sectionsub,g_view,government_circulars_sections,html,ra_users		update,send	1,2	yes	yes	autoload.php,hr_session.php,config.php,functions.php,multiLanguage.php,common.php,MyQuery.php,G.php,Government_reportss_pdf.php	yes	no	outbound-linked	unknown	session/header guard; ajax; print/pdf; file handling/ref
G_retrunmail.php	root	G_retrunmail	الختم الرسمي	G retrunmail	authenticated/unknown		branch	companies_groups,g_data,g_requestdelivry,g_sections,g_sectionsub,g_view,government_circulars_sections,html,ra_users		update,send	2,1	yes	yes	autoload.php,hr_session.php,config.php,functions.php,multiLanguage.php,common.php,MyQuery.php,G.php,Government_reportss_pdf.php	yes	no	outbound-linked	unknown	session/header guard; ajax; print/pdf; file handling/ref
Government_mas.php	root	Government_mas	success	Government mas	authenticated/unknown							no	no		no	review	unresolved	unknown	
Government_reportsAnswerManger.php	root	Government_reportsAnswerManger	HH-GovernmentـreportsAnswer	Government reportsAnswerManger	authenticated/unknown		branch	g_data,g_files,g_requestdelivry,g_sections,g_sectionsub,g_timestatus,government_circulars_sections,government_circulars_sections_administrators	/Government_reportsAnswerManger.php?id=	create,update,send	7,5	yes	no	hr_session.php,config.php,functions.php,validationForm.php,multiLanguage.php,user.php,paginator.class.php,permissions.link.php,common.php,MyQuery.php,clientContract.php,clientVacations.php,sms_class.php,Shortener.class.php,OpensslEncryptDecrypt.php,PHPMailer.php,SMTP.php,Exception.php,GovernmentـreportsAnswer.php,Government_mas.php,Government_reportsAnswerManger.php	yes	no	outbound-linked	unknown	session/header guard; form; ajax; file handling/ref
Government_reportss_fliter.php	root	Government_reportss_fliter		Government reportss fliter	authenticated/unknown							no	no		no	review	unresolved	unknown	
GovernmentـreportsAnswer.php	root	GovernmentـreportsAnswer	HH-GovernmentـreportsAnswer	Government reportsAnswer	authenticated/unknown		branch	department_sender_email,g_data,g_files,g_filesmail,g_requestdelivry,g_sections,g_sectionsub,g_timestatus,g_view,government_circulars_sections,government_circulars_sections_administrators	/GovernmentـreportsAnswer.php?id=	create,update,send	2,7,8	yes	yes	hr_session.php,config.php,functions.php,validationForm.php,multiLanguage.php,user.php,paginator.class.php,permissions.link.php,common.php,MyQuery.php,clientContract.php,clientVacations.php,sms_class.php,Shortener.class.php,OpensslEncryptDecrypt.php,PHPMailer.php,SMTP.php,Exception.php,GovernmentـreportsAnswer.php,Government_mas.php,G_answerNN.php,Government_reportss_pdf.php,G_answerN.php,Government_reportsAnswerManger.php	yes	no	outbound-linked	unknown	session/header guard; form; ajax; print/pdf; file handling/ref
GovernmentـreportsAnswerback.php	root	GovernmentـreportsAnswerback	HH-GovernmentـreportsAnswer	Government reportsAnswerback	authenticated/unknown		branch	department_sender_email,g_data,g_files,g_filesmail,g_requestdelivry,g_sections,g_sectionsub,g_timestatus,g_view,government_circulars_sections,government_circulars_sections_administrators	/GovernmentـreportsAnswerback.php?id=	create,update,send	2,1,7,8	yes	yes	hr_session.php,config.php,functions.php,validationForm.php,multiLanguage.php,user.php,paginator.class.php,permissions.link.php,common.php,MyQuery.php,clientContract.php,clientVacations.php,sms_class.php,Shortener.class.php,OpensslEncryptDecrypt.php,PHPMailer.php,SMTP.php,Exception.php,GovernmentـreportsAnswer.php,Government_mas.php,GovernmentـreportsAnswerback.php,G_answerNN.php,Government_reportss_pdf.php,G_answerN.php,Government_reportsAnswerManger.php	yes	no	outbound-linked	unknown	session/header guard; form; ajax; print/pdf; file handling/ref
Governmentـreportss.php	root	Governmentـreportss	Al Hammadi Hospitals Group	Government reportss	authenticated/unknown		branch	companies_groups,companies_groups_general,department_sender_email,g_data,g_files,g_filesanswer,g_filesmail,g_requestdelivry,g_sections,g_sectionsub,g_timestatus,g_view,government_circulars_sections,government_circulars_sections_administrators	/Governmentـreportss.php,<?php echo $pagename; ?>	create,update,delete,send	6,1,4,5,2,7,8,9,0	yes	yes	header.inc.php,sms_class.php,Shortener.class.php,OpensslEncryptDecrypt.php,PHPMailer.php,SMTP.php,Exception.php,Governmentـreportss.php,G_retrun.php,G_retrunmail.php,GovernmentـreportsAnswerback.php,G_answerNN.php,Government_reportss_pdf.php,G_answerN.php,Government_reportsAnswerManger.php,G.php,G_answerY.php,g_timeline.php,g_pdf.php,g_report.php,G_mail.php,GovernmentـreportsAnswer.php,fliter_reportss.php,footer.inc.php	yes	no	outbound-linked	unknown	session/header guard; form; ajax; print/pdf; file handling/ref
MEDICINE_DIAGNOSED_CODE.php	root	MEDICINE_DIAGNOSED_CODE	MEDICINE	MEDICINE DIAGNOSED CODE	authenticated/unknown			medicine_diagnosed_code	<?php echo $pagename; ?>			no	no	header.inc.php,MEDICINE_DIAGNOSED_CODE.php,footer.inc.php	yes	no	outbound-linked	unknown	session/header guard; form; ajax
SL.php	root	SL		SL	authenticated/unknown			short_urls,url				no	no	hr_session.php,config.php,functions.php,form_token.php,common.php,SL.php,Shortener.class.php	yes	review	outbound-linked	unknown	ajax
absence_notification_service.php	root	absence_notification_service	خدمة إشعار تغيب عن العمل	absence notification service	authenticated/unknown		branch	absence_notification_service,absence_notification_service_send_to,absence_notification_service_types,functin,if,memo,memo_attachments,ra_users,sms_sender_name	/complaints.php,<?php echo hh_h($pagename); ?>	create,update,delete,send,reply	2,4	yes	yes	header.inc.php,sms_class.php,Shortener.class.php,absence_notification_service_v.php,absence_notification_service_notice.php,absence_notification_service.php,sendsoundajax.php,complaints.php,absence_notification_service_form.php,absence_notification_service_pdf.php,footer.inc.php	yes	review	outbound-linked	unknown	session/header guard; form; ajax; print/pdf; file handling/ref
absence_notification_service_action_done.php	root	absence_notification_service_action_done		absence notification service action done	authenticated/unknown		branch	absence_notification_service,absence_notification_service_action_type,absence_notification_service_death_leave_categories,absence_notification_service_send_to,absence_notification_service_types,branches,companies_groups,html,ra_users		send		yes	yes	hr_session.php,autoload.php,config.php,functions.php,multiLanguage.php,common.php,MyQuery.php,index.php	yes	no	outbound-linked	unknown	session/header guard; ajax; print/pdf; file handling/ref
absence_notification_service_form.php	root	absence_notification_service_form		absence notification service form	authenticated/unknown			absence_notification_service_death_leave_categories		create,update	1,2	yes	no	hr_session.php,config.php,absence_notification_service_upload_file.php,empty.php,absence_notification_service_form_get_enddate.php	yes	review	outbound-linked	unknown	ajax; file handling/ref
absence_notification_service_form_get_enddate.php	root	absence_notification_service_form_get_enddate		absence notification service form get enddate	authenticated/unknown			absence_notification_service_death_leave_categories				no	no	hr_session.php,config.php	yes	review	outbound-linked	unknown	ajax
absence_notification_service_notice.php	root	absence_notification_service_notice		absence notification service notice	authenticated/unknown		branch	absence_notification_service,absence_notification_service_death_leave_categories,absence_notification_service_send_to,absence_notification_service_types,branches,companies_groups,html,ra_users		send		yes	yes	hr_session.php,autoload.php,config.php,functions.php,multiLanguage.php,common.php,MyQuery.php,index.php	yes	no	outbound-linked	unknown	session/header guard; ajax; print/pdf; file handling/ref
absence_notification_service_pdf.php	root	absence_notification_service_pdf		absence notification service pdf	authenticated/unknown		branch	absence_notification_service,absence_notification_service_death_leave_categories,absence_notification_service_send_to,absence_notification_service_types,branches,companies_groups,html,ra_users		send		yes	yes	hr_session.php,autoload.php,config.php,functions.php,multiLanguage.php,common.php,MyQuery.php,index.php	yes	no	outbound-linked	unknown	session/header guard; ajax; print/pdf; file handling/ref
absence_notification_service_reciever.php	root	absence_notification_service_reciever		absence notification service reciever	authenticated/unknown		branch	absence_notification_service,absence_notification_service_send_to,companies_groups		send		no	no	hr_session.php,config.php,functions.php,yakeen_v1.class.php	yes	review	outbound-linked	unknown	ajax
absence_notification_service_scheduling.php	root	absence_notification_service_scheduling		absence notification service scheduling	authenticated/unknown		branch	absence_notification_service,absence_notification_service_memo,branches,companies_groups,html,memo_send_to,memo_types,ra_users		update,send		yes	yes	hr_session.php,autoload.php,config.php,functions.php,multiLanguage.php,common.php,MyQuery.php,index.php	yes	no	outbound-linked	unknown	session/header guard; ajax; print/pdf; file handling/ref
absence_notification_service_send_action.php	root	absence_notification_service_send_action		absence notification service send action	authenticated/unknown		branch	ra_users		create		no	no	hr_session.php,config.php,functions.php,validationForm.php,multiLanguage.php,user.php,paginator.class.php,permissions.link.php,common.php,MyQuery.php	yes	no	outbound-linked	unknown	session/header guard; ajax
absence_notification_service_send_notice.php	root	absence_notification_service_send_notice		absence notification service send notice	authenticated/unknown		branch	absence_notification_service,absence_notification_service_death_leave_categories,absence_notification_service_send_to,absence_notification_service_types,branches,companies_groups,html,ra_users		send		yes	yes	hr_session.php,autoload.php,config.php,functions.php,multiLanguage.php,common.php,MyQuery.php,index.php	yes	no	outbound-linked	unknown	session/header guard; ajax; print/pdf; file handling/ref
absence_notification_service_timeline.php	root	absence_notification_service_timeline		absence notification service timeline	authenticated/unknown		branch	branches,medical_cases,medical_cases_actions,medical_cases_statement_request,medical_cases_status,ra_users		reply	9,14,4	no	no	header.inc.php,birth_notification.php,footer.inc.php	yes	no	outbound-linked	unknown	session/header guard; ajax
absence_notification_service_upload_file.php	root	absence_notification_service_upload_file		absence notification service upload file	authenticated/unknown							no	no		no	review	unresolved	unknown	
absence_notification_service_v.php	root	absence_notification_service_v	HH-Absence Notification Service	absence notification service v	authenticated/unknown		branch	absence_notification_service,absence_notification_service_action_type,absence_notification_service_death_leave_categories,absence_notification_service_memo,absence_notification_service_send_to,absence_notification_service_types,ra_users	absence_notification_service_v.php?t=<?php echo hh_h($tokenParam);?>	create,update,send	4	yes	no	hr_session.php,config.php,functions.php,validationForm.php,multiLanguage.php,user.php,paginator.class.php,permissions.link.php,common.php,MyQuery.php,clientContract.php,clientVacations.php,sms_class.php,Shortener.class.php,form_token.php,absence_notification_service_v_result.php,absence_notification_service_send_notice.php,absence_notification_service_action_done.php,absence_notification_service_scheduling.php,absence_notification_service_v.php,absence_notification_service_send_action.php,sendsoundajax.php	yes	no	outbound-linked	unknown	session/header guard; form; ajax; file handling/ref
absence_notification_service_v_result.php	root	absence_notification_service_v_result	HH-Absence Notification Service	absence notification service v result	authenticated/unknown							yes	no	hr_session.php,config.php,functions.php,validationForm.php,multiLanguage.php,user.php,paginator.class.php,permissions.link.php,common.php,MyQuery.php,clientContract.php,clientVacations.php	no	review	outbound-linked	unknown	file handling/ref
absher.php	root	absher		absher	authenticated/unknown							no	yes		no	review	unresolved	unknown	print/pdf
accept_referral_pdf.php	root	accept_referral_pdf		accept referral pdf	authenticated/unknown		company,branch	accept_referral,booking_period,branches,companies_groups,forms_contacts,html,nationality,ra_users,room_type		reply		yes	yes	autoload.php,hr_session.php,config.php,functions.php,multiLanguage.php,common.php,MyQuery.php,index.php,accept_referral_pdf.php,barcode.php	yes	no	outbound-linked	unknown	session/header guard; ajax; print/pdf; file handling/ref
accept_referral_pdfBK.php	root	accept_referral_pdfBK		accept referral pdfBK	authenticated/unknown		company,branch	accept_referral,booking_period,bottom,branches,companies_groups,data,forms_contacts,html,nationality,ra_users,room_type		update,reply		yes	yes	hr_session.php,config.php,functions.php,multiLanguage.php,common.php,MyQuery.php,index.php,complaints_pdf.php,accept_referral_pdf.php,tcpdf_include.php,tcpdf_config_alt.php,tcpdf.php	yes	no	outbound-linked	unknown	session/header guard; ajax; print/pdf; file handling/ref
add-event.php	root	add-event		add event	authenticated/unknown			tbl_events		create		no	no	hr_session.php,config.php,functions.php	no	review	outbound-linked	unknown	
add_shift_schedule.php	root	add_shift_schedule		add shift schedule	authenticated/unknown			shift_schedule		create		no	no	hr_session.php,config.php,functions.php,login.php	no	review	outbound-linked	unknown	
admin/ rep2_not_signing_pledge_to_pay_reasons.php	admin	 rep2_not_signing_pledge_to_pay_reasons		 rep2 not signing pledge to pay reasons	administrator		branch	country,functin,if	<?php echo $pagename; ?>	create,update,delete		no	yes	header.inc.php,rep2_not_signing_pledge_to_pay_reasons.php,footer.inc.php	yes	no	outbound-linked	unknown	session/header guard; form; ajax; print/pdf
admin/ rep3_payer_name_type.php	admin	 rep3_payer_name_type		 rep3 payer name type	administrator		branch	country,functin,if	<?php echo $pagename; ?>	create,update,delete		no	yes	header.inc.php,footer.inc.php	yes	no	outbound-linked	unknown	session/header guard; form; ajax; print/pdf
admin/ rep5_canceling_transferring_reasons.php	admin	 rep5_canceling_transferring_reasons		 rep5 canceling transferring reasons	administrator		branch	country,functin,if,rep5_canceling_transferring_reasons	<?php echo $pagename; ?>	create,update,delete		no	yes	header.inc.php,footer.inc.php	yes	no	outbound-linked	unknown	session/header guard; form; ajax; print/pdf
admin/accept_referral.php	admin	accept_referral		accept referral	administrator		branch	accept_referral,country,functin,if	<?php echo $pagename; ?>	create,update,delete		no	yes	header.inc.php,accept_referral.php,footer.inc.php	yes	no	outbound-linked	unknown	session/header guard; form; ajax; print/pdf
admin/accept_referral_pdf.php	admin	accept_referral_pdf		accept referral pdf	administrator		company,branch	accept_referral,booking_period,bottom,branches,companies_groups,data,html,nationality,ra_users,room_type		update,reply		yes	yes	hr_session.php,config.php,functions.php,multiLanguage.php,common.php,MyQuery.php,login.php,logout.php,index.php,complaints_pdf.php,accept_referral_pdf.php,tcpdf_include.php,tcpdf_config_alt.php,tcpdf.php	yes	no	outbound-linked	unknown	session/header guard; ajax; print/pdf; file handling/ref
admin/access_roles.php	admin	access_roles		access roles	administrator							no	no	header.inc.php,footer.inc.php	no	no	outbound-linked	unknown	session/header guard
admin/action_taken.php	admin	action_taken		action taken	administrator		branch	action_taken,branches,functin,helper,if	<?php echo $pagename; ?>	create,update,delete,send	4	no	yes	header.inc.php,action_taken.php,city_grap.php,sendsoundajax.php,footer.inc.php	yes	no	menu	unknown	session/header guard; form; ajax; print/pdf
admin/add_user_groups.php	admin	add_user_groups		add user groups	administrator		branch	here,user_groups_permission	add_user_groups.php	update,delete		no	no	header.inc.php,user_groups.php,add_user_groups.php,footer.inc.php,user_groups_permissins.php	no	review	menu	unknown	session/header guard; form
admin/adm_branches.php	admin	adm_branches		adm branches	administrator		branch	client,client_package_term,client_sub,client_sub_demand,client_sub_record,clienttype,package,package_details,user_client	adm_branches.php	create,update,delete,send		no	yes	header.inc.php,get_email.php,get_name.php,get_mobile.php,get_username.php,adm_branches.php,login.php,contactus.php,user_subscribe_details.php,sms_send_one.php,send_mail.php,client_del.php,change_client_pass.php,update_client_info.php,footer.inc.php	no	no	outbound-linked	unknown	session/header guard; form; print/pdf
admin/adm_brands.php	admin	adm_brands	اصناف البضاعة عدد الاصناف :	adm brands	administrator			city,functin,if,the	adm_brands.php	update,delete		yes	no	header.inc.php,inc_brands.php,adm_brands.php,footer.inc.php	no	no	menu	unknown	session/header guard; form; file handling/ref
admin/adm_country.php	admin	adm_country	:	adm country	administrator			city,country,functin,the	adm_country.php	create,update,delete		no	yes	header.inc.php,adm_country.php,footer.inc.php	yes	no	menu	unknown	session/header guard; form; ajax; print/pdf
admin/adm_reg_branch.php	admin	adm_reg_branch		adm reg branch	administrator		branch	branches,country,functin,if	<?php echo $pagename; ?>	create,update,delete		no	yes	header.inc.php,adm_reg_branch.php,footer.inc.php	yes	no	menu	unknown	session/header guard; form; ajax; print/pdf
admin/adm_suppliers.php	admin	adm_suppliers	الموردون عدد الموردون :	adm suppliers	administrator			city,functin,if,the	adm_suppliers.php	update,delete		no	no	header.inc.php,inc_suppliers.php,adm_suppliers.php,footer.inc.php	no	no	outbound-linked	unknown	session/header guard; form
admin/adm_user_branch.php	admin	adm_user_branch		adm user branch	administrator		branch	branch_users,branches,country,functin,helper,if,password,username	<?php echo $pagename; ?>	create,update,delete,send	4	yes	yes	header.inc.php,adm_user_branch.php,city_grap.php,sendsoundajax.php,tbl_content_footer.php,footer.inc.php,usernamecheck.php	yes	no	menu	unknown	session/header guard; form; ajax; print/pdf; file handling/ref
admin/adm_user_groups.php	admin	adm_user_groups		adm user groups	administrator			country,functin,if,user_groups_permission	<?php echo $pagename; ?>	create,update,delete		no	yes	header.inc.php,adm_user_groups.php,user_groups_permissins.php,footer.inc.php	yes	no	menu	unknown	session/header guard; form; ajax; print/pdf
admin/admission_nationality.php	admin	admission_nationality		admission nationality	administrator			admission_nationality,functin,if	<?php echo $pagename; ?>	create,update,delete		no	yes	header.inc.php,admission_nationality.php,footer.inc.php	yes	no	menu	unknown	session/header guard; form; ajax; print/pdf
admin/admission_rooms.php	admin	admission_rooms		admission rooms	administrator			admission_rooms,admission_status,functin,helper,if	<?php echo $pagename; ?>	create,update,delete,send	1,4	no	yes	header.inc.php,admission_rooms.php,city_grap.php,sendsoundajax.php,footer.inc.php	yes	review	menu	unknown	session/header guard; form; ajax; print/pdf
admin/admission_service_price.php	admin	admission_service_price		admission service price	administrator			admission_service_price,admission_status,functin,helper,if	trainee.php,<?php echo $pagename; ?>	create,update,delete,send	2,4,1	yes	yes	header.inc.php,SimpleXLSX.php,admission_service_price.php,trainee.php,city_grap.php,sendsoundajax.php,footer.inc.php	yes	review	menu	unknown	session/header guard; form; ajax; print/pdf; file handling/ref
admin/admission_status.php	admin	admission_status		admission status	administrator			admission_status,functin,if	<?php echo $pagename; ?>	create,update,delete		no	yes	header.inc.php,admission_status.php,footer.inc.php	yes	no	menu	unknown	session/header guard; form; ajax; print/pdf
admin/advance_request.php	admin	advance_request	طلب سلفة	advance request	administrator		branch	advance_request,advance_request_hr_reply,city,clients,functin,if,jobs_names	<?php echo $pagename; ?>	create,update,delete,approve,send,reply		no	yes	header.inc.php,advance_request.php,footer.inc.php,advance_request_print.php	yes	no	outbound-linked	unknown	session/header guard; form; ajax; print/pdf
admin/advance_request_print.php	admin	advance_request_print		advance request print	administrator		branch	advance_request,advance_request_hr_reply,branches_departments,clients,jobs_names,ra_users,vacancies		update,approve,send,reply	2	no	yes	hr_session.php,config.php,functions.php,validationForm.php,multiLanguage.php,user.php,paginator.class.php,permissions.link.php,common.php,MyQuery.php,clientContract.php,clientVacations.php,Arabic.php,login.php,permissions.class.php,advance_request.php	yes	review	outbound-linked	unknown	ajax; print/pdf
admin/app-calendar.php	admin	app-calendar		app calendar	administrator							no	no	header.inc.php	no	no	outbound-linked	unknown	session/header guard
admin/app-email.php	admin	app-email	Email Application - Frest - Bootstrap HTML admin template	app email	administrator		branch	far,next	#,javascript:void(0);	update,delete,approve,send,reply		yes	yes	hr_session.php,config.php,functions.php,validationForm.php,multiLanguage.php,user.php,paginator.class.php,permissions.link.php,common.php,MyQuery.php,clientContract.php,clientVacations.php,login.php,permissions.class.php,index.php,employees.php,companies_groups.php,adm_reg_branch.php,branches_departments.php,adm_user_branch.php,notice_type.php,users.php,adm_user_groups.php	no	review	outbound-linked	unknown	form; print/pdf; file handling/ref
admin/app-todo.php	admin	app-todo	HH	app todo	administrator		branch			update,delete,approve		yes	yes	hr_session.php,config.php,functions.php,validationForm.php,multiLanguage.php,user.php,paginator.class.php,permissions.link.php,common.php,MyQuery.php,clientContract.php,clientVacations.php,login.php,permissions.class.php,app-email.php,app-todo.php,app-calendar.php,change_pass.php,logout.php,index.php,employees.php,companies_groups.php,adm_reg_branch.php,branches_departments.php,adm_user_branch.php,notice_type.php,users.php,adm_user_groups.php	no	review	outbound-linked	unknown	print/pdf; file handling/ref
admin/approval_status.php	admin	approval_status		approval status	administrator			approval_status,country,functin,if	<?php echo $pagename; ?>	create,update,delete,approve		no	yes	header.inc.php,approval_status.php,footer.inc.php	yes	no	menu	unknown	session/header guard; form; ajax; print/pdf
admin/approvals_service.php	admin	approvals_service		approvals service	administrator			approvals_service,country,functin,if	<?php echo $pagename; ?>	create,update,delete,approve		no	yes	header.inc.php,approvals_service.php,footer.inc.php	yes	no	menu	unknown	session/header guard; form; ajax; print/pdf
admin/approving_bodies.php	admin	approving_bodies		approving bodies	administrator			approving_bodies,country,functin,if	<?php echo $pagename; ?>	create,update,delete,approve		no	yes	header.inc.php,approving_bodies.php,footer.inc.php	yes	no	menu	unknown	session/header guard; form; ajax; print/pdf
admin/articles.php	admin	articles		articles	administrator			ad_attachment,articles,functin,given,here,pages,pages_class,the	./articles.php	create,update,delete,send,reply		yes	yes	header.inc.php,database.php,articles.php,pageClasses.php,photo.php,footer.inc.php	yes	no	outbound-linked	unknown	session/header guard; form; ajax; print/pdf; file handling/ref
admin/birth_notification_id_type.php	admin	birth_notification_id_type		birth notification id type	administrator			birth_notification_id_type,functin,if	<?php echo $pagename; ?>	create,update,delete		no	yes	header.inc.php,birth_notification_id_type.php,footer.inc.php	yes	no	menu	unknown	session/header guard; form; ajax; print/pdf
admin/birth_notification_obstetrics.php	admin	birth_notification_obstetrics		birth notification obstetrics	administrator			birth_notification_obstetrics,functin,if	<?php echo $pagename; ?>	create,update,delete		no	yes	header.inc.php,birth_notification_obstetrics.php,footer.inc.php	yes	no	menu	unknown	session/header guard; form; ajax; print/pdf
admin/booking_period.php	admin	booking_period		booking period	administrator		branch	booking_period,country,functin,if	<?php echo $pagename; ?>	create,update,delete		no	yes	header.inc.php,booking_period.php,footer.inc.php	yes	no	menu	unknown	session/header guard; form; ajax; print/pdf
admin/branches_area.php	admin	branches_area		branches area	administrator		branch	branches,branches_area,functin,helper,if	<?php echo $pagename; ?>	create,update,delete,send	4	no	yes	header.inc.php,branches_area.php,city_grap.php,sendsoundajax.php,footer.inc.php	yes	no	menu	unknown	session/header guard; form; ajax; print/pdf
admin/branches_departments.php	admin	branches_departments		branches departments	administrator		branch	branches,branches_departments,functin,helper,if	<?php echo $pagename; ?>	create,update,delete,send	4	no	yes	header.inc.php,branches_departments.php,city_grap.php,sendsoundajax.php,footer.inc.php	yes	no	menu	unknown	session/header guard; form; ajax; print/pdf
admin/branches_needs.php	admin	branches_needs		branches needs	administrator		branch	branches,branches_needs,functin,helper,if	<?php echo $pagename; ?>	create,update,delete,send	4	no	yes	header.inc.php,branches_needs.php,city_grap.php,sendsoundajax.php,footer.inc.php	yes	no	menu	unknown	session/header guard; form; ajax; print/pdf
admin/branches_service_type.php	admin	branches_service_type		branches service type	administrator		branch	branches,branches_service_type,functin,helper,if	<?php echo $pagename; ?>	create,update,delete,send	4	no	yes	header.inc.php,branches_service_type.php,city_grap.php,sendsoundajax.php,footer.inc.php	yes	no	menu	unknown	session/header guard; form; ajax; print/pdf
admin/centeral_floors.php	admin	centeral_floors		centeral floors	administrator			centeral_floors,functin,if	<?php echo $pagename; ?>	create,update,delete		no	yes	header.inc.php,centeral_floors.php,footer.inc.php	yes	no	outbound-linked	unknown	session/header guard; form; ajax; print/pdf
admin/centeral_sections.php	admin	centeral_sections		centeral sections	administrator			centeral_sections,functin,if	<?php echo $pagename; ?>	create,update,delete		no	yes	header.inc.php,centeral_sections.php,footer.inc.php	yes	no	outbound-linked	unknown	session/header guard; form; ajax; print/pdf
admin/central_duty_time.php	admin	central_duty_time		central duty time	administrator		branch	centeral_floors,centeral_sections,central_duty_time,functin,helper,if	<?php echo $pagename; ?>	create,update,delete,send	4	yes	yes	header.inc.php,SimpleXLSX.php,central_duty_time.php,city_grap.php,sendsoundajax.php,footer.inc.php	yes	no	outbound-linked	unknown	session/header guard; form; ajax; print/pdf; file handling/ref
admin/central_ext_phone.php	admin	central_ext_phone		central ext phone	administrator		branch	centeral_floors,centeral_sections,central_ext_phone,functin,helper,if	<?php echo $pagename; ?>	create,update,delete,send	4	yes	yes	header.inc.php,SimpleXLSX.php,central_ext_phone.php,city_grap.php,sendsoundajax.php,footer.inc.php	yes	no	outbound-linked	unknown	session/header guard; form; ajax; print/pdf; file handling/ref
admin/central_ext_phone_reasons.php	admin	central_ext_phone_reasons		central ext phone reasons	administrator		branch	centeral_floors,centeral_sections,central_ext_phone,functin,helper,if	<?php echo $pagename; ?>	create,update,delete,send	4	yes	yes	header.inc.php,SimpleXLSX.php,central_ext_phone.php,city_grap.php,sendsoundajax.php,footer.inc.php	yes	review	outbound-linked	unknown	session/header guard; form; ajax; print/pdf; file handling/ref
admin/change_client_pass.php	admin	change_client_pass		change client pass	administrator			user_client	change_client_pass.php	update,send		no	no	header.inc.php,index.php,reg_form.php,footer.inc.php,contactus.php,change_client_pass.php	no	no	outbound-linked	unknown	session/header guard; form
admin/change_duty_time.php	admin	change_duty_time		change duty time	administrator		branch	change_duty_time_hr_reply,change_duty_time_request,functin,if,ra_users	<?php echo $pagename; ?>	create,update,delete,send,reply	4	no	yes	header.inc.php,change_duty_time.php,sendsoundajax.php,footer.inc.php	yes	no	menu	unknown	session/header guard; form; ajax; print/pdf
admin/change_my_pass.php	admin	change_my_pass		change my pass	administrator			ra_users	./change_my_pass.php	update		no	no	header.inc.php,change_my_pass.php,footer.inc.php	no	no	outbound-linked	unknown	session/header guard; form
admin/change_my_pass_1.php	admin	change_my_pass_1		change my pass 1	administrator			ra_users	./change_my_pass.php	update		no	no	header.inc.php,users.php,change_my_pass.php,footer.inc.php	no	no	outbound-linked	unknown	session/header guard; form
admin/change_user_pass.php	admin	change_user_pass		change user pass	administrator			ra_users	change_user_pass.php	update		no	no	header.inc.php,users.php,change_user_pass.php,footer.inc.php	no	no	outbound-linked	unknown	session/header guard; form
admin/change_user_pass_1.php	admin	change_user_pass_1		change user pass 1	administrator			ra_users	change_user_pass.php	update		no	no	header.inc.php,users.php,change_user_pass.php,footer.inc.php	no	no	outbound-linked	unknown	session/header guard; form
admin/checkuser.php	admin	checkuser		checkuser	administrator			ra_users,users		update		yes	yes	initialize.php,upload_file.php,login_form.php	no	no	outbound-linked	unknown	session/header guard; print/pdf; file handling/ref
admin/city.php	admin	city		city	administrator			city,country,functin,if	<?php echo $pagename; ?>	create,update,delete		no	yes	header.inc.php,city.php,footer.inc.php	yes	no	menu	unknown	session/header guard; form; ajax; print/pdf
admin/city_grap.php	admin	city_grap		city grap	administrator			city,database				no	no	hr_session.php,config.php,functions.php,validationForm.php,multiLanguage.php,common.php,MyQuery.php	yes	review	outbound-linked	unknown	ajax
admin/client.php	admin	client	العملاء	client	administrator		branch	client_installment,client_paids,goods_exit,user_client	client.php	update		no	yes	header.inc.php,user_client.php,get_email.php,get_name.php,get_mobile.php,client.php,client_invoice_view.php,client_status.php,exit_goods.php,footer.inc.php	no	no	outbound-linked	unknown	session/header guard; form; print/pdf
admin/client_advances.php	admin	client_advances		client advances	administrator			city,client_advances,clients,country,if	<?php echo $pagename; ?>	create,update,delete		no	yes	header.inc.php,client_advances.php,footer.inc.php	yes	no	outbound-linked	unknown	session/header guard; form; ajax; print/pdf
admin/client_deficit.php	admin	client_deficit	(المستحقات المالية) المتاخرات	client deficit	administrator		branch	client_installment,client_paids,goods_exit,user_client		update		no	no	header.inc.php,user_client.php,client.php,client_status.php,exit_goods.php,footer.inc.php	no	no	outbound-linked	unknown	session/header guard
admin/client_del.php	admin	client_del	حذف عميل	client del	administrator			client_computers,client_package_term,client_renewals,client_sub,ra_users,tickets,user_client	<?php echo $pagename; ?>?id=<?php echo (int)$clientId; ?>	delete		no	no	header.inc.php,initialize1.php,client_del.php,client.php,footer.inc.php	no	no	outbound-linked	unknown	session/header guard; form
admin/client_discounts.php	admin	client_discounts		client discounts	administrator			city,client_discounts,clients,country,if	<?php echo $pagename; ?>	create,update,delete		no	yes	header.inc.php,client_discounts.php,footer.inc.php	yes	no	outbound-linked	unknown	session/header guard; form; ajax; print/pdf
admin/client_invoice_view.php	admin	client_invoice_view	فاتورة شراء رقم	client invoice view	administrator		branch	branch_users,branches,client_installment,client_paids,goods_entry_items,user_client		update,delete		no	yes	header.inc.php,footer.inc.php,client_invoice_view.php,paid.php	no	no	outbound-linked	unknown	session/header guard; print/pdf
admin/client_search.php	admin	client_search		client search	administrator							no	no	header.inc.php,get_course_list.php,footer.inc.php	no	no	outbound-linked	unknown	session/header guard
admin/client_status.php	admin	client_status	فاتورة شراء رقم	client status	administrator		branch	branches,client_installment,client_paids,goods_entry_items,user_client		update,delete		no	yes	header.inc.php,footer.inc.php,client_invoice_view.php	no	no	outbound-linked	unknown	session/header guard; print/pdf
admin/clients_balance.php	admin	clients_balance	تحليل ارصدة العملاء	clients balance	administrator		branch	ac_analysis_account,ac_constraints,user_client	clients_balance.php			no	no	header.inc.php,user_client.php,clients_balance.php,ac_daily_constraints.php,footer.inc.php	no	no	outbound-linked	unknown	session/header guard; form
admin/clienttype.php	admin	clienttype		clienttype	administrator			functin,here	clienttype.php	update,delete		no	no	header.inc.php,clienttype.php,photo.php,footer.inc.php	no	no	outbound-linked	unknown	session/header guard; form
admin/clinicians.php	admin	clinicians		clinicians	administrator			clinician_hospitals,clinicians,clinics,companies_groups,country,specialized_clinics	clinicians.php	create,send		yes	yes	header.inc.php,clinicians.php,footer.inc.php	yes	review	outbound-linked	unknown	session/header guard; form; ajax; print/pdf; file handling/ref
admin/clinicians_details.php	admin	clinicians_details		clinicians details	administrator			clinician_hospitals,clinicians,companies_groups,specialized_clinics				no	yes	header.inc.php,clinicians_details.php,clinicians_edit.php,footer.inc.php	yes	no	outbound-linked	unknown	session/header guard; ajax; print/pdf
admin/clinicians_edit.php	admin	clinicians_edit		clinicians edit	administrator			clinician_hospitals,clinicians,clinics,companies_groups,country,specialized_clinics	clinicians_edit.php	create,update,delete,send		yes	yes	header.inc.php,clinicians_edit.php,footer.inc.php,clinicians_details.php	yes	review	outbound-linked	unknown	session/header guard; form; ajax; print/pdf; file handling/ref
admin/clinics.php	admin	clinics		clinics	administrator		branch	clinics,country,functin,if	<?php echo $pagename; ?>	create,update,delete		no	yes	header.inc.php,clinics.php,footer.inc.php	yes	no	outbound-linked	unknown	session/header guard; form; ajax; print/pdf
admin/clinics_support_services.php	admin	clinics_support_services		clinics support services	administrator		branch	clinics_support_services,country,functin,if	<?php echo $pagename; ?>	create,update,delete		no	yes	header.inc.php,clinics_support_services.php,footer.inc.php	yes	no	outbound-linked	unknown	session/header guard; form; ajax; print/pdf
admin/clinics_support_services_details.php	admin	clinics_support_services_details		clinics support services details	administrator		branch	clinics_support_services_details,functin,helper,if,outpatient_clinics	<?php echo $pagename; ?>	create,update,delete,send	4	yes	yes	header.inc.php,SimpleXLSX.php,clinics_support_services_details.php,city_grap.php,sendsoundajax.php,footer.inc.php	yes	no	outbound-linked	unknown	session/header guard; form; ajax; print/pdf; file handling/ref
admin/clinics_support_services_section.php	admin	clinics_support_services_section		clinics support services section	administrator		branch	clinics_support_services_section,country,functin,if	<?php echo $pagename; ?>	create,update,delete		no	yes	header.inc.php,clinics_support_services_section.php,footer.inc.php	yes	no	outbound-linked	unknown	session/header guard; form; ajax; print/pdf
admin/codes_sections.php	admin	codes_sections		codes sections	administrator		branch	codes_sections,country,functin,if	<?php echo $pagename; ?>	create,update,delete		no	yes	header.inc.php,codes_sections.php,footer.inc.php	yes	no	menu	unknown	session/header guard; form; ajax; print/pdf
admin/companies_groups.php	admin	companies_groups		companies groups	administrator		branch	city,functin,if	<?php echo $pagename; ?>	create,update,delete		no	yes	header.inc.php,companies_groups.php,footer.inc.php	yes	no	menu	unknown	session/header guard; form; ajax; print/pdf
admin/complaint_closing_reasons.php	admin	complaint_closing_reasons		complaint closing reasons	administrator			complaint_closing_reasons,country,functin,if	<?php echo $pagename; ?>	create,update,delete		no	yes	header.inc.php,complaint_closing_reasons.php,footer.inc.php	yes	no	menu	unknown	session/header guard; form; ajax; print/pdf
admin/complaint_letter_receiver.php	admin	complaint_letter_receiver		complaint letter receiver	administrator			complaint_letter_receiver,country,functin,if	<?php echo $pagename; ?>	create,update,delete		no	yes	header.inc.php,complaint_letter_receiver.php,footer.inc.php	yes	no	menu	unknown	session/header guard; form; ajax; print/pdf
admin/complaint_request_pdf.php	admin	complaint_request_pdf		complaint request pdf	administrator		branch	bottom,branches_departments,complaints,complaints_reply,html,ra_users,rep12_main_section,rep12_subsection,rep_12_complainant_side		update,reply		yes	yes	hr_session.php,config.php,functions.php,common.php,login.php,index.php,complaints_pdf.php,tcpdf_include.php,tcpdf_config_alt.php,tcpdf.php	yes	review	outbound-linked	unknown	ajax; print/pdf; file handling/ref
admin/complaints.php	admin	complaints		complaints	administrator		branch	branches_departments,complaints,complaints_letter_issuance,complaints_reply,complaints_status,functin,if,rep12_main_section,rep12_subsection,rep_12_complainant_side,sms_archive,transferal	<?php echo $pagename; ?>	create,update,delete,send,reply	0,1,5,6,2,4	yes	yes	header.inc.php,sms_class.php,complaints.php,footer.inc.php,complaints_pdf.php,complaints_view.php,complaint_request_pdf.php,complaints_letter_pdf.php,complaints_letter_input.php,sendsoundajax.php,rep12_sub_section_grap.php	yes	no	menu	unknown	session/header guard; form; ajax; print/pdf; file handling/ref
admin/complaintsBk.php	admin	complaintsBk		complaintsBk	administrator		branch	branches_departments,complaints,functin,if,third_party	<?php echo $pagename; ?>	create,update,delete		no	yes	header.inc.php,complaints.php,footer.inc.php,complaints_pdf.php	yes	no	outbound-linked	unknown	session/header guard; form; ajax; print/pdf
admin/complaints_letter_input.php	admin	complaints_letter_input		complaints letter input	administrator			rep12_main_section				no	no	hr_session.php,config.php,functions.php,validationForm.php	yes	review	outbound-linked	unknown	ajax
admin/complaints_letter_pdf.php	admin	complaints_letter_pdf		complaints letter pdf	administrator		branch	branches_departments,complaint_letter_receiver,complaints,complaints_letter_issuance,html,ra_users,rep12_main_section,rep12_subsection,rep_12_complainant_side		reply		yes	yes	autoload.php,hr_session.php,config.php,functions.php,login.php,index.php,complaints_pdf.php,complaints_letter.php,barcode.php	yes	review	outbound-linked	unknown	ajax; print/pdf; file handling/ref
admin/complaints_letter_pdf1.php	admin	complaints_letter_pdf1		complaints letter pdf1	administrator		branch	branches_departments,complaint_letter_receiver,complaints,complaints_letter_issuance,html,ra_users,rep12_main_section,rep12_subsection,rep_12_complainant_side		reply		no	yes	autoload.php,hr_session.php,config.php,functions.php,login.php,index.php,complaints_pdf.php,complaints_letter.php	yes	review	outbound-linked	unknown	ajax; print/pdf
admin/complaints_pdf.php	admin	complaints_pdf		complaints pdf	administrator		branch	branches_departments,comlaints_employees_emails,companies_groups,complaints,complaints_reply,html,ra_users,rep12_main_section,rep12_subsection,rep_12_complainant_side		update,reply	1	no	yes	autoload.php,hr_session.php,config.php,functions.php,multiLanguage.php,common.php,MyQuery.php,login.php,index.php,complaints_pdf.php,complaintCheck.php,barcode.php	yes	review	outbound-linked	unknown	ajax; print/pdf
admin/complaints_status.php	admin	complaints_status		complaints status	administrator		branch	complaints_status,country,functin,if	<?php echo $pagename; ?>	create,update,delete		no	yes	header.inc.php,complaints_status.php,footer.inc.php	yes	no	menu	unknown	session/header guard; form; ajax; print/pdf
admin/complaints_status_input.php	admin	complaints_status_input		complaints status input	administrator			rep12_main_section		reply		no	yes	hr_session.php,config.php,functions.php,validationForm.php	yes	review	outbound-linked	unknown	ajax; print/pdf
admin/complaints_view.php	admin	complaints_view		complaints view	administrator		branch	branches_departments,complaints,complaints_reply,complaints_status,ra_users,rep12_main_section,rep12_subsection,rep_12_complainant_side		update,reply		no	yes	header.inc.php,index.php,complaints_pdf.php,complaintCheck.php,footer.inc.php	yes	no	outbound-linked	unknown	session/header guard; ajax; print/pdf
admin/corporate_communications_form.php	admin	corporate_communications_form		corporate communications form	administrator		branch	companies_groups,corporate_communications,corporate_communications_receipt_reports,corporate_communications_sectors,corporate_communications_sendertitle,government_circulars_issuing_authority,government_circulars_issuing_authority_classification,government_circulars_receiving_mechanism,government_circulars_sections,government_circulars_sections_administrators,html,ra_users		update,send,reply	2	yes	yes	hr_session.php,autoload.php,config.php,functions.php,multiLanguage.php,common.php,MyQuery.php,OpensslEncryptDecrypt.php,corporate_communications_form.php,index.php,corporate_communications_form_reply.php,barcode.php	yes	no	outbound-linked	unknown	session/header guard; ajax; print/pdf; file handling/ref
admin/course_trainee.php	admin	course_trainee		course trainee	administrator		branch	certificate_upload,courses,open_course_attachments,open_courses,trainee,trainee_attendance,trainee_certificates,trainee_courses	course_trainee.php,course_trainee.php?pid=<?php echo $course_code;?>,course_trainee.php?pid=<?php echo $pi;?>	create,delete,approve,send	4	yes	yes	header.inc.php,course_trainee.php,footer.inc.php,rep_course_info_print.php,rep_course_account.php,rep_course_account_sms.php,rep_course_account_email.php,questionnaire_add_to_course.php,questionnaire_print.php,questionnaire_online.php,questionnaire_result.php,questionnaire_result_add.php,course_trainee_attendance.php,coaches_agreements.php,coach_statement.php,coaches.php,stud_attend_m30_uncheck.php,sendsoundajax.php,stud_attend_m30_check.php,card.php,certificate.php,opened_courses.php	yes	no	outbound-linked	unknown	session/header guard; form; ajax; print/pdf; file handling/ref
admin/currencies.php	admin	currencies		currencies	administrator			country,functin,if,user_groups_permission	<?php echo $pagename; ?>	create,update,delete		no	yes	header.inc.php,currencies.php,footer.inc.php	yes	review	outbound-linked	unknown	session/header guard; form; ajax; print/pdf
admin/death_reason.php	admin	death_reason		death reason	administrator			country,death_reason,functin,if	<?php echo $pagename; ?>	create,update,delete		no	yes	header.inc.php,death_reason.php,footer.inc.php	yes	no	menu	unknown	session/header guard; form; ajax; print/pdf
admin/delay_leave_type.php	admin	delay_leave_type		delay leave type	administrator			city,functin,if	<?php echo $pagename; ?>	create,update,delete		no	yes	header.inc.php,delay_leave_type.php,footer.inc.php	yes	no	outbound-linked	unknown	session/header guard; form; ajax; print/pdf
admin/delete_file.php	admin	delete_file		delete file	administrator			ra_upload		delete		yes	yes	header.inc.php,upload_file.php	no	no	outbound-linked	unknown	session/header guard; print/pdf; file handling/ref
admin/direct_code.php	admin	direct_code		direct code	administrator			direct_code,insurance_companies,specialized_clinics	direct_code.php	create,send		no	yes	header.inc.php,direct_code.php,footer.inc.php	yes	review	outbound-linked	unknown	session/header guard; form; ajax; print/pdf
admin/duty_time.php	admin	duty_time	الدوامات	duty time	administrator		branch	branches,country,duty_time,helper,if	<?php echo $pagename; ?>	create,update,delete,send	4	no	yes	header.inc.php,duty_time.php,city_grap.php,sendsoundajax.php,footer.inc.php	yes	no	outbound-linked	unknown	session/header guard; form; ajax; print/pdf
admin/ehala_case_apology_type.php	admin	ehala_case_apology_type		ehala case apology type	administrator		branch	country,functin,if	<?php echo $pagename; ?>	create,update,delete		no	yes	header.inc.php,ehala_case_apology_type.php,footer.inc.php	yes	no	menu	unknown	session/header guard; form; ajax; print/pdf
admin/ehala_non_approval_reason.php	admin	ehala_non_approval_reason		ehala non approval reason	administrator			country,functin,if,rep1_ehala_non_approval_reason	<?php echo $pagename; ?>	create,update,delete,approve		no	yes	header.inc.php,ehala_non_approval_reason.php,footer.inc.php	yes	no	menu	unknown	session/header guard; form; ajax; print/pdf
admin/emergency_calls_codes.php	admin	emergency_calls_codes		emergency calls codes	administrator			country,emergency_calls_codes,functin,if	<?php echo $pagename; ?>	create,update,delete		no	yes	header.inc.php,emergency_calls_codes.php,footer.inc.php	yes	no	outbound-linked	unknown	session/header guard; form; ajax; print/pdf
admin/emergency_calls_codes_reasons.php	admin	emergency_calls_codes_reasons		emergency calls codes reasons	administrator			emergency_calls_codes,emergency_calls_codes_reasons,functin,helper,if	<?php echo $pagename; ?>	create,update,delete,send	4	no	yes	header.inc.php,emergency_calls_codes_reasons.php,city_grap.php,sendsoundajax.php,footer.inc.php	yes	no	outbound-linked	unknown	session/header guard; form; ajax; print/pdf
admin/emergency_calls_codes_responsibles.php	admin	emergency_calls_codes_responsibles		emergency calls codes responsibles	administrator			emergency_calls_codes,emergency_calls_codes_responsibles,functin,helper,if	<?php echo $pagename; ?>	create,update,delete,send	4	no	yes	header.inc.php,emergency_calls_codes_responsibles.php,city_grap.php,sendsoundajax.php,footer.inc.php	yes	no	outbound-linked	unknown	session/header guard; form; ajax; print/pdf
admin/emp_evaluation.php	admin	emp_evaluation		emp evaluation	administrator			emp_evaluation,ra_users	emp_evaluation.php?id=<?php echo $id;?>	create,send		no	yes	header.inc.php,user.php,emp_evaluation.php,footer.inc.php	yes	no	outbound-linked	unknown	session/header guard; form; ajax; print/pdf
admin/emp_fingerprint_rep.php	admin	emp_fingerprint_rep	تقرير البصمة	emp fingerprint rep	administrator		branch	branches,clients				no	yes	header.inc.php,fingerprint_report.php,footer.inc.php	yes	no	outbound-linked	unknown	session/header guard; ajax; print/pdf
admin/emp_fingerprint_rep1.php	admin	emp_fingerprint_rep1	تقرير البصمة	emp fingerprint rep1	administrator		branch	branches,checkinout,clients,duty_time				no	yes	header.inc.php,emp_fingerprint_rep1.php,fingerprint_report.php,footer.inc.php	yes	no	outbound-linked	unknown	session/header guard; ajax; print/pdf
admin/emp_fingerprint_rep1_bk.php	admin	emp_fingerprint_rep1_bk	تقرير البصمة	emp fingerprint rep1 bk	administrator		branch	branches,checkinout,clients,duty_time				no	yes	header.inc.php,emp_fingerprint_rep1.php,fingerprint_report.php,footer.inc.php	yes	no	outbound-linked	unknown	session/header guard; ajax; print/pdf
admin/employee_mandate.php	admin	employee_mandate	إنتداب الموظف	employee mandate	administrator		branch	clients,country,employee_mandate,helper	<?php echo $pagename; ?>	create,delete,approve		no	yes	header.inc.php,employee_mandate.php,footer.inc.php,city_grap.php	yes	no	outbound-linked	unknown	session/header guard; form; ajax; print/pdf
admin/employee_print.php	admin	employee_print	الموظفون	employee print	administrator		company,branch	branches,clients,country,functin,if,rent_cars_rental		update,delete		no	yes	header.inc.php,employee_print.php,employee_view.php,footer.inc.php	yes	no	outbound-linked	unknown	session/header guard; ajax; print/pdf
admin/employee_view.php	admin	employee_view	الموظفون	employee view	administrator		company,branch	branches,clients,country,fingerprint,functin,if,rent_cars_rental	<?php echo $pagename; ?>	update,delete		no	yes	header.inc.php,employee_view.php,employee_print.php,footer.inc.php	yes	no	outbound-linked	unknown	session/header guard; form; ajax; print/pdf
admin/employees.php	admin	employees		employees	administrator		branch	branches,country,employees,functin,helper,if,password,username	<?php echo $pagename; ?>	create,update,delete,send	4	yes	yes	header.inc.php,employees.php,city_grap.php,sendsoundajax.php,tbl_content_footer.php,footer.inc.php,empusernamecheck.php	yes	no	outbound-linked	unknown	session/header guard; form; ajax; print/pdf; file handling/ref
admin/empusernamecheck.php	admin	empusernamecheck		empusernamecheck	administrator			employees				no	no	config.php	no	review	outbound-linked	unknown	
admin/executive_title.php	admin	executive_title		executive title	administrator		company,branch	branches_departments,certificate_upload,executive_title,executive_title_actions,executive_title_approval_status,executive_title_attachments,executive_title_manager_action,executive_title_payment_type,executive_title_statement_request,executive_title_status,executive_title_suspend_case_request,functin,if,ra_users	<?php echo $pagename; ?>,<?php echo 	create,update,delete,approve,reject,send,reply	0,1,4,5,6,7,9,14,2	yes	yes	header.inc.php,executive_title.php,footer.inc.php,lawsuit_approval_reason.php,sendsoundajax.php,executive_title_status_details.php,executive_title_pdf.php,executive_title_timeline.php,executive_title_grap.php,rep12_main_section_grap.php,inquired_section_grap.php	yes	no	outbound-linked	unknown	session/header guard; form; ajax; print/pdf; file handling/ref
admin/fingerprint_report.php	admin	fingerprint_report		fingerprint report	administrator		branch	branches,clients,country	fingerprint_report.php			no	yes	header.inc.php,fingerprint_report.php,footer.inc.php,emp_fingerprint_rep.php,emp_fingerprint_rep1.php	yes	no	outbound-linked	unknown	session/header guard; form; ajax; print/pdf
admin/first_duty.php	admin	first_duty		first duty	administrator							no	yes		no	review	unresolved	unknown	print/pdf
admin/floors.php	admin	floors		floors	administrator			floors,functin,if	<?php echo $pagename; ?>	create,update,delete		no	yes	header.inc.php,floors.php,footer.inc.php	yes	no	outbound-linked	unknown	session/header guard; form; ajax; print/pdf
admin/floors_details.php	admin	floors_details		floors details	administrator			floors,floors_details,insurance_companies				no	yes	header.inc.php,footer.inc.php	yes	no	outbound-linked	unknown	session/header guard; ajax; print/pdf
admin/floors_sections.php	admin	floors_sections		floors sections	administrator			floors				no	yes	header.inc.php,floors_details.php,footer.inc.php	yes	no	outbound-linked	unknown	session/header guard; ajax; print/pdf
admin/floors_services_details.php	admin	floors_services_details		floors services details	administrator		branch	floors,floors_details,functin,helper,if	<?php echo $pagename; ?>	create,update,delete,send	4	yes	yes	header.inc.php,SimpleXLSX.php,floors_services_details.php,city_grap.php,sendsoundajax.php,footer.inc.php	yes	no	outbound-linked	unknown	session/header guard; form; ajax; print/pdf; file handling/ref
admin/footer.inc.php	admin	footer.inc		footer.inc	administrator							no	yes		no	review	unresolved	unknown	print/pdf
admin/footer.incBk.php	admin	footer.incBk		footer.incBk	administrator							yes	yes		no	review	unresolved	unknown	print/pdf; file handling/ref
admin/gender.php	admin	gender		gender	administrator		branch	country,functin,if	<?php echo $pagename; ?>	create,update,delete		no	yes	header.inc.php,gender.php,footer.inc.php	yes	no	menu	unknown	session/header guard; form; ajax; print/pdf
admin/get_invoice_num.php	admin	get_invoice_num		get invoice num	administrator			invoice				no	no	config.php	no	review	outbound-linked	unknown	
admin/get_mobile.php	admin	get_mobile		get mobile	administrator			user_client				no	no	config.php	no	review	outbound-linked	unknown	
admin/get_name.php	admin	get_name		get name	administrator			user_client				no	no	config.php	no	review	outbound-linked	unknown	
admin/get_title.php	admin	get_title		get title	administrator			ra_content				no	no	config.php	no	review	outbound-linked	unknown	
admin/governmental_services_type.php	admin	governmental_services_type		governmental services type	administrator			functin,governmental_services_platforms,governmental_services_type,helper,if	<?php echo $pagename; ?>	create,update,delete,send	4	no	yes	header.inc.php,governmental_services_type.php,city_grap.php,sendsoundajax.php,footer.inc.php	yes	no	menu	unknown	session/header guard; form; ajax; print/pdf
admin/header.inc.php	admin	header.inc	HH	header.inc	administrator			companies_groups,print		update,delete,approve		yes	yes	hr_session.php,config.php,functions.php,validationForm.php,multiLanguage.php,user.php,paginator.class.php,permissions.link.php,common.php,MyQuery.php,clientContract.php,clientVacations.php,login.php,logout.php,permissions.class.php,app-email.php,app-todo.php,app-calendar.php,change_my_pass.php,main_menu.php	yes	review	outbound-linked	unknown	ajax; print/pdf; file handling/ref
admin/header_print.php	admin	header_print		header print	administrator							no	yes		no	review	unresolved	unknown	print/pdf
admin/holydays_type.php	admin	holydays_type		holydays type	administrator		branch	city,functin,if	<?php echo $pagename; ?>	create,update,delete		no	yes	header.inc.php,holydays_type.php,footer.inc.php	yes	no	outbound-linked	unknown	session/header guard; form; ajax; print/pdf
admin/hospitalization_packages.php	admin	hospitalization_packages		hospitalization packages	administrator			hospitalization_packages,insurance_companies,specialized_clinics	hospitalization_packages.php	create,send		yes	yes	header.inc.php,hospitalization_packages.php,footer.inc.php	yes	review	outbound-linked	unknown	session/header guard; form; ajax; print/pdf; file handling/ref
admin/inbox-detail.php	admin	inbox-detail		inbox detail	administrator		branch	branch_users,branches,mail_attachment,mail_folder,mail_message,ra_users	<?php echo $pageName; ?>?id=<?php echo $rowDetail[	create,update,delete,send,reply		yes	yes	header.inc.php,inbox-detail.php,inbox.php,footer.inc.php,mail_sent.php,index.php,mail_menu.php	no	no	outbound-linked	unknown	session/header guard; form; print/pdf; file handling/ref
admin/incident_report_form.php	admin	incident_report_form		incident report form	administrator			functin,if,outpatient_clinics	<?php echo $pagename; ?>	create,update,delete		no	yes	header.inc.php,outpatient_clinics.php,footer.inc.php	yes	no	outbound-linked	unknown	session/header guard; form; ajax; print/pdf
admin/incident_report_form_doctors.php	admin	incident_report_form_doctors		incident report form doctors	administrator			functin,if,incident_report_form_doctors	<?php echo $pagename; ?>	create,update,delete		no	no	header.inc.php,incident_report_form_doctors.php,footer.inc.php	yes	no	menu	unknown	session/header guard; form; ajax
admin/index.php	admin	index		index	administrator		branch	branches,employees_attendance,report_1		approve		no	yes	header.inc.php,index.php,footer.inc.php	yes	no	menu	unknown	session/header guard; ajax; print/pdf
admin/inquiries.php	admin	inquiries		inquiries	administrator		branch	branches,functin,helper,if,inquiries	<?php echo $pagename; ?>	create,update,delete,send	4	no	yes	header.inc.php,inquiries.php,city_grap.php,sendsoundajax.php,footer.inc.php	yes	no	menu	unknown	session/header guard; form; ajax; print/pdf
admin/inquiries_and_services.php	admin	inquiries_and_services		inquiries and services	administrator		branch	branches,branches_departments,functin,helper,if,inquiries_and_services,inquiries_and_services_reply,inquiries_and_services_status,rep12_main_section,rep_12_complainant_side	<?php echo $pagename;?>,<?php echo $pagename; ?>	create,update,delete,send,reply	0,1,4	yes	yes	header.inc.php,inquiries_and_services.php,footer.inc.php,sendsoundajax.php,rep12_subsection_grap.php	yes	no	outbound-linked	unknown	session/header guard; form; ajax; print/pdf; file handling/ref
admin/inquiries_and_services_receiver.php	admin	inquiries_and_services_receiver		inquiries and services receiver	administrator		branch	branches,branches_departments,functin,helper,if,inquiries_and_services,inquiries_and_services_reply,inquiries_and_services_status,rep12_main_section	<?php echo $pagename;?>,<?php echo $pagename; ?>	create,update,delete,send,reply	0,1,4	yes	yes	header.inc.php,inquiries_and_services_receiver.php,footer.inc.php,sendsoundajax.php,inquiries_and_services_timeline.php,rep12_subsection_grap.php	yes	no	outbound-linked	unknown	session/header guard; form; ajax; print/pdf; file handling/ref
admin/insurance_companies.php	admin	insurance_companies		insurance companies	administrator		branch	country,functin,if,insurance_companies	<?php echo $pagename; ?>	create,update,delete		no	yes	header.inc.php,insurance_companies.php,footer.inc.php	yes	no	menu	unknown	session/header guard; form; ajax; print/pdf
admin/issue_type.php	admin	issue_type		issue type	administrator			here,issue_type,issues	issue_type.php	create,update,delete		no	no	header.inc.php,issue_type.php,photo.php,footer.inc.php	no	no	outbound-linked	unknown	session/header guard; form
admin/issues.php	admin	issues		issues	administrator			here,issue_type,products	issues.php	create,update,delete		no	no	header.inc.php,issues.php,photo.php,footer.inc.php	no	no	outbound-linked	unknown	session/header guard; form
admin/job_titles.php	admin	job_titles		job titles	administrator		branch	branches,functin,helper,if,job_titles,training_declarations	<?php echo $pagename; ?>	create,update,delete,send	4	no	yes	header.inc.php,job_titles.php,city_grap.php,sendsoundajax.php,footer.inc.php	yes	no	menu	unknown	session/header guard; form; ajax; print/pdf
admin/jobs_names.php	admin	jobs_names		jobs names	administrator		branch	city,functin,if	<?php echo $pagename; ?>	create,update,delete		no	yes	header.inc.php,jobs_names.php,footer.inc.php	yes	no	outbound-linked	unknown	session/header guard; form; ajax; print/pdf
admin/laboratory_packages.php	admin	laboratory_packages		laboratory packages	administrator			insurance_companies,laboratory_packages,specialized_clinics	laboratory_packages.php	create,send		yes	yes	header.inc.php,laboratory_packages.php,footer.inc.php	yes	review	outbound-linked	unknown	session/header guard; form; ajax; print/pdf; file handling/ref
admin/lawsuit.php	admin	lawsuit	Al Hammadi Hospitals Group	lawsuit	administrator		branch	branches_departments,certificate_upload,department_sender_email,functin,if,lawsuit,lawsuit_actions,lawsuit_approval_status,lawsuit_attachments,lawsuit_manager_action,lawsuit_payment_type,lawsuit_status,lawsuit_users_mobile	<?php echo $pagename; ?>,<?php echo 	create,update,delete,approve,reject,send	0,1,4	yes	yes	header.inc.php,sms_class.php,OpensslEncryptDecrypt.php,PHPMailer.php,SMTP.php,Exception.php,lawsuit.php,footer.inc.php,gmf.php,SL.php,lawsuit_approval_reason.php,sendsoundajax.php,lawsuit_timeline.php,lawsuit_pdf.php,lawsuit_grap.php,rep12_main_section_grap.php,inquired_section_grap.php	yes	no	menu	unknown	session/header guard; form; ajax; print/pdf; file handling/ref
admin/lawsuit_approval_reason.php	admin	lawsuit_approval_reason		lawsuit approval reason	administrator					approve		no	no		no	review	unresolved	unknown	
admin/lawsuit_forms.php	admin	lawsuit_forms		lawsuit forms	administrator			country_yakeen,lawsuit_admission_location,lawsuit_rejected_reason,lawsuit_request_status		reject	1	no	no	hr_session.php,config.php	yes	review	outbound-linked	unknown	ajax
admin/lawsuit_pdf.php	admin	lawsuit_pdf		lawsuit pdf	administrator			companies_groups,country_yakeen,html,lawsuit,lawsuit_admission_location,lawsuit_payment_type,lawsuit_rejected_reason,lawsuit_request_status,ra_users		reject,reply		yes	yes	autoload.php,hr_session.php,config.php,functions.php,multiLanguage.php,common.php,MyQuery.php,index.php,medicalReport_pdf.php	yes	review	outbound-linked	unknown	ajax; print/pdf; file handling/ref
admin/lawsuit_status_details.php	admin	lawsuit_status_details		lawsuit status details	administrator					approve		no	no		no	review	unresolved	unknown	
admin/lawsuit_timeline.php	admin	lawsuit_timeline		lawsuit timeline	administrator		branch	branches,lawsuit,lawsuit_actions,lawsuit_status,ra_users		reply		no	no	header.inc.php,footer.inc.php	yes	no	outbound-linked	unknown	session/header guard; ajax
admin/logout.php	admin	logout		logout	administrator							no	no	functions.php,login.php	no	no	menu	unknown	session/header guard
admin/mail_folder.php	admin	mail_folder		mail folder	administrator		branch	branch_users,mail_attachment,mail_folder,mail_message,ra_users	<?php echo $pageneame;?>	create,update,delete,send		yes	no	header.inc.php,mail_inbox.php,mail_folder.php,index.php,mail_menu.php,inbox-detail.php,footer.inc.php	no	no	menu	unknown	session/header guard; form; file handling/ref
admin/mail_header.php	admin	mail_header		mail header	administrator		branch	branch_users,mail_folder,mail_message,ra_users		delete,send		yes	no	mail_inbox.php,mail_sent.php,mail_star.php,mail_important.php,mail_trash.php,folder.php	no	no	outbound-linked	unknown	session/header guard; file handling/ref
admin/mail_important.php	admin	mail_important		mail important	administrator		branch	branch_users,mail_attachment,mail_folder,mail_message,ra_users	<?php echo $pageneame;?>	create,update,delete,send		yes	no	header.inc.php,mail_important.php,index.php,mail_menu.php,inbox-detail.php,footer.inc.php	no	no	menu	unknown	session/header guard; form; file handling/ref
admin/mail_inbox.php	admin	mail_inbox		mail inbox	administrator		branch	branch_users,mail_attachment,mail_folder,mail_message,ra_users	<?php echo $pageneame;?>	create,update,delete,send		yes	no	header.inc.php,mail_inbox.php,index.php,mail_menu.php,inbox-detail.php,footer.inc.php	no	no	menu	unknown	session/header guard; form; file handling/ref
admin/mail_list_submit.php	admin	mail_list_submit		mail list submit	administrator			mail_list	mail_list_submit.php	create		no	no	header.inc.php,validationForm.php,mail_list_submit.php,footer.inc.php	no	no	outbound-linked	unknown	session/header guard; form
admin/mail_list_submit_1.php	admin	mail_list_submit_1		mail list submit 1	administrator			mail_list	mail_list_submit.php	create		no	no	header.inc.php,config.php,database.php,validationForm.php,mail_list_submit_1.php,footer.inc.php,mail_list_submit.php	no	no	outbound-linked	unknown	session/header guard; form
admin/mail_menu.php	admin	mail_menu		mail menu	administrator		branch	branch_users,mail_folder,mail_message,ra_users		delete,send		yes	no	mail_inbox.php,mail_sent.php,mail_star.php,mail_important.php,mail_trash.php,mail_folder.php	no	no	outbound-linked	unknown	session/header guard; file handling/ref
admin/mail_sent.php	admin	mail_sent		mail sent	administrator		branch	branch_users,mail_attachment,mail_folder,mail_message,ra_users	<?php echo $pageneame;?>	create,update,delete,send		yes	yes	header.inc.php,mail_sent.php,footer.inc.php,index.php,mail_menu.php,inbox-detail.php	no	no	menu	unknown	session/header guard; form; print/pdf; file handling/ref
admin/mail_star.php	admin	mail_star		mail star	administrator		branch	branch_users,mail_attachment,mail_folder,mail_message,ra_users	<?php echo $pageneame;?>	create,update,delete,send		yes	no	header.inc.php,mail_star.php,mail_sent.php,index.php,mail_menu.php,inbox-detail.php,footer.inc.php	no	no	menu	unknown	session/header guard; form; file handling/ref
admin/mail_trash.php	admin	mail_trash		mail trash	administrator		branch	branch_users,mail_attachment,mail_folder,mail_message,ra_users	<?php echo $pageneame;?>	create,update,delete,send		yes	no	header.inc.php,mail_trash.php,index.php,mail_menu.php,inbox-detail.php,footer.inc.php	no	no	menu	unknown	session/header guard; form; file handling/ref
admin/mailtmplate.php	admin	mailtmplate		mailtmplate	administrator							no	no		no	review	unresolved	unknown	
admin/mailtmplate_1.php	admin	mailtmplate_1		mailtmplate 1	administrator							no	no		no	review	unresolved	unknown	
admin/main_menu.php	admin	main_menu		main menu	administrator		branch			approve		no	no	index.php,lawsuit.php,technical_failure_notice.php,complaints.php,complaint_closing_reasons.php,complaint_letter_receiver.php,new_post.php,post_type.php,medical_terminology.php,services_codes.php,rep9_section.php,rep9_notice.php,rep9_actions.php,admission_service_price.php,admission_nationality.php,admission_status.php,admission_rooms.php,birth_notification_id_type.php,birth_notification_obstetrics.php,incident_report_form_doctors.php,rep_1.php,rep_2.php,rep_3.php,rep_4.php,rep_5.php,rep_6.php,rep_7.php,rep_8.php,rep_9.php,rep_10.php	no	review	outbound-linked	unknown	
admin/maintenance_departments.php	admin	maintenance_departments		maintenance departments	administrator		branch	country,functin,if	<?php echo $pagename; ?>	create,update,delete		no	yes	header.inc.php,maintenance_departments.php,footer.inc.php	yes	no	menu	unknown	session/header guard; form; ajax; print/pdf
admin/maintenance_type.php	admin	maintenance_type		maintenance type	administrator			functin,helper,if,maintenance_departments,maintenance_type	<?php echo $pagename; ?>	create,update,delete,send	4	no	yes	header.inc.php,maintenance_type.php,city_grap.php,sendsoundajax.php,footer.inc.php	yes	no	menu	unknown	session/header guard; form; ajax; print/pdf
admin/maintenance_type_grap.php	admin	maintenance_type_grap		maintenance type grap	administrator			database,maintenance_type				no	no	hr_session.php,config.php,functions.php,validationForm.php,multiLanguage.php,user.php,paginator.class.php,permissions.link.php,common.php,MyQuery.php	yes	review	outbound-linked	unknown	ajax
admin/medical_cases.php	admin	medical_cases		medical cases	administrator		branch	alhammadi_companies,branches,branches_departments,date,department_sender_email,functin,if,medical_cases,medical_cases_actions,medical_cases_attachments,medical_cases_payment_type,medical_cases_reconciliation_installment,medical_cases_required_documents_attachments,medical_cases_statement_request,medical_cases_status,medical_cases_suspend_case_request,medical_cases_suspend_case_request_status,ra_users,sms_sender_name	<?php echo $pagename; ?>,<?php echo 	create,update,delete,reject,send,reply	0,1,4,16,9,14,5,6,7	yes	yes	header.inc.php,sms_class.php,OpensslEncryptDecrypt.php,PHPMailer.php,SMTP.php,Exception.php,medical_cases.php,lawsuit_sessions_schedule.php,medical_casesCheck.php,medical_cases_reply_form.php,footer.inc.php,medical_cases_reconciliation_pdf.php,medical_cases_status_details.php,sendsoundajax.php,medical_cases_pdf.php,medical_cases_timeline.php,medical_cases_suspend_case_request_pdf.php,medical_cases_request_waiver_case.php,medical_casesCheckٍReply.php,medical_cases_session_pdf.php,medical_cases_grap.php,rep12_main_section_grap.php,inquired_section_grap.php	yes	no	outbound-linked	unknown	session/header guard; form; ajax; print/pdf; file handling/ref
admin/medical_terminology.php	admin	medical_terminology		medical terminology	administrator			functin,if,medical_terminology	<?php echo $pagename; ?>	create,update,delete		no	yes	header.inc.php,medical_terminology.php,footer.inc.php	yes	no	menu	unknown	session/header guard; form; ajax; print/pdf
admin/model_type_grap.php	admin	model_type_grap		model type grap	administrator		company	database,rent_car_company_type				no	no	config.php	yes	review	outbound-linked	unknown	ajax
admin/natural_therapy_packages.php	admin	natural_therapy_packages		natural therapy packages	administrator			insurance_companies,natural_therapy_packages,specialized_clinics	natural_therapy_packages.php	create,send		yes	yes	header.inc.php,natural_therapy_packages.php,footer.inc.php	yes	review	outbound-linked	unknown	session/header guard; form; ajax; print/pdf; file handling/ref
admin/new_post.php	admin	new_post		new post	administrator		branch	branches,new_post,post_type	new_post.php	create,send		yes	yes	header.inc.php,new_post.php,footer.inc.php	yes	no	menu	unknown	session/header guard; form; ajax; print/pdf; file handling/ref
admin/notice_type.php	admin	notice_type		notice type	administrator		branch	branches,functin,helper,if,notice_type	<?php echo $pagename; ?>	create,update,delete,send	4	no	yes	header.inc.php,notice_type.php,city_grap.php,sendsoundajax.php,footer.inc.php	yes	no	menu	unknown	session/header guard; form; ajax; print/pdf
admin/onlinetody.php	admin	onlinetody		onlinetody	administrator			ra_users				no	no	header.inc.php,footer.inc.php	no	no	menu	unknown	session/header guard
admin/order_status.php	admin	order_status		order status	administrator		branch	city,functin,if	<?php echo $pagename; ?>	create,update,delete		no	yes	header.inc.php,order_status.php,footer.inc.php	yes	no	outbound-linked	unknown	session/header guard; form; ajax; print/pdf
admin/outpatient_clinics.php	admin	outpatient_clinics		outpatient clinics	administrator			functin,if,outpatient_clinics	<?php echo $pagename; ?>	create,update,delete		no	yes	header.inc.php,outpatient_clinics.php,footer.inc.php	yes	no	outbound-linked	unknown	session/header guard; form; ajax; print/pdf
admin/outpatient_clinics_details.php	admin	outpatient_clinics_details		outpatient clinics details	administrator		branch	centeral_floors,centeral_sections,functin,helper,if,outpatient_clinics_details	<?php echo $pagename; ?>	create,update,delete,send	4	yes	yes	header.inc.php,SimpleXLSX.php,outpatient_clinics_details.php,city_grap.php,sendsoundajax.php,footer.inc.php	yes	no	outbound-linked	unknown	session/header guard; form; ajax; print/pdf; file handling/ref
admin/outpatient_clinics_doctors.php	admin	outpatient_clinics_doctors		outpatient clinics doctors	administrator		branch	centeral_sections,functin,helper,if,outpatient_clinics,outpatient_clinics_details,outpatient_clinics_sections	<?php echo $pagename; ?>	create,update,delete,send	4	yes	yes	header.inc.php,SimpleXLSX.php,outpatient_clinics_doctors.php,city_grap.php,sendsoundajax.php,footer.inc.php	yes	no	outbound-linked	unknown	session/header guard; form; ajax; print/pdf; file handling/ref
admin/outpatient_clinics_duty_time.php	admin	outpatient_clinics_duty_time		outpatient clinics duty time	administrator		branch	centeral_floors,centeral_sections,functin,helper,if,outpatient_clinics,outpatient_clinics_duty_time	<?php echo $pagename; ?>	create,update,delete,send	4	yes	yes	header.inc.php,SimpleXLSX.php,outpatient_clinics_duty_time.php,city_grap.php,sendsoundajax.php,footer.inc.php	yes	no	outbound-linked	unknown	session/header guard; form; ajax; print/pdf; file handling/ref
admin/outpatient_clinics_sections.php	admin	outpatient_clinics_sections		outpatient clinics sections	administrator			functin,helper,if,outpatient_clinics,outpatient_clinics_sections	<?php echo $pagename; ?>	create,update,delete,send	4	no	yes	header.inc.php,outpatient_clinics_sections.php,city_grap.php,sendsoundajax.php,footer.inc.php	yes	no	outbound-linked	unknown	session/header guard; form; ajax; print/pdf
admin/outpatient_clinics_sections_edit.php	admin	outpatient_clinics_sections_edit		outpatient clinics sections edit	administrator			functin,if,outpatient_clinics_sections	<?php echo $pagename; ?>	create,update,delete		no	yes	header.inc.php,outpatient_clinics_sections.php,footer.inc.php	yes	no	outbound-linked	unknown	session/header guard; form; ajax; print/pdf
admin/package.php	admin	package		package	administrator			functin,here,package_type	package.php	update,delete		no	no	header.inc.php,package.php,photo.php,footer.inc.php	no	no	outbound-linked	unknown	session/header guard; form
admin/packages_details.php	admin	packages_details		packages details	administrator			codes_sections,insurance_companies,laboratory_packages,natural_therapy_packages,pharmacy_packages,rays_packages,specialized_clinics,surgeries_packages				no	yes	header.inc.php,insurance_companies.php,codes_section.php,footer.inc.php	yes	no	outbound-linked	unknown	session/header guard; ajax; print/pdf
admin/pages.php	admin	pages		pages	administrator			articles,functin,here	pages.php	update,delete		yes	no	header.inc.php,pages.php,photo.php,footer.inc.php	no	no	outbound-linked	unknown	session/header guard; form; file handling/ref
admin/pass_meter.php	admin	pass_meter		pass meter	administrator					create,update		no	no	header.inc.php,footer.inc.php	no	no	outbound-linked	unknown	session/header guard
admin/payroll.php	admin	payroll	كشف الرواتب	payroll	administrator		company,branch	branches,clients,clients_payroll,rent_cars_rental	payroll.php	delete		no	yes	header.inc.php,payroll_setting.php,payroll.php,footer.inc.php	yes	no	outbound-linked	unknown	session/header guard; form; ajax; print/pdf
admin/payroll_setting.php	admin	payroll_setting	اعدا كشف الرواتب	payroll setting	administrator		company,branch	branches,client_advances,client_discounts,clients,rent_car_report_migration,rent_cars_rental	payroll_setting.php,payroll_setting_add.php	update,delete	1	no	yes	header.inc.php,payroll_setting.php,footer.inc.php,payroll_setting_add.php,rent_cars_operation_update.php	yes	no	outbound-linked	unknown	session/header guard; form; ajax; print/pdf
admin/payroll_setting_add.php	admin	payroll_setting_add		payroll setting add	administrator		company,branch	clients_payroll,rent_cars_clients		create		no	no	header.inc.php,payroll_setting.php,footer.inc.php	no	no	outbound-linked	unknown	session/header guard
admin/permission_request.php	admin	permission_request		permission request	administrator		branch	city,functin,if,permission_request	<?php echo $pagename; ?>	create,update,delete,approve,send,reply	4,2	no	yes	header.inc.php,permission_request.php,sendsoundajax.php,permission_pdf.php,footer.inc.php	yes	no	outbound-linked	unknown	session/header guard; form; ajax; print/pdf
admin/permissions.php	admin	permissions		permissions	administrator		branch	functin,if,permission_hr_reply,permission_request,ra_users	<?php echo $pagename; ?>	create,update,delete,approve,send,reply	4	no	yes	header.inc.php,permissions.php,sendsoundajax.php,footer.inc.php	yes	no	menu	unknown	session/header guard; form; ajax; print/pdf
admin/pharmacy_packages.php	admin	pharmacy_packages		pharmacy packages	administrator			insurance_companies,pharmacy_packages,specialized_clinics	pharmacy_packages.php	create,send		yes	yes	header.inc.php,pharmacy_packages.php,footer.inc.php	yes	no	outbound-linked	unknown	session/header guard; form; ajax; print/pdf; file handling/ref
admin/post_type.php	admin	post_type		post type	administrator			functin,if,post_type	<?php echo $pagename; ?>	create,update,delete		no	yes	header.inc.php,post_type.php,footer.inc.php	yes	no	menu	unknown	session/header guard; form; ajax; print/pdf
admin/program_callback.php	admin	program_callback		program callback	administrator			integrated_programs_student		create		no	yes	autoload.php,config.php,functions.php	yes	no	outbound-linked	unknown	session/header guard; ajax; print/pdf
admin/psychosocial_assessment.php	admin	psychosocial_assessment		psychosocial assessment	administrator		branch	psychosocial_assessment,room_type	psychosocial_assessment.php	create,approve,send	4	no	no	header.inc.php,psychosocial_assessment.php,psychosocial_assessment_all.php,psychiatrist_need.php,empty.php,sendsoundajax.php,social_intervention.php,footer.inc.php	yes	no	outbound-linked	unknown	session/header guard; form; ajax
admin/psychosocial_assessment_pdf.php	admin	psychosocial_assessment_pdf		psychosocial assessment pdf	administrator		company,branch	bottom,branches,companies_groups,html,psychosocial_assessment,ra_users,room_type		update,approve,reply		yes	yes	hr_session.php,config.php,functions.php,multiLanguage.php,common.php,MyQuery.php,login.php,logout.php,index.php,complaints_pdf.php,psychosocial_pdf.php,tcpdf_include.php,tcpdf_config_alt.php,tcpdf.php	yes	review	outbound-linked	unknown	ajax; print/pdf; file handling/ref
admin/ra_update_pass.php	admin	ra_update_pass		ra update pass	administrator				ra_update_pass1.php	update		no	no	header.inc.php,ra_update_pass1.php,footer.inc.php	no	no	outbound-linked	unknown	session/header guard; form
admin/ra_update_pass1.php	admin	ra_update_pass1		ra update pass1	administrator			ra_users		update		no	no	header.inc.php,ra_update_pass.php,reg_form.php,footer.inc.php	no	no	outbound-linked	unknown	session/header guard
admin/ra_usersbrowse.php	admin	ra_usersbrowse		ra usersbrowse	administrator			users	upload_file_cp.php			yes	no	header.inc.php,upload_file_cp.php	no	no	outbound-linked	unknown	session/header guard; form; file handling/ref
admin/rays_packages.php	admin	rays_packages		rays packages	administrator			insurance_companies,rays_packages,specialized_clinics	rays_packages.php	create,send		yes	yes	header.inc.php,rays_packages.php,footer.inc.php	yes	review	outbound-linked	unknown	session/header guard; form; ajax; print/pdf; file handling/ref
admin/receipt _case_via.php	admin	receipt _case_via		receipt  case via	administrator		branch	country,functin,if	<?php echo $pagename; ?>	create,update,delete		no	yes	header.inc.php,footer.inc.php	yes	no	outbound-linked	unknown	session/header guard; form; ajax; print/pdf
admin/receipt_case_via.php	admin	receipt_case_via		receipt case via	administrator		branch	country,functin,if	<?php echo $pagename; ?>	create,update,delete		no	yes	header.inc.php,receipt_case_via.php,footer.inc.php	yes	no	menu	unknown	session/header guard; form; ajax; print/pdf
admin/relative_relation.php	admin	relative_relation		relative relation	administrator			country,functin,if,relative_relation	<?php echo $pagename; ?>	create,update,delete		no	yes	header.inc.php,relative_relation.php,footer.inc.php	yes	no	menu	unknown	session/header guard; form; ajax; print/pdf
admin/rep10_maintenance_departments.php	admin	rep10_maintenance_departments		rep10 maintenance departments	administrator		branch	country,functin,if	<?php echo $pagename; ?>	create,update,delete		no	yes	header.inc.php,rep10_maintenance_departments.php,footer.inc.php	yes	no	menu	unknown	session/header guard; form; ajax; print/pdf
admin/rep10_maintenance_type.php	admin	rep10_maintenance_type		rep10 maintenance type	administrator			functin,helper,if,rep10_maintenance_departments,rep10_maintenance_type	<?php echo $pagename; ?>	create,update,delete,send	4	no	yes	header.inc.php,rep10_maintenance_type.php,city_grap.php,sendsoundajax.php,footer.inc.php	yes	no	menu	unknown	session/header guard; form; ajax; print/pdf
admin/rep10_orders_status.php	admin	rep10_orders_status		rep10 orders status	administrator		branch	country,functin,if	<?php echo $pagename; ?>	create,update,delete		no	yes	header.inc.php,rep10_orders_status.php,footer.inc.php	yes	no	menu	unknown	session/header guard; form; ajax; print/pdf
admin/rep10_status_reason.php	admin	rep10_status_reason		rep10 status reason	administrator			functin,if,rep10_orders_status,rep10_status_reason	<?php echo $pagename; ?>	create,update,delete,send	1,4	no	yes	header.inc.php,rep10_status_reason.php,sendsoundajax.php,footer.inc.php	yes	no	menu	unknown	session/header guard; form; ajax; print/pdf
admin/rep10_suspension_actions.php	admin	rep10_suspension_actions		rep10 suspension actions	administrator		branch	country,functin,if,rep10_suspension_actions	<?php echo $pagename; ?>	create,update,delete		no	yes	header.inc.php,rep10_suspension_actions.php,footer.inc.php	yes	no	menu	unknown	session/header guard; form; ajax; print/pdf
admin/rep10_suspension_reasons.php	admin	rep10_suspension_reasons		rep10 suspension reasons	administrator		branch	country,functin,if,rep10_suspension_reasons	<?php echo $pagename; ?>	create,update,delete		no	yes	header.inc.php,rep10_suspension_reasons.php,footer.inc.php	yes	no	menu	unknown	session/header guard; form; ajax; print/pdf
admin/rep12_main_section.php	admin	rep12_main_section		rep12 main section	administrator		branch	country,functin,if	<?php echo $pagename; ?>	create,update,delete		no	yes	header.inc.php,rep12_main_section.php,footer.inc.php	yes	no	menu	unknown	session/header guard; form; ajax; print/pdf
admin/rep12_subsection.php	admin	rep12_subsection		rep12 subsection	administrator			functin,helper,if,rep12_main_section,rep12_subsection	<?php echo $pagename; ?>	create,update,delete,send	4	no	yes	header.inc.php,rep12_subsection.php,city_grap.php,sendsoundajax.php,footer.inc.php	yes	no	menu	unknown	session/header guard; form; ajax; print/pdf
admin/rep12_subsection_grap.php	admin	rep12_subsection_grap		rep12 subsection grap	administrator			database,rep12_subsection				no	no	hr_session.php,config.php,functions.php,validationForm.php,multiLanguage.php,user.php,paginator.class.php,permissions.link.php,common.php,MyQuery.php	yes	review	outbound-linked	unknown	ajax
admin/rep15_maintenance_departments.php	admin	rep15_maintenance_departments		rep15 maintenance departments	administrator		branch	country,functin,if	<?php echo $pagename; ?>	create,update,delete		no	yes	header.inc.php,rep15_maintenance_departments.php,footer.inc.php	yes	no	outbound-linked	unknown	session/header guard; form; ajax; print/pdf
admin/rep15_maintenance_departments_sections.php	admin	rep15_maintenance_departments_sections		rep15 maintenance departments sections	administrator			functin,helper,if,rep15_maintenance_departments,rep15_maintenance_departments_sections	<?php echo $pagename; ?>	create,update,delete,send	4	no	yes	header.inc.php,rep15_maintenance_departments_sections.php,city_grap.php,sendsoundajax.php,footer.inc.php	yes	no	outbound-linked	unknown	session/header guard; form; ajax; print/pdf
admin/rep1_death_pending_action.php	admin	rep1_death_pending_action		rep1 death pending action	administrator		branch	country,functin,if	<?php echo $pagename; ?>	create,update,delete		no	yes	header.inc.php,rep1_death_pending_action.php,footer.inc.php	yes	no	menu	unknown	session/header guard; form; ajax; print/pdf
admin/rep1_death_pending_reason.php	admin	rep1_death_pending_reason		rep1 death pending reason	administrator		branch	country,functin,if	<?php echo $pagename; ?>	create,update,delete		no	yes	header.inc.php,rep1_death_pending_reason.php,footer.inc.php	yes	no	menu	unknown	session/header guard; form; ajax; print/pdf
admin/rep1_hospitalization_place.php	admin	rep1_hospitalization_place		rep1 hospitalization place	administrator		branch	country,functin,if	<?php echo $pagename; ?>	create,update,delete		no	yes	header.inc.php,rep1_hospitalization_place.php,footer.inc.php	yes	no	menu	unknown	session/header guard; form; ajax; print/pdf
admin/rep1_keeping_body _in _mortuary.php	admin	rep1_keeping_body _in _mortuary		rep1 keeping body  in  mortuary	administrator		branch	country,functin,if,rep1_keeping_body_in_mortuary	<?php echo $pagename; ?>	create,update,delete		no	yes	header.inc.php,rep1_keeping_body_in_mortuary.php,footer.inc.php	yes	no	outbound-linked	unknown	session/header guard; form; ajax; print/pdf
admin/rep1_keeping_body_in_mortuary.php	admin	rep1_keeping_body_in_mortuary		rep1 keeping body in mortuary	administrator		branch	country,functin,if,rep1_keeping_body_in_mortuary	<?php echo $pagename; ?>	create,update,delete		no	yes	header.inc.php,rep1_keeping_body_in_mortuary.php,footer.inc.php	yes	no	menu	unknown	session/header guard; form; ajax; print/pdf
admin/rep1_more_than_two_hours_action.php	admin	rep1_more_than_two_hours_action		rep1 more than two hours action	administrator		branch	country,functin,if,rep1_more_than_two_hours_action	<?php echo $pagename; ?>	create,update,delete		no	yes	header.inc.php,rep1_more_than_two_hours_action.php,footer.inc.php	yes	no	menu	unknown	session/header guard; form; ajax; print/pdf
admin/rep1_more_than_two_hours_reasons.php	admin	rep1_more_than_two_hours_reasons		rep1 more than two hours reasons	administrator		branch	country,functin,if,rep1_more_than_two_hours_reasons	<?php echo $pagename; ?>	create,update,delete		no	yes	header.inc.php,rep1_more_than_two_hours_reasons.php,footer.inc.php	yes	no	menu	unknown	session/header guard; form; ajax; print/pdf
admin/rep1_not_signed_commitment_reason.php	admin	rep1_not_signed_commitment_reason		rep1 not signed commitment reason	administrator		branch	country,functin,if,rep1_not_signed_commitment_reason	<?php echo $pagename; ?>	create,update,delete		no	yes	header.inc.php,rep1_not_signed_commitment_reason.php,footer.inc.php	yes	no	menu	unknown	session/header guard; form; ajax; print/pdf
admin/rep1_payment_due_action.php	admin	rep1_payment_due_action		rep1 payment due action	administrator		branch	country,functin,if,rep1_payment_due_action	<?php echo $pagename; ?>	create,update,delete		no	yes	header.inc.php,rep1_payment_due_action.php,footer.inc.php	yes	no	menu	unknown	session/header guard; form; ajax; print/pdf
admin/rep1_payment_due_reason.php	admin	rep1_payment_due_reason		rep1 payment due reason	administrator		branch	country,functin,if,rep1_payment_due_reason	<?php echo $pagename; ?>	create,update,delete		no	yes	header.inc.php,rep1_payment_due_reason.php,footer.inc.php	yes	no	menu	unknown	session/header guard; form; ajax; print/pdf
admin/rep1_payment_type.php	admin	rep1_payment_type		rep1 payment type	administrator		branch	country,functin,if,rep1_payment_type	<?php echo $pagename; ?>	create,update,delete		no	yes	header.inc.php,rep1_payment_type.php,footer.inc.php	yes	no	menu	unknown	session/header guard; form; ajax; print/pdf
admin/rep1_support_service.php	admin	rep1_support_service		rep1 support service	administrator			helper,maintenance_departments		delete		no	no	hr_session.php,config.php,functions.php,validationForm.php,multiLanguage.php,user.php,paginator.class.php,permissions.link.php,common.php,MyQuery.php,maintenance_type_grap.php	yes	review	outbound-linked	unknown	ajax
admin/rep1_suspension_action.php	admin	rep1_suspension_action		rep1 suspension action	administrator		branch	country,functin,if,rep1_suspension_action	<?php echo $pagename; ?>	create,update,delete		no	yes	header.inc.php,rep1_suspension_action.php,footer.inc.php	yes	no	menu	unknown	session/header guard; form; ajax; print/pdf
admin/rep1_suspension_reasons.php	admin	rep1_suspension_reasons		rep1 suspension reasons	administrator		branch	country,functin,if,rep1_suspension_reasons	<?php echo $pagename; ?>	create,update,delete		no	yes	header.inc.php,rep1_suspension_reasons.php,footer.inc.php	yes	no	menu	unknown	session/header guard; form; ajax; print/pdf
admin/rep2_amont_due_reasons.php	admin	rep2_amont_due_reasons		rep2 amont due reasons	administrator		branch	country,functin,if	<?php echo $pagename; ?>	create,update,delete		no	yes	header.inc.php,rep2_amont_due_reasons.php,footer.inc.php	yes	no	menu	unknown	session/header guard; form; ajax; print/pdf
admin/rep2_amount_due_action.php	admin	rep2_amount_due_action		rep2 amount due action	administrator		branch	country,functin,if	<?php echo $pagename; ?>	create,update,delete		no	yes	header.inc.php,rep2_amount_due_action.php,footer.inc.php	yes	no	menu	unknown	session/header guard; form; ajax; print/pdf
admin/rep2_not_signing_pledge_to_pay_reasons.php	admin	rep2_not_signing_pledge_to_pay_reasons		rep2 not signing pledge to pay reasons	administrator		branch	country,functin,if	<?php echo $pagename; ?>	create,update,delete		no	yes	header.inc.php,rep2_not_signing_pledge_to_pay_reasons.php,footer.inc.php	yes	no	menu	unknown	session/header guard; form; ajax; print/pdf
admin/rep3_objection_court_direction.php	admin	rep3_objection_court_direction		rep3 objection court direction	administrator		branch	country,functin,if	<?php echo $pagename; ?>	create,update,delete		no	yes	header.inc.php,rep3_objection_court_direction.php,footer.inc.php	yes	no	menu	unknown	session/header guard; form; ajax; print/pdf
admin/rep3_orders_type.php	admin	rep3_orders_type		rep3 orders type	administrator		branch	country,functin,if	<?php echo $pagename; ?>	create,update,delete		no	yes	header.inc.php,rep3_orders_type.php,footer.inc.php	yes	no	menu	unknown	session/header guard; form; ajax; print/pdf
admin/rep3_payer_name_type.php	admin	rep3_payer_name_type		rep3 payer name type	administrator		branch	country,functin,if	<?php echo $pagename; ?>	create,update,delete		no	yes	header.inc.php,footer.inc.php	yes	no	menu	unknown	session/header guard; form; ajax; print/pdf
admin/rep3_request_type.php	admin	rep3_request_type		rep3 request type	administrator		branch	country,functin,if	<?php echo $pagename; ?>	create,update,delete		no	yes	header.inc.php,rep3_request_type.php,footer.inc.php	yes	no	menu	unknown	session/header guard; form; ajax; print/pdf
admin/rep5_canceling_transferring_reasons.php	admin	rep5_canceling_transferring_reasons		rep5 canceling transferring reasons	administrator		branch	country,functin,if,rep5_canceling_transferring_reasons	<?php echo $pagename; ?>	create,update,delete		no	yes	header.inc.php,footer.inc.php	yes	no	menu	unknown	session/header guard; form; ajax; print/pdf
admin/rep5_maintenance_departments.php	admin	rep5_maintenance_departments		rep5 maintenance departments	administrator		branch	country,functin,if	<?php echo $pagename; ?>	create,update,delete		no	yes	header.inc.php,rep5_maintenance_departments.php,footer.inc.php	yes	no	menu	unknown	session/header guard; form; ajax; print/pdf
admin/rep5_maintenance_type.php	admin	rep5_maintenance_type		rep5 maintenance type	administrator			functin,helper,if,rep5_maintenance_departments,rep5_maintenance_type	<?php echo $pagename; ?>	create,update,delete,send	4	no	yes	header.inc.php,rep5_maintenance_type.php,city_grap.php,sendsoundajax.php,footer.inc.php	yes	no	menu	unknown	session/header guard; form; ajax; print/pdf
admin/rep7_maintenance_departments.php	admin	rep7_maintenance_departments		rep7 maintenance departments	administrator		branch	country,functin,if	<?php echo $pagename; ?>	create,update,delete		no	yes	header.inc.php,rep7_maintenance_departments.php,footer.inc.php	yes	no	menu	unknown	session/header guard; form; ajax; print/pdf
admin/rep7_maintenance_type.php	admin	rep7_maintenance_type		rep7 maintenance type	administrator			functin,helper,if,rep7_maintenance_departments,rep7_maintenance_type	<?php echo $pagename; ?>	create,update,delete,send	4	no	yes	header.inc.php,rep7_maintenance_type.php,city_grap.php,sendsoundajax.php,footer.inc.php	yes	no	menu	unknown	session/header guard; form; ajax; print/pdf
admin/rep8_came_from.php	admin	rep8_came_from		rep8 came from	administrator			country,functin,if,rep8_came_from	<?php echo $pagename; ?>	create,update,delete		no	yes	header.inc.php,rep8_came_from.php,footer.inc.php	yes	no	menu	unknown	session/header guard; form; ajax; print/pdf
admin/rep8_not_conact_reasons.php	admin	rep8_not_conact_reasons		rep8 not conact reasons	administrator			country,functin,if,rep8_not_conact_reasons	<?php echo $pagename; ?>	create,update,delete		no	yes	header.inc.php,rep8_not_conact_reasons.php,footer.inc.php	yes	no	menu	unknown	session/header guard; form; ajax; print/pdf
admin/rep8_operation_cancel_reason.php	admin	rep8_operation_cancel_reason		rep8 operation cancel reason	administrator			country,functin,if,rep8_operation_cancel_reason	<?php echo $pagename; ?>	create,update,delete		no	yes	header.inc.php,rep8_operation_cancel_reason.php,footer.inc.php	yes	no	menu	unknown	session/header guard; form; ajax; print/pdf
admin/rep9_actions.php	admin	rep9_actions		rep9 actions	administrator			functin,if,rep9_actions,rep9_section	<?php echo $pagename; ?>	create,update,delete,send	4	no	yes	header.inc.php,rep9_actions.php,sendsoundajax.php,footer.inc.php	yes	no	menu	unknown	session/header guard; form; ajax; print/pdf
admin/rep9_notice.php	admin	rep9_notice		rep9 notice	administrator			functin,if,rep9_notice,rep9_section	<?php echo $pagename; ?>	create,update,delete,send	4	no	yes	header.inc.php,rep9_notice.php,sendsoundajax.php,footer.inc.php	yes	no	menu	unknown	session/header guard; form; ajax; print/pdf
admin/rep9_section.php	admin	rep9_section		rep9 section	administrator			country,functin,if,rep9_section	<?php echo $pagename; ?>	create,update,delete		no	yes	header.inc.php,rep9_section.php,footer.inc.php	yes	no	menu	unknown	session/header guard; form; ajax; print/pdf
admin/rep_1.php	admin	rep_1		rep 1	administrator		branch	ac_constraints,amounts_due_1,approving_bodies,branches,branches_departments,companies_groups,dead_body,death_pending_1,duty_period,emergency_pending_approvals_1,employees_attendance,more_than_two_hour_1,non_approval_ehala_1,notice_type,patients_signed_1,ra_users,rep1_death_pending_action,rep1_death_pending_reason,rep1_ehala_non_approval_reason,rep1_hospitalization_place,rep1_keeping_body_in_mortuary,rep1_more_than_two_hours_action,rep1_more_than_two_hours_reasons,rep1_not_signed_commitment_reason,rep1_payment_due_action,rep1_payment_due_reason,rep1_payment_type,rep1_suspension_reasons,report_1,report_1_patient,revenue_deficit_1,support_services_1,visual_screening_form_1	<?php echo $sectionPage;?>	approve,send	1,2	yes	yes	header.inc.php,rep_1.php,index.php,journal_entries.php,header_print.php,footer.inc.php	yes	no	menu	unknown	session/header guard; form; ajax; print/pdf; file handling/ref
admin/rep_10.php	admin	rep_10		rep 10	administrator		branch	ac_constraints,branches,branches_area,branches_service_type,companies_groups,duty_period,employees_attendance,maintenance_request_type,notice_type,pending_orders,ra_users,rep10_maintenance_departments,rep10_maintenance_type,rep10_suspension_actions,rep1_suspension_reasons,report_1,report_10_patient,report_10_support_services	<?php echo $sectionPage;?>	approve	1,2	yes	yes	header.inc.php,rep_10.php,index.php,journal_entries.php,header_print.php,footer.inc.php	yes	no	menu	unknown	session/header guard; form; ajax; print/pdf; file handling/ref
admin/rep_11.php	admin	rep_11		rep 11	administrator		branch	ac_constraints,branches,branches_departments,branches_needs,companies_groups,duty_period,employees_attendance,notice_type,ra_users,report_11_needs,report_11_patient,report_5	<?php echo $sectionPage;?>	approve		no	yes	header.inc.php,rep_11.php,index.php,journal_entries.php,header_print.php,footer.inc.php	yes	no	menu	unknown	session/header guard; form; ajax; print/pdf
admin/rep_11Bk.php	admin	rep_11Bk	Print canvas	rep 11Bk	administrator		branch	ac_constraints,branches,branches_departments,companies_groups,employees_attendance,notice_type,ra_users,report_11_patient	<?php echo $sectionPage;?>			no	yes	header.inc.php,rep_11Bk.php,index.php,journal_entries.php,header_print.php,footer.inc.php	yes	no	outbound-linked	unknown	session/header guard; form; ajax; print/pdf
admin/rep_12.php	admin	rep_12		rep 12	administrator		branch	ac_constraints,branches,companies_groups,duty_period,ra_users,rep_12_complainant_action,rep_12_complainant_classification,rep_12_complainant_reason,rep_12_complainant_side,rep_12_complainant_sms_status,report_12,report_12_complainant,report_12_complainant_sms,report_12_complainant_suspended	<?php echo $sectionPage;?>	reply		no	yes	header.inc.php,rep_12.php,index.php,journal_entries.php,header_print.php,footer.inc.php	yes	no	menu	unknown	session/header guard; form; ajax; print/pdf
admin/rep_12_complainant_action.php	admin	rep_12_complainant_action		rep 12 complainant action	administrator		branch	country,functin,if,rep_12_complainant_action	<?php echo $pagename; ?>	create,update,delete		no	yes	header.inc.php,rep_12_complainant_action.php,footer.inc.php	yes	no	menu	unknown	session/header guard; form; ajax; print/pdf
admin/rep_12_complainant_classification.php	admin	rep_12_complainant_classification		rep 12 complainant classification	administrator		branch	country,functin,if,rep_12_complainant_classification	<?php echo $pagename; ?>	create,update,delete		no	yes	header.inc.php,rep_12_complainant_classification.php,footer.inc.php	yes	no	menu	unknown	session/header guard; form; ajax; print/pdf
admin/rep_12_complainant_reason.php	admin	rep_12_complainant_reason		rep 12 complainant reason	administrator		branch	country,functin,if,rep_12_complainant_reason	<?php echo $pagename; ?>	create,update,delete		no	yes	header.inc.php,rep_12_complainant_reason.php,footer.inc.php	yes	no	menu	unknown	session/header guard; form; ajax; print/pdf
admin/rep_12_complainant_side.php	admin	rep_12_complainant_side		rep 12 complainant side	administrator		branch	country,functin,if,rep_12_complainant_side	<?php echo $pagename; ?>	create,update,delete		no	yes	header.inc.php,rep_12_complainant_side.php,footer.inc.php	yes	no	menu	unknown	session/header guard; form; ajax; print/pdf
admin/rep_12_complainant_sms_reason.php	admin	rep_12_complainant_sms_reason		rep 12 complainant sms reason	administrator		branch	country,functin,if,rep_12_complainant_sms_reason	<?php echo $pagename; ?>	create,update,delete		no	yes	header.inc.php,rep_12_complainant_sms_reason.php,footer.inc.php	yes	no	menu	unknown	session/header guard; form; ajax; print/pdf
admin/rep_12_complainant_sms_status.php	admin	rep_12_complainant_sms_status		rep 12 complainant sms status	administrator		branch	country,functin,if,rep_12_complainant_sms_status	<?php echo $pagename; ?>	create,update,delete		no	yes	header.inc.php,rep_12_complainant_sms_status.php,footer.inc.php	yes	no	menu	unknown	session/header guard; form; ajax; print/pdf
admin/rep_1Bk.php	admin	rep_1Bk		rep 1Bk	administrator		branch	ac_constraints,branches,companies_groups,dead_body,duty_period,employees_attendance,notice_type,ra_users,report_1,report_1_patient	<?php echo $sectionPage;?>	approve	1,2	no	yes	header.inc.php,rep_1.php,index.php,journal_entries.php,header_print.php,footer.inc.php	yes	no	outbound-linked	unknown	session/header guard; form; ajax; print/pdf
admin/rep_1_1.php	admin	rep_1_1		rep 1 1	administrator		branch	ac_constraints,branches,companies_groups,employees_attendance,notice_type,ra_users,report_1,report_1_patient	<?php echo $sectionPage;?>	approve	1,2	no	yes	header.inc.php,rep_1_1.php,index.php,journal_entries.php,header_print.php,footer.inc.php	yes	no	outbound-linked	unknown	session/header guard; form; ajax; print/pdf
admin/rep_1_2.php	admin	rep_1_2		rep 1 2	administrator		branch	ac_constraints,branches,companies_groups,employees_attendance,notice_type,ra_users,report_1_patient	<?php echo $sectionPage;?>	approve		no	yes	header.inc.php,rep_1.php,index.php,journal_entries.php,header_print.php,footer.inc.php	yes	no	outbound-linked	unknown	session/header guard; form; ajax; print/pdf
admin/rep_2.php	admin	rep_2		rep 2	administrator		branch	ac_constraints,action_taken,branches,branches_departments,companies_groups,duty_period,employees_attendance,ra_users,rep2_amont_due_reasons,rep2_amount_due_action,rep2_not_signing_pledge_to_pay_reasons,report_1,report_2_no_pledge_pay,report_2_owed_amount,report_2_patients_bond_signed,report_2_previous_paid,report_2_revenue_deficit	<?php echo $sectionPage;?>			yes	yes	header.inc.php,rep_2.php,index.php,journal_entries.php,header_print.php,footer.inc.php	yes	no	menu	unknown	session/header guard; form; ajax; print/pdf; file handling/ref
admin/rep_3.php	admin	rep_3		rep 3	administrator		branch	ac_constraints,branches,companies_groups,duty_period,employees_attendance,ra_users,rep3_objection_court_direction,rep3_orders_type,rep3_payer_name_type,rep3_request_type,report_1,report_2_patients_bond_signed,report_2_previous_paid,report_3_case_filed_government,report_3_pending_claims_report,report_3_report_cases_filed_general_court	<?php echo $sectionPage;?>			yes	yes	header.inc.php,rep_3.php,index.php,journal_entries.php,header_print.php,footer.inc.php	yes	no	menu	unknown	session/header guard; form; ajax; print/pdf; file handling/ref
admin/rep_3_bk.php	admin	rep_3_bk		rep 3 bk	administrator		branch	ac_constraints,branches,companies_groups,ra_users	<?php echo $sectionPage;?>			no	yes	header.inc.php,rep_3.php,index.php,journal_entries.php,header_print.php,footer.inc.php	yes	no	outbound-linked	unknown	session/header guard; form; ajax; print/pdf
admin/rep_4.php	admin	rep_4		rep 4	administrator		branch	ac_constraints,branches,branches_departments,companies_groups,notice_type,ra_users	<?php echo $sectionPage;?>			no	yes	header.inc.php,rep_4.php,index.php,journal_entries.php,header_print.php,footer.inc.php	yes	no	menu	unknown	session/header guard; form; ajax; print/pdf
admin/rep_5.php	admin	rep_5		rep 5	administrator		branch	ac_constraints,branches,branches_area,companies_groups,duty_period,employees_attendance,maintenance_request_type,notice_type,ra_users,rep10_maintenance_departments,rep10_maintenance_type,report_5,report_5_patient,revenue_deficit,support_services_5	<?php echo $sectionPage;?>	approve		yes	yes	header.inc.php,rep_5.php,index.php,journal_entries.php,header_print.php,footer.inc.php	yes	no	menu	unknown	session/header guard; form; ajax; print/pdf; file handling/ref
admin/rep_5Bk.php	admin	rep_5Bk		rep 5Bk	administrator		branch	ac_constraints,branches,companies_groups,duty_period,employees_attendance,notice_type,ra_users,report_5,report_5_patient,revenue_deficit	<?php echo $sectionPage;?>	approve		no	yes	header.inc.php,rep_5.php,index.php,journal_entries.php,header_print.php,footer.inc.php	yes	no	outbound-linked	unknown	session/header guard; form; ajax; print/pdf
admin/rep_6.php	admin	rep_6		rep 6	administrator		branch	ac_constraints,branches,companies_groups,duty_period,employees_attendance,notice_type,ra_users,report_6,report_6_patient	<?php echo $sectionPage;?>	approve	1,2	no	yes	header.inc.php,rep_6.php,index.php,journal_entries.php,header_print.php,footer.inc.php	yes	no	menu	unknown	session/header guard; form; ajax; print/pdf
admin/rep_6Bk.php	admin	rep_6Bk		rep 6Bk	administrator		branch	ac_constraints,branches,companies_groups,employees_attendance,notice_type,ra_users	<?php echo $sectionPage;?>			no	yes	header.inc.php,rep_6.php,index.php,journal_entries.php,header_print.php,footer.inc.php	yes	no	outbound-linked	unknown	session/header guard; form; ajax; print/pdf
admin/rep_7.php	admin	rep_7	- فرع	rep 7	administrator		branch	ac_constraints,branches,branches_area,companies_groups,duty_period,employees_attendance,ra_users,report_1,report_7_errors_describe,report_7_patient,report_7_reasons,report_7_type,suspending_medical_reports	<?php echo $sectionPage;?>			no	yes	header.inc.php,rep_7.php,index.php,journal_entries.php,header_print.php,footer.inc.php	yes	no	menu	unknown	session/header guard; form; ajax; print/pdf
admin/rep_8.php	admin	rep_8		rep 8	administrator		branch	ac_constraints,branches,companies_groups,duty_period,ra_users,rep1_payment_type,rep8_came_from,rep8_not_conact_reasons,rep8_not_contact,rep8_operation_cancel,rep8_operation_cancel_reason,report_6,specialization	<?php echo $sectionPage;?>	approve	1,2	no	yes	header.inc.php,rep_8.php,index.php,journal_entries.php,header_print.php,footer.inc.php	yes	no	menu	unknown	session/header guard; form; ajax; print/pdf
admin/rep_9.php	admin	rep_9		rep 9	administrator		branch	ac_constraints,branches,branches_area,branches_departments,companies_groups,duty_period,employees_attendance,maintenance_request_type,ra_users,rep9_actions,rep9_notice,rep9_section,report_1,report_9_report,report_9_support_services,support_services,support_services_departments	<?php echo $sectionPage;?>	approve		yes	yes	header.inc.php,rep_9.php,index.php,journal_entries.php,header_print.php,footer.inc.php	yes	no	menu	unknown	session/header guard; form; ajax; print/pdf; file handling/ref
admin/rep_emp_9.php	admin	rep_emp_9		rep emp 9	administrator		branch	ac_constraints,branches,branches_area,branches_departments,companies_groups,duty_period,employees_attendance,maintenance_request_type,ra_users,rep10_maintenance_departments,rep10_maintenance_type,rep9_actions,rep9_notice,rep9_section,report_1,report_emp_9_report,report_emp_9_support_services	<?php echo $sectionPage;?>	approve		yes	yes	header.inc.php,rep_emp_9.php,index.php,journal_entries.php,header_print.php,footer.inc.php	yes	no	outbound-linked	unknown	session/header guard; form; ajax; print/pdf; file handling/ref
admin/report_1.php	admin	report_1		report 1	administrator		branch	amounts_due_1,approving_bodies,branches_departments,dead_body,death_pending_1,duty_period,ehala,emergency_pending_approvals_1,employees_attendance,more_than_two_hour_1,non_approval_ehala_1,notice_type,patients_signed_1,ra_users,rep1_death_pending_action,rep1_death_pending_reason,rep1_ehala_non_approval_reason,rep1_hospitalization_place,rep1_keeping_body_in_mortuary,rep1_more_than_two_hours_action,rep1_more_than_two_hours_reasons,rep1_not_signed_commitment_reason,rep1_payment_due_action,rep1_payment_due_reason,rep1_payment_type,rep1_suspension_action,rep1_suspension_reasons,report_1,report_1_patient,revenue_deficit_1,visual_screening_form_1	report_1.php	create,update,delete,approve,send	4	no	yes	header.inc.php,report_1.php,emergency_pending_approvals.php,empty.php,sendsoundajax.php,rep1_amounts_due.php,rep1_patients_signed.php,rep1_visual_screening_form.php,rep1_death_pending.php,rep1_support_service.php	yes	no	outbound-linked	unknown	session/header guard; form; ajax; print/pdf
admin/report_7_errors_describe.php	admin	report_7_errors_describe		report 7 errors describe	administrator		branch	country,functin,if,report_7_errors_describe	<?php echo $pagename; ?>	create,update,delete		no	yes	header.inc.php,report_7_errors_describe.php,footer.inc.php	yes	no	menu	unknown	session/header guard; form; ajax; print/pdf
admin/report_7_reasons.php	admin	report_7_reasons		report 7 reasons	administrator		branch	country,functin,if,report_7_reasons	<?php echo $pagename; ?>	create,update,delete		no	yes	header.inc.php,report_7_reasons.php,footer.inc.php	yes	no	menu	unknown	session/header guard; form; ajax; print/pdf
admin/report_7_type.php	admin	report_7_type		report 7 type	administrator		branch	country,functin,if,report_7_type	<?php echo $pagename; ?>	create,update,delete		no	yes	header.inc.php,report_7_type.php,footer.inc.php	yes	no	menu	unknown	session/header guard; form; ajax; print/pdf
admin/resignations.php	admin	resignations		resignations	administrator		branch	functin,if,ra_users,resignation_hr_reply,resignation_request	<?php echo $pagename; ?>	create,update,delete,send,reply	4	no	yes	header.inc.php,resignations.php,sendsoundajax.php,footer.inc.php	yes	no	menu	unknown	session/header guard; form; ajax; print/pdf
admin/revision_notice.php	admin	revision_notice	إشعار مراجعه	revision notice	administrator		branch	functin,if,ra_users,revision_notice	<?php echo $pagename; ?>	create,update,delete,send,reply	4	no	yes	header.inc.php,revision_notice.php,sendsoundajax.php,revision_notice_pdf.php,footer.inc.php	yes	no	outbound-linked	unknown	session/header guard; form; ajax; print/pdf
admin/revision_notice_pdf.php	admin	revision_notice_pdf		revision notice pdf	administrator		company,branch	booking_period,bottom,branches,companies_groups,data,html,ra_users,revision_notice,room_type		update,reply		yes	yes	hr_session.php,config.php,functions.php,multiLanguage.php,common.php,MyQuery.php,login.php,logout.php,index.php,complaints_pdf.php,revision_notice_pdf.php,tcpdf_include.php,tcpdf_config_alt.php,tcpdf.php	yes	no	outbound-linked	unknown	session/header guard; ajax; print/pdf; file handling/ref
admin/roles_permissions.php	admin	roles_permissions		roles permissions	administrator			permissions,role_perm,roles	roles_permissions.php	create		no	yes	header.inc.php,roles_permissions.php,footer.inc.php	yes	no	outbound-linked	unknown	session/header guard; form; ajax; print/pdf
admin/room_type.php	admin	room_type		room type	administrator		branch	country,functin,if,room_type	<?php echo $pagename; ?>	create,update,delete		no	yes	header.inc.php,room_type.php,footer.inc.php	yes	no	menu	unknown	session/header guard; form; ajax; print/pdf
admin/second_duty.php	admin	second_duty		second duty	administrator							no	yes		no	review	unresolved	unknown	print/pdf
admin/sendpass.php	admin	sendpass	: نسيت كلمة المرور	sendpass	administrator			ra_users,ra_users_pass_set,user_client	sendpass.php	create,update,send		no	no	functions.php,session.php,database.php,user.php,pagination.php,database_object.php,validationForm.php,sendpass.php,confirmchangepass.php,login.php	no	no	outbound-linked	unknown	session/header guard; form
admin/service_packages.php	admin	service_packages		service packages	administrator		branch	central_ext_phone,service_packages,services_sections	service_packages.php	create,send		yes	yes	header.inc.php,SimpleXLSX.php,service_packages.php,footer.inc.php	yes	no	outbound-linked	unknown	session/header guard; form; ajax; print/pdf; file handling/ref
admin/service_packages_details.php	admin	service_packages_details		service packages details	administrator		branch	centeral_sections,certificate_upload,functin,helper,if,service_packages,service_packages_attachments,services_sections	<?php echo $pagename; ?>,<?php echo 	create,update,delete,send	4	yes	yes	header.inc.php,SimpleXLSX.php,service_packages_details.php,city_grap.php,sendsoundajax.php,payment_guarantee.php,footer.inc.php	yes	no	outbound-linked	unknown	session/header guard; form; ajax; print/pdf; file handling/ref
admin/services.php	admin	services		services	administrator		branch	centeral_sections,certificate_upload,functin,helper,if,service_packages,service_packages_attachments,services_sections	<?php echo $pagename; ?>,<?php echo 	create,update,delete,send	4	yes	yes	header.inc.php,SimpleXLSX.php,service_packages_details.php,city_grap.php,sendsoundajax.php,payment_guarantee.php,footer.inc.php	yes	no	outbound-linked	unknown	session/header guard; form; ajax; print/pdf; file handling/ref
admin/services_codes.php	admin	services_codes		services codes	administrator			functin,if,services_codes	<?php echo $pagename; ?>	create,update,delete		no	yes	header.inc.php,services_codes.php,footer.inc.php	yes	review	menu	unknown	session/header guard; form; ajax; print/pdf
admin/services_locations.php	admin	services_locations		services locations	administrator		branch	country,functin,if,services_locations	<?php echo $pagename; ?>	create,update,delete		no	yes	header.inc.php,services_locations.php,footer.inc.php	yes	no	outbound-linked	unknown	session/header guard; form; ajax; print/pdf
admin/services_locations_packages.php	admin	services_locations_packages		services locations packages	administrator			services_locations,services_locations_packages	services_locations_packages.php	create,send	4	yes	yes	header.inc.php,services_locations_packages.php,footer.inc.php,first_duty.php,second_duty.php,sendsoundajax.php	yes	no	outbound-linked	unknown	session/header guard; form; ajax; print/pdf; file handling/ref
admin/services_locations_packages_update.php	admin	services_locations_packages_update		services locations packages update	administrator			country,services_locations,services_locations_packages	<?php echo $pagename; ?>	update,delete,send	4	yes	yes	header.inc.php,services_locations_packages_update.php,first_duty.php,second_duty.php,sendsoundajax.php,footer.inc.php	yes	no	outbound-linked	unknown	session/header guard; form; ajax; print/pdf; file handling/ref
admin/sms_send_one.php	admin	sms_send_one		sms send one	administrator			sms_excluded_numbers,sms_recieved,sms_sender_name	sms_send_one.php	create,update,send		no	no	header.inc.php,sms_send_one.php,sms.php,sms_get_mobile.php,get_name.php,footer.inc.php	yes	no	outbound-linked	unknown	session/header guard; form; ajax
admin/specialization.php	admin	specialization		specialization	administrator		branch	country,functin,if,specialization	<?php echo $pagename; ?>	create,update,delete		no	yes	header.inc.php,specialization.php,footer.inc.php	yes	no	menu	unknown	session/header guard; form; ajax; print/pdf
admin/specialized_clinics.php	admin	specialized_clinics		specialized clinics	administrator			specialized_clinics	specialized_clinics.php	create,send		yes	no	header.inc.php,specialized_clinics.php,footer.inc.php	no	no	outbound-linked	unknown	session/header guard; form; file handling/ref
admin/subscribe_renew.php	admin	subscribe_renew	طلب تجديد الاشتراك	subscribe renew	administrator			client,client_computers,client_package_term,client_renewals,client_sub,package,user_client	subscribe_renew.php	create,update,delete,approve,send		no	no	header.inc.php,initialize1.php,subscribe_renew.php,tbl_content_header.php,users_client.php,footer.inc.php	no	no	outbound-linked	unknown	session/header guard; form
admin/support_services.php	admin	support_services		support services	administrator		branch	branches,functin,helper,if,support_services,support_services_departments	<?php echo $pagename; ?>	create,update,delete,send	4	no	yes	header.inc.php,support_services.php,city_grap.php,sendsoundajax.php,footer.inc.php	yes	no	outbound-linked	unknown	session/header guard; form; ajax; print/pdf
admin/support_services_departments.php	admin	support_services_departments		support services departments	administrator		branch	branches,functin,helper,if,support_services_departments	<?php echo $pagename; ?>	create,update,delete,send	4	no	yes	header.inc.php,support_services_departments.php,city_grap.php,sendsoundajax.php,footer.inc.php	yes	no	outbound-linked	unknown	session/header guard; form; ajax; print/pdf
admin/support_services_details.php	admin	support_services_details		support services details	administrator			clinics_support_services_details,clinics_support_services_section,insurance_companies				no	yes	header.inc.php,support_services_section.php,footer.inc.php	yes	no	outbound-linked	unknown	session/header guard; ajax; print/pdf
admin/support_services_duty_time.php	admin	support_services_duty_time		support services duty time	administrator		branch	centeral_sections,functin,helper,if,outpatient_clinics,support_services_duty_time	<?php echo $pagename; ?>	create,update,delete,send	4	yes	yes	header.inc.php,SimpleXLSX.php,support_services_duty_time.php,city_grap.php,sendsoundajax.php,footer.inc.php	yes	no	outbound-linked	unknown	session/header guard; form; ajax; print/pdf; file handling/ref
admin/support_services_providers.php	admin	support_services_providers		support services providers	administrator		branch	centeral_sections,functin,helper,if,outpatient_clinics,support_services_providers	<?php echo $pagename; ?>	create,update,delete,send	4	yes	yes	header.inc.php,SimpleXLSX.php,support_services_providers.php,city_grap.php,sendsoundajax.php,footer.inc.php	yes	no	outbound-linked	unknown	session/header guard; form; ajax; print/pdf; file handling/ref
admin/support_services_section.php	admin	support_services_section		support services section	administrator			clinics_support_services_section				no	yes	header.inc.php,support_services_details.php,footer.inc.php	yes	no	outbound-linked	unknown	session/header guard; ajax; print/pdf
admin/surgeries_packages.php	admin	surgeries_packages		surgeries packages	administrator			insurance_companies,specialized_clinics,surgeries_packages	surgeries_packages.php	create,send		yes	yes	header.inc.php,surgeries_packages.php,footer.inc.php	yes	review	outbound-linked	unknown	session/header guard; form; ajax; print/pdf; file handling/ref
admin/tbl_shifts_sections.php	admin	tbl_shifts_sections		tbl shifts sections	administrator			functin,if,tbl_shifts_sections	<?php echo $pagename; ?>	create,update,delete		no	yes	header.inc.php,tbl_shifts_sections.php,footer.inc.php	yes	no	outbound-linked	unknown	session/header guard; form; ajax; print/pdf
admin/technical_failure_notice.php	admin	technical_failure_notice		technical failure notice	administrator		branch	companies_groups,department_sender_email,functin,if,ra_users,technical_failure_notice,technical_failure_notice_platform,technical_failure_notice_process,technical_failure_notice_service_type,technical_failure_notice_status,technical_failure_notice_type	<?php echo $pagename; ?>,./complaints.php	create,update,delete,send,reply	4,3,0,1	yes	yes	header.inc.php,sms_class.php,OpensslEncryptDecrypt.php,autoload.php,technical_failure_notice.php,crisis_management_pdf.php,technical_failure_pdf.php,footer.inc.php,sendsoundajax.php,technical_failure_notice_other_textbox.php,technical_failure_notice_platform_grap.php,complaints.php,complaints_status_input.php,technical_failure_notice_view.php,technical_failure_notice_pdf.php	yes	no	menu	unknown	session/header guard; form; ajax; print/pdf; file handling/ref
admin/technical_failure_notice_other_textbox.php	admin	technical_failure_notice_other_textbox		technical failure notice other textbox	administrator							no	no		no	review	unresolved	unknown	
admin/technical_failure_notice_pdf.php	admin	technical_failure_notice_pdf		technical failure notice pdf	administrator		company,branch	booking_period,branches,companies_groups,html,ra_users,room_type,technical_failure_notice,technical_failure_notice_platform,technical_failure_notice_service_type,technical_failure_notice_type		reply		yes	yes	autoload.php,hr_session.php,config.php,functions.php,multiLanguage.php,common.php,MyQuery.php,login.php,logout.php,index.php,complaints_pdf.php,technical_failure_pdf.php	yes	no	outbound-linked	unknown	session/header guard; ajax; print/pdf; file handling/ref
admin/technical_failure_notice_platform.php	admin	technical_failure_notice_platform		technical failure notice platform	administrator			country,functin,if,technical_failure_notice_platform	<?php echo $pagename; ?>	create,update,delete		no	yes	header.inc.php,technical_failure_notice_platform.php,footer.inc.php	yes	no	menu	unknown	session/header guard; form; ajax; print/pdf
admin/technical_failure_notice_sections.php	admin	technical_failure_notice_sections		technical failure notice sections	administrator			country,functin,if,technical_failure_notice_sections	<?php echo $pagename; ?>	create,update,delete		no	yes	header.inc.php,technical_failure_notice_sections.php,footer.inc.php	yes	no	menu	unknown	session/header guard; form; ajax; print/pdf
admin/technical_failure_notice_service_type.php	admin	technical_failure_notice_service_type		technical failure notice service type	administrator			functin,helper,if,technical_failure_notice_platform,technical_failure_notice_service_type	<?php echo $pagename; ?>	create,update,delete,send	4	no	yes	header.inc.php,technical_failure_notice_service_type.php,city_grap.php,sendsoundajax.php,footer.inc.php	yes	no	menu	unknown	session/header guard; form; ajax; print/pdf
admin/technical_failure_notice_type.php	admin	technical_failure_notice_type		technical failure notice type	administrator			country,functin,if,technical_failure_notice_type	<?php echo $pagename; ?>	create,update,delete		no	yes	header.inc.php,technical_failure_notice_type.php,footer.inc.php	yes	no	menu	unknown	session/header guard; form; ajax; print/pdf
admin/technical_failure_notice_view.php	admin	technical_failure_notice_view		technical failure notice view	administrator		branch	ra_users,technical_failure_notice,technical_failure_notice_process,technical_failure_notice_status		reply		no	yes	header.inc.php,index.php,complaints_pdf.php,footer.inc.php	yes	no	outbound-linked	unknown	session/header guard; ajax; print/pdf
admin/the_balance.php	admin	the_balance	تحليل ارصدة الحسابات	the balance	administrator		branch	ac_analysis_account,ac_branch_account,ac_constraints,ac_main_account,user_client				no	yes	header.inc.php,user_client.php,ac_daily_constraints.php,footer.inc.php	no	no	outbound-linked	unknown	session/header guard; print/pdf
admin/the_balance1.php	admin	the_balance1	تحليل ارصدة الحسابات	the balance1	administrator		branch	ac_analysis_account,ac_branch_account,ac_constraints,ac_main_account,user_client				no	yes	header.inc.php,user_client.php,ac_daily_constraints.php,footer.inc.php	no	no	outbound-linked	unknown	session/header guard; print/pdf
admin/third_party.php	admin	third_party		third party	administrator		branch	branches,functin,helper,if,third_party	<?php echo $pagename; ?>	create,update,delete,send	4	no	yes	header.inc.php,third_party.php,city_grap.php,sendsoundajax.php,footer.inc.php	yes	no	menu	unknown	session/header guard; form; ajax; print/pdf
admin/ticket.php	admin	ticket		ticket	administrator			programs,ra_users,reopen_ticket,ticket_attachment,ticket_comments,ticket_management_comments,ticket_programs,ticket_transfer,tickets	<?php echo $link; ?>	create,update,send	0,1	yes	no	header.inc.php,initialize1.php,ticket.php,contactus.php,footer.inc.php,reopen_ticket.php,ticket_transfer.php	no	no	outbound-linked	unknown	session/header guard; form; file handling/ref
admin/ticket_search.php	admin	ticket_search		ticket search	administrator			tickets,user_client	ticket_search.php		0	no	no	header.inc.php,get_idno1.php,get_name.php,get_mobile.php,users_client.php,ticket_search.php,footer.inc.php,ticket.php	no	no	outbound-linked	unknown	session/header guard; form
admin/ticket_transfer.php	admin	ticket_transfer		ticket transfer	administrator			ticket_transfer,tickets		create,update		no	no	header.inc.php,ticket.php,footer.inc.php	no	no	outbound-linked	unknown	session/header guard
admin/tickets_closed.php	admin	tickets_closed		tickets closed	administrator			ticket_comments,tickets		create,update,send	0	no	no	header.inc.php,initialize1.php,new_ticket.php,open_tickets.php,ticket.php,contactus.php,footer.inc.php	no	no	outbound-linked	unknown	session/header guard
admin/tickets_me_closed.php	admin	tickets_me_closed		tickets me closed	administrator			ticket_comments,tickets		create,update,send	0	no	no	header.inc.php,initialize1.php,new_ticket.php,open_tickets.php,ticket.php,contactus.php,footer.inc.php	no	no	outbound-linked	unknown	session/header guard
admin/tickets_me_opended.php	admin	tickets_me_opended		tickets me opended	administrator			ticket_comments,tickets		create,update,send	0,1	no	no	header.inc.php,initialize1.php,new_ticket.php,open_tickets.php,ticket.php,contactus.php,footer.inc.php	no	no	outbound-linked	unknown	session/header guard
admin/tickets_not_managed.php	admin	tickets_not_managed		tickets not managed	administrator			ticket_comments,ticket_transfer,tickets		create,update,send	0,1	no	no	header.inc.php,initialize1.php,tickets_not_managed.php,tickets_me_opended.php,ticket.php,contactus.php,open_tickets.php,footer.inc.php,user_subscribe_details.php	no	no	outbound-linked	unknown	session/header guard
admin/tickets_opened.php	admin	tickets_opened		tickets opened	administrator			ticket_comments,ticket_management_comments,tickets	tickets_opened.php	create,update,send	0,1	no	no	header.inc.php,initialize1.php,tickets_opened.php,open_tickets.php,ticket.php,contactus.php,footer.inc.php	no	no	outbound-linked	unknown	session/header guard; form
admin/total_shakawi.php	admin	total_shakawi		total shakawi	administrator			shakawi	total_shakawi.php	delete		no	yes	header.inc.php,total_shakawi.php,footer.inc.php	no	no	outbound-linked	unknown	session/header guard; form; print/pdf
admin/total_shakawi1.php	admin	total_shakawi1		total shakawi1	administrator			shakawi		delete,send,reply	4	no	yes	header.inc.php,send_mail_to_contact.php,sendsoundajax.php	yes	no	outbound-linked	unknown	session/header guard; ajax; print/pdf
admin/training_confirmation.php	admin	training_confirmation		training confirmation	administrator		company,branch	branches,certificate_upload,companies_groups,functin,html,if,ra_users,sms_archive,sms_sender_name,training_confirmation,training_confirmation_actions,training_confirmation_attachments,training_confirmation_pdfbase64,training_confirmation_status,user_role	<?php echo $pagename; ?>,./complaints.php	create,update,delete,send,reply	1,2,0,4,3,6,7	yes	yes	header.inc.php,training_confirmation.php,autoload.php,sms_class.php,Shortener.class.php,yakeen_v1.class.php,sendsoundajax.php,training_confirmation_pdf.php,barcode.php,trainingConfirmation.php,SL.php,trainingPlan.php,complaints.php,training_confirmation_status_details.php,training_confirmation_timeline.php,training_evaluation.php,training_evaluation1.php,training_evaluation6.php,footer.inc.php	yes	no	outbound-linked	unknown	session/header guard; form; ajax; print/pdf; file handling/ref
admin/transactions_methods.php	admin	transactions_methods		transactions methods	administrator			country,functin,if,user_groups_permission	<?php echo $pagename; ?>	create,update,delete		no	yes	header.inc.php,transactions_methods.php,footer.inc.php	yes	no	outbound-linked	unknown	session/header guard; form; ajax; print/pdf
admin/transferal_reason.php	admin	transferal_reason		transferal reason	administrator		branch	country,functin,if,transferal_reason	<?php echo $pagename; ?>	create,update,delete		no	yes	header.inc.php,transferal_reason.php,footer.inc.php	yes	no	menu	unknown	session/header guard; form; ajax; print/pdf
admin/update_client_info.php	admin	update_client_info		update client info	administrator			user_client	update_client_info.php?url=<?php echo $_GET[	update		no	no	header.inc.php,update_client_info.php,tbl_content_header.php,footer.inc.php	no	no	outbound-linked	unknown	session/header guard; form
admin/update_my_informations.php	admin	update_my_informations		update my informations	administrator			my,ra_users	<?php echo $pagename; ?>	update,send		no	yes	header.inc.php,update_my_informations.php,footer.inc.php,contact.php	no	no	outbound-linked	unknown	session/header guard; form; print/pdf
admin/upload_file.php	admin	upload_file		upload file	administrator			ra_upload	upload_file.php	create,delete		yes	yes	initialize.php,header.inc.php,footer.inc.php,delete_file.php,upload_file.php	no	no	outbound-linked	unknown	session/header guard; form; print/pdf; file handling/ref
admin/user_groups_permissins.php	admin	user_groups_permissins	'.$multiLangage->printName('name', $language, $r).'	user groups permissins	administrator		branch	page,page_group,user_groups,user_groups_permission		create,delete		no	yes	header.inc.php,0;URL=user_groups_permissins.php,footer.inc.php,user_groups_permissins.php	yes	no	outbound-linked	unknown	session/header guard; form; ajax; print/pdf
admin/user_subscribe_details.php	admin	user_subscribe_details		user subscribe details	administrator			client_package_term,client_sub,package,ticket_programs,user_client				no	yes	header.inc.php,footer.inc.php	no	no	outbound-linked	unknown	session/header guard; print/pdf
admin/usernameadmincheck.php	admin	usernameadmincheck		usernameadmincheck	administrator			ra_users				no	no	config.php	no	review	outbound-linked	unknown	
admin/usernamecheck.php	admin	usernamecheck		usernamecheck	administrator		branch	branch_users				no	no	config.php	no	review	outbound-linked	unknown	
admin/users.php	admin	users		users	administrator		branch	branches,job_titles,ra_users,user_groups	<?php echo $pagename; ?>	create,update,send	4	no	yes	header.inc.php,users.php,footer.inc.php,sendsoundajax.php,usernameadmincheck.php,emp_evaluation.php,change_my_pass.php,change_user_pass.php	yes	no	menu	unknown	session/header guard; form; ajax; print/pdf
admin/users_client.php	admin	users_client		users client	administrator			client,client_package_term,client_sub,package,user_client	users_client.php	create,update,delete,send		no	yes	header.inc.php,get_email.php,get_name.php,get_mobile.php,users_client.php,login.php,contactus.php,user_subscribe_details.php,sms_send_one.php,send_mail.php,client_del.php,change_client_pass.php,update_client_info.php,footer.inc.php	no	no	outbound-linked	unknown	session/header guard; form; print/pdf
admin/users_client_active.php	admin	users_client_active		users client active	administrator			client,client_package_term,client_sub,package,user_client	users_client.php	create,update,delete,send		no	yes	header.inc.php,get_email.php,get_name.php,get_mobile.php,users_client_active.php,users_client.php,login.php,contactus.php,user_subscribe_details.php,sms_send_one.php,send_mail.php,client_del.php,change_client_pass.php,update_client_info.php,footer.inc.php	no	no	outbound-linked	unknown	session/header guard; form; print/pdf
admin/users_client_disactive.php	admin	users_client_disactive		users client disactive	administrator			client,client_package_term,client_sub,package,user_client	users_client.php	create,update,delete,send		no	yes	header.inc.php,get_email.php,get_name.php,get_mobile.php,users_client_disactive.php,users_client.php,login.php,contactus.php,user_subscribe_details.php,sms_send_one.php,send_mail.php,client_del.php,change_client_pass.php,update_client_info.php,footer.inc.php	no	no	outbound-linked	unknown	session/header guard; form; print/pdf
admin/users_client_renew.php	admin	users_client_renew		users client renew	administrator			client,client_package_term,client_renewals,client_sub,clienttype,online_upgrade_demand,package,user_client	users_client.php	create,update,delete,approve,send		no	yes	header.inc.php,get_email.php,get_name.php,get_mobile.php,users_client.php,login.php,contactus.php,user_subscribe_details.php,sms_send_one.php,send_mail.php,upgrade_to_online.php,subscribe_renew.php,client_del.php,change_client_pass.php,update_client_info.php,footer.inc.php	no	no	outbound-linked	unknown	session/header guard; form; print/pdf
admin/users_clientـactive.php	admin	users_clientـactive		users client active	administrator			client,client_package_term,client_renewals,client_sub,clienttype,online_upgrade_demand,package,user_client	users_client.php	create,update,delete,approve,send		no	yes	header.inc.php,get_email.php,get_name.php,get_mobile.php,users_client.php,login.php,contactus.php,user_subscribe_details.php,sms_send_one.php,send_mail.php,upgrade_to_online.php,subscribe_renew.php,client_del.php,change_client_pass.php,update_client_info.php,footer.inc.php	no	no	outbound-linked	unknown	session/header guard; form; print/pdf
admin/vacancies.php	admin	vacancies		vacancies	administrator		branch	branches,country,functin,if	<?php echo $pagename; ?>	create,update,delete		no	yes	header.inc.php,vacancies.php,footer.inc.php	yes	no	outbound-linked	unknown	session/header guard; form; ajax; print/pdf
admin/vacation_balances.php	admin	vacation_balances		vacation balances	administrator			city,clients,country,if,vacation_balances	<?php echo $pagename; ?>	create,update,delete		no	yes	header.inc.php,vacation_balances.php,footer.inc.php	yes	no	outbound-linked	unknown	session/header guard; form; ajax; print/pdf
admin/vacation_request.php	admin	vacation_request		vacation request	administrator		branch	city,client_vacations,client_vacations_hr_reply,clients,functin,holydays_type,if,jobs_names	<?php echo $pagename; ?>	create,update,delete,approve,reply		no	yes	header.inc.php,vacation_request.php,footer.inc.php	yes	no	outbound-linked	unknown	session/header guard; form; ajax; print/pdf
admin/vacations.php	admin	vacations		vacations	administrator		branch	client_vacations_hr_reply,emp_vacations,functin,holydays_type,if,ra_users	<?php echo $pagename; ?>	create,update,delete,send,reply	4,2	no	yes	header.inc.php,vacations.php,sendsoundajax.php,vacations_pdf.php,footer.inc.php	yes	no	menu	unknown	session/header guard; form; ajax; print/pdf
admin/vacations_pdf.php	admin	vacations_pdf		vacations pdf	administrator		branch	bottom,branches,emp_vacations,holydays_type,html,ra_users		update,reply		yes	yes	hr_session.php,config.php,functions.php,multiLanguage.php,common.php,MyQuery.php,login.php,index.php,complaints_pdf.php,tcpdf_include.php,tcpdf_config_alt.php,tcpdf.php	yes	review	outbound-linked	unknown	ajax; print/pdf; file handling/ref
admin/view_emails_list.php	admin	view_emails_list		view emails list	administrator					send		no	no	header.inc.php,footer.inc.php	no	no	outbound-linked	unknown	session/header guard
admin/view_jobs.php	admin	view_jobs		view jobs	administrator		branch	jobs,ra_job_class		update,delete		no	yes	header.inc.php,view_jobs.php,update1_jobs.php,j_update_contact.php,delete_jobs.php	no	no	outbound-linked	unknown	session/header guard; print/pdf
admin/‎rep1_more_hours_rearep1_more_than_two_hours_reasons.phpsons.php	admin	‎rep1_more_hours_rearep1_more_than_two_hours_reasons.phpsons		‎rep1 more hours rearep1 more than two hours reasons.phpsons	administrator		branch	country,functin,if,rep1_more_than_two_hours_reasons	<?php echo $pagename; ?>	create,update,delete		no	yes	header.inc.php,rep1_more_than_two_hours_reasons.php,footer.inc.php	yes	no	outbound-linked	unknown	session/header guard; form; ajax; print/pdf
administrative_cases.php	root	administrative_cases		administrative cases	authenticated/unknown		branch	administrative_cases,administrative_cases_actions,administrative_cases_attachments,administrative_cases_claimants,administrative_cases_objecting_party,administrative_cases_payment_type,administrative_cases_reconciliation_installment,administrative_cases_required_documents_attachments,administrative_cases_statement_request,administrative_cases_status,administrative_cases_suspend_case_request,administrative_cases_suspend_case_request_status,alhammadi_companies,branches,branches_departments,branches_emails,date,department_sender_email,functin,if,ra_users,sms_sender_name	<?php echo $pagename; ?>,<?php echo 	create,update,delete,reject,send,reply	0,1,4,16,9,14,5,6,7	yes	yes	header.inc.php,sms_class.php,OpensslEncryptDecrypt.php,PHPMailer.php,SMTP.php,Exception.php,administrative_cases.php,lawsuit_sessions_schedule.php,administrative_casesCheck.php,administrative_cases_reply_form.php,footer.inc.php,administrative_cases_reconciliation_pdf.php,administrative_cases_status_details.php,sendsoundajax.php,administrative_cases_pdf.php,administrative_cases_timeline.php,administrative_cases_suspend_case_request_pdf.php,administrative_cases_request_waiver_case.php,administrative_casesCheckٍReply.php,administrative_cases_session_pdf.php,administrative_cases_grap.php,rep12_main_section_grap.php,inquired_section_grap.php	yes	no	outbound-linked	unknown	session/header guard; form; ajax; print/pdf; file handling/ref
administrative_casesCheck.php	root	administrative_casesCheck		administrative casesCheck	authenticated/unknown		branch	administrative_cases,administrative_cases_claimants,administrative_cases_statement_request,alhammadi_companies,branches,companies_groups,html,ra_users		reject,reply		yes	yes	autoload.php,hr_session.php,config.php,functions.php,multiLanguage.php,common.php,MyQuery.php,index.php,administrative_cases_reply_form_result.php,medicalReport_pdf.php	yes	review	outbound-linked	unknown	ajax; print/pdf; file handling/ref
administrative_casesCheckٍReply.php	root	administrative_casesCheckٍReply		administrative casesCheckٍReply	authenticated/unknown		branch	administrative_cases,administrative_cases_claimants,administrative_cases_statement_request,alhammadi_companies,branches,companies_groups,html,ra_users		reject,reply		yes	yes	autoload.php,hr_session.php,config.php,functions.php,multiLanguage.php,common.php,MyQuery.php,index.php,administrative_cases_reply_form_result.php,medicalReport_pdf.php	yes	review	outbound-linked	unknown	ajax; print/pdf; file handling/ref
administrative_cases_details.php	root	administrative_cases_details		administrative cases details	authenticated/unknown		branch	administrative_cases_actions,administrative_cases_reconciliation_status,branches		reply	4,1	no	no	config.php,empty.php,administrative_cases_next_session.php,administrative_cases_reconciliation_options.php	yes	review	outbound-linked	unknown	ajax
administrative_cases_form_other.php	root	administrative_cases_form_other		administrative cases form other	authenticated/unknown							no	no		no	review	unresolved	unknown	
administrative_cases_forms.php	root	administrative_cases_forms		administrative cases forms	authenticated/unknown			alhammadi_companies,country_yakeen				yes	no	hr_session.php,config.php,empty.php,administrative_cases_next_session.php	yes	review	outbound-linked	unknown	ajax; file handling/ref
administrative_cases_next_session.php	root	administrative_cases_next_session		administrative cases next session	authenticated/unknown							no	no		no	review	unresolved	unknown	
administrative_cases_pdf.php	root	administrative_cases_pdf		administrative cases pdf	authenticated/unknown		branch	administrative_cases,administrative_cases_claimants,administrative_cases_objecting_party,alhammadi_companies,companies_groups,country_yakeen,html,ra_users		reject,reply		yes	yes	autoload.php,hr_session.php,config.php,functions.php,multiLanguage.php,common.php,MyQuery.php,index.php,medicalReport_pdf.php	yes	review	outbound-linked	unknown	ajax; print/pdf; file handling/ref
administrative_cases_reconciliation_installment.php	root	administrative_cases_reconciliation_installment		administrative cases reconciliation installment	authenticated/unknown							no	no		no	review	unresolved	unknown	
administrative_cases_reconciliation_options.php	root	administrative_cases_reconciliation_options		administrative cases reconciliation options	authenticated/unknown							no	no	administrative_cases_reconciliation_installment.php	no	review	outbound-linked	unknown	
administrative_cases_reply_form.php	root	administrative_cases_reply_form	ALHAMMADI	administrative cases reply form	authenticated/unknown		branch	administrative_cases,administrative_cases_actions,administrative_cases_attachments,administrative_cases_statement_request	administrative_cases_reply_form.php	create,update,delete,reply	14	yes	no	hr_session.php,config.php,functions.php,validationForm.php,multiLanguage.php,user.php,paginator.class.php,permissions.link.php,common.php,MyQuery.php,clientContract.php,clientVacations.php,form_token.php,administrative_cases_reply_form_result.php,administrative_cases_reply_form.php,rep12_sub_section_client_grap.php,rep12_main_section_grap.php	yes	no	outbound-linked	unknown	session/header guard; form; ajax; file handling/ref
administrative_cases_reply_form_result.php	root	administrative_cases_reply_form_result	ALHAMMADI | NEWBORNS	administrative cases reply form result	authenticated/unknown			commercial_cases_statement_request		update,reply		yes	no	hr_session.php,config.php,functions.php,validationForm.php,multiLanguage.php,user.php,paginator.class.php,permissions.link.php,common.php,MyQuery.php,clientContract.php,clientVacations.php,complaint_reply_form.php	yes	review	outbound-linked	unknown	ajax; file handling/ref
administrative_cases_session_pdf.php	root	administrative_cases_session_pdf		administrative cases session pdf	authenticated/unknown		branch	administrative_cases,administrative_cases_actions,administrative_cases_claimants,alhammadi_companies,companies_groups,html,ra_users		reject,reply	4	yes	yes	autoload.php,hr_session.php,config.php,functions.php,multiLanguage.php,common.php,MyQuery.php,index.php,medicalReport_pdf.php	yes	review	outbound-linked	unknown	ajax; print/pdf; file handling/ref
administrative_cases_status_details.php	root	administrative_cases_status_details		administrative cases status details	authenticated/unknown		branch	administrative_cases_actions,administrative_cases_reconciliation_status,branches		reply	4,1	no	no	config.php,empty.php,administrative_cases_next_session.php,administrative_cases_reconciliation_options.php	yes	review	outbound-linked	unknown	ajax
administrative_cases_timeline.php	root	administrative_cases_timeline		administrative cases timeline	authenticated/unknown		branch	administrative_cases,administrative_cases_actions,administrative_cases_statement_request,administrative_cases_status,branches,ra_users		reply	9,14,4	no	no	header.inc.php,birth_notification.php,footer.inc.php	yes	no	outbound-linked	unknown	session/header guard; ajax
admission_calculator.php	root	admission_calculator		admission calculator	authenticated/unknown		branch	admission_calculator,functin,if,ra_users,room_type,sms_archive	./complaints.php,<?php echo $pagename; ?>	create,update,delete,send,reply	4	no	yes	header.inc.php,sms_class.php,Shortener.class.php,admission_calculator.php,footer.inc.php,admission_calculator_pdf.php,admission_calculator_pdf_en.php,SL.php,sendsoundajax.php,complaints.php,admission_calculator_procedures.php,admission_calculator_observation.php,admission_calculator_pdf_arabic.php,admission_calculator_pdf_engilsh.php	yes	no	outbound-linked	unknown	session/header guard; form; ajax; print/pdf
admission_calculator_observation.php	root	admission_calculator_observation	تسعيرة الخدمات الطبية -تحت المراقبة	admission calculator observation	authenticated/unknown		branch	admission_calculator,admission_nationality,admission_rooms,admission_service_price,vat	<?php echo $pagename;?>	create	1	no	yes	header.inc.php,admission_calculator_observation.php,admission_calculator.php,footer.inc.php	yes	no	outbound-linked	unknown	session/header guard; form; ajax; print/pdf
admission_calculator_pdf.php	root	admission_calculator_pdf		admission calculator pdf	authenticated/unknown		company,branch	admission_calculator,admission_rooms,booking_period,branches,companies_groups,html,ra_users		reply		yes	yes	autoload.php,hr_session.php,config.php,functions.php,multiLanguage.php,common.php,MyQuery.php,index.php,complaints_pdf.php,admission_calculator_pdf.php,barcode.php	yes	no	outbound-linked	unknown	session/header guard; ajax; print/pdf; file handling/ref
admission_calculator_pdf_arabic.php	root	admission_calculator_pdf_arabic		admission calculator pdf arabic	authenticated/unknown		company,branch	admission_calculator,admission_rooms,booking_period,branches,companies_groups,html,ra_users		reply		yes	yes	autoload.php,hr_session.php,config.php,functions.php,multiLanguage.php,common.php,MyQuery.php,login.php,logout.php,index.php,complaints_pdf.php,admission_calculator_pdf.php,barcode.php	yes	no	outbound-linked	unknown	session/header guard; ajax; print/pdf; file handling/ref
admission_calculator_pdf_en.php	root	admission_calculator_pdf_en		admission calculator pdf en	authenticated/unknown		company,branch	admission_calculator,booking_period,branches,companies_groups,html,ra_users,room_type		reply		yes	yes	autoload.php,hr_session.php,config.php,functions.php,multiLanguage.php,common.php,MyQuery.php,index.php,complaints_pdf.php,admission_calculator_pdf_en.php,barcode.php	yes	no	outbound-linked	unknown	session/header guard; ajax; print/pdf; file handling/ref
admission_calculator_pdf_engilsh.php	root	admission_calculator_pdf_engilsh		admission calculator pdf engilsh	authenticated/unknown		company,branch	admission_calculator,admission_rooms,booking_period,branches,companies_groups,html,ra_users		reply		yes	yes	autoload.php,hr_session.php,config.php,functions.php,multiLanguage.php,common.php,MyQuery.php,login.php,logout.php,index.php,complaints_pdf.php,admission_calculator_pdf_en.php,barcode.php	yes	no	outbound-linked	unknown	session/header guard; ajax; print/pdf; file handling/ref
admission_calculator_procedures.php	root	admission_calculator_procedures	تسعيرة الخدمات الطبية -اجراءات	admission calculator procedures	authenticated/unknown		branch	admission_calculator,admission_nationality,admission_rooms,admission_service_price,vat	<?php echo $pagename;?>	create	2	no	yes	header.inc.php,admission_calculator_procedures.php,admission_calculator.php,footer.inc.php	yes	no	outbound-linked	unknown	session/header guard; form; ajax; print/pdf
advance_request.php	root	advance_request		advance request	authenticated/unknown		branch	advance_request,clients,helper	<?php echo $pagename; ?>	create,update,delete,approve,send,reply		no	yes	header.inc.php,advance_request.php,footer.inc.php,city_grap.php	yes	no	outbound-linked	unknown	session/header guard; form; ajax; print/pdf
app-calendar.php	root	app-calendar		app calendar	authenticated/unknown							no	no	header.inc.php	no	no	outbound-linked	unknown	session/header guard
app-email.php	root	app-email	Email Application - Frest - Bootstrap HTML admin template	app email	authenticated/unknown		branch	far,next	#,javascript:void(0);	update,delete,approve,send,reply		yes	yes	hr_session.php,config.php,functions.php,validationForm.php,multiLanguage.php,user.php,paginator.class.php,permissions.link.php,common.php,MyQuery.php,clientContract.php,clientVacations.php,login.php,permissions.class.php,index.php,employees.php,companies_groups.php,adm_reg_branch.php,branches_departments.php,adm_user_branch.php,notice_type.php,users.php,adm_user_groups.php	no	review	outbound-linked	unknown	form; print/pdf; file handling/ref
app-todo.php	root	app-todo	HH	app todo	authenticated/unknown		branch			update,delete,approve		yes	yes	hr_session.php,config.php,functions.php,validationForm.php,multiLanguage.php,user.php,paginator.class.php,permissions.link.php,common.php,MyQuery.php,clientContract.php,clientVacations.php,login.php,permissions.class.php,app-email.php,app-todo.php,app-calendar.php,change_pass.php,logout.php,index.php,employees.php,companies_groups.php,adm_reg_branch.php,branches_departments.php,adm_user_branch.php,notice_type.php,users.php,adm_user_groups.php	no	review	outbound-linked	unknown	print/pdf; file handling/ref
arc_pdf.php	root	arc_pdf		arc pdf	authenticated/unknown			archives,archives_sit,archives_view,ra_users				no	yes	header.inc.php,footer.inc.php	yes	no	outbound-linked	unknown	session/header guard; ajax; print/pdf
arch_answerpdf.php	root	arch_answerpdf	الختم الرسمي	arch answerpdf	authenticated/unknown		branch	admission_calculator,archives,archives_view,companies_groups,html,lawsuit_payment_type,ra_users		update	2,1	yes	yes	autoload.php,hr_session.php,config.php,functions.php,multiLanguage.php,common.php,MyQuery.php,archives.php,admission_calculator_pdf.php	yes	no	outbound-linked	unknown	session/header guard; ajax; print/pdf; file handling/ref
arch_email.php	root	arch_email	الختم الرسمي	arch email	authenticated/unknown		branch	admission_calculator,archives,archives_view,companies_groups,html,lawsuit_payment_type,ra_users		update	2,1	yes	yes	autoload.php,hr_session.php,config.php,functions.php,multiLanguage.php,common.php,MyQuery.php,archives.php,admission_calculator_pdf.php,archives_answer.php	yes	no	outbound-linked	unknown	session/header guard; ajax; print/pdf; file handling/ref
arch_phone.php	root	arch_phone	الختم الرسمي	arch phone	authenticated/unknown		branch	admission_calculator,archives,archives_view,companies_groups,html,lawsuit_payment_type,ra_users		update	2,1	yes	yes	autoload.php,hr_session.php,config.php,functions.php,multiLanguage.php,common.php,MyQuery.php,archives.php,admission_calculator_pdf.php	yes	no	outbound-linked	unknown	session/header guard; ajax; print/pdf; file handling/ref
archive2s.php	root	archive2s	Al Hammadi Hospitals Group	archive2s	authenticated/unknown		branch	arch_fi,arch_files,arch_timeline,archives,archives_sit,archives_view,companies_groups,companies_groups_general,department_sender_email,g_data,lawsuit_payment_type	/archive2s.php,<?php echo $pagename; ?>	create,update,delete,send	1,2,3,4	yes	yes	header.inc.php,autoload.php,sms_class.php,Shortener.class.php,yakeen_v1.class.php,OpensslEncryptDecrypt.php,PHPMailer.php,SMTP.php,Exception.php,archive2s.php,archives_beuse.php,archives_sit2.php,archives_t.php,arc_pdf.php,archives_pdf.php,arch_answerpdf.php,G_retrun.php,arch_phone.php,arch_email.php,fliter_reportss.php,sendsoundajax.php,footer.inc.php	yes	no	outbound-linked	unknown	session/header guard; form; ajax; print/pdf; file handling/ref
archives.php	root	archives	Al Hammadi Hospitals Group	archives	authenticated/unknown		branch	arch_fi,arch_files,arch_timeline,archives,archives_sit,archives_view,companies_groups,department_sender_email,g_data,lawsuit_payment_type	/archives.php,<?php echo $pagename; ?>	create,update,delete,send	1,2,3,4	yes	yes	header.inc.php,autoload.php,sms_class.php,Shortener.class.php,yakeen_v1.class.php,OpensslEncryptDecrypt.php,PHPMailer.php,SMTP.php,Exception.php,archives.php,archives_beuse.php,archives_sit.php,archives_t.php,arc_pdf.php,archives_pdf.php,arch_answerpdf.php,G_retrun.php,arch_phone.php,arch_email.php,fliter_reportss.php,sendsoundajax.php,footer.inc.php	yes	no	outbound-linked	unknown	session/header guard; form; ajax; print/pdf; file handling/ref
archives_answer.php	root	archives_answer	HH-GovernmentـreportsAnswer	archives answer	authenticated/unknown			arch_fi,arch_timeline,archives,g_view,lawsuit_payment_type	/archives_answer.php?id=	create,update	2	yes	no	hr_session.php,config.php,functions.php,validationForm.php,multiLanguage.php,user.php,paginator.class.php,permissions.link.php,common.php,MyQuery.php,clientContract.php,clientVacations.php,sms_class.php,Shortener.class.php,OpensslEncryptDecrypt.php,PHPMailer.php,SMTP.php,Exception.php,archives_answer.php,Government_mas.php	yes	no	outbound-linked	unknown	session/header guard; form; ajax; file handling/ref
archives_beuse.php	root	archives_beuse	الختم الرسمي	archives beuse	authenticated/unknown		branch	admission_calculator,archives,archives_view,companies_groups,html,lawsuit_payment_type,ra_users		update	2,1	yes	yes	autoload.php,hr_session.php,config.php,functions.php,multiLanguage.php,common.php,MyQuery.php,archives.php,admission_calculator_pdf.php	yes	no	outbound-linked	unknown	session/header guard; ajax; print/pdf; file handling/ref
archives_pdf.php	root	archives_pdf	الختم الرسمي	archives pdf	authenticated/unknown		branch	admission_calculator,archives,companies_groups,html,lawsuit_payment_type,ra_users				yes	yes	autoload.php,hr_session.php,config.php,functions.php,multiLanguage.php,common.php,MyQuery.php,archives.php,admission_calculator_pdf.php	yes	no	outbound-linked	unknown	session/header guard; ajax; print/pdf; file handling/ref
archives_sit.php	root	archives_sit		archives sit	authenticated/unknown		branch	archives_sit	/archives_sit.php	create,update		no	no	header.inc.php,Governmentـreportss.php,sms_class.php,OpensslEncryptDecrypt.php,PHPMailer.php,SMTP.php,Exception.php,archives_sit.php,footer.inc.php	yes	no	outbound-linked	unknown	session/header guard; form; ajax
archives_sit2.php	root	archives_sit2		archives sit2	authenticated/unknown		branch	archives_sit,companies_groups_general	/archives_sit2.php	create,update		no	no	header.inc.php,Governmentـreportss.php,sms_class.php,OpensslEncryptDecrypt.php,PHPMailer.php,SMTP.php,Exception.php,archives_sit2.php,footer.inc.php	yes	no	outbound-linked	unknown	session/header guard; form; ajax
archives_t.php	root	archives_t		archives t	authenticated/unknown			arch_timeline,archives,archives_sit,lawsuit_payment_type,ra_users			3,2,1,4	no	no	header.inc.php,footer.inc.php	yes	no	outbound-linked	unknown	session/header guard; ajax
assets/json/ajax.php	assets	ajax		ajax	authenticated/unknown							no	no		no	review	unresolved	unknown	
bed_reservation.php	root	bed_reservation		bed reservation	authenticated/unknown		branch	bed_reservation,booking_period,functin,if,ra_users,room_type	<?php echo $pagename; ?>	create,update,delete,send,reply	4	no	yes	header.inc.php,form_token.php,bed_reservation.php,sendsoundajax.php,bed_reservation_pdf.php,footer.inc.php	yes	no	outbound-linked	unknown	session/header guard; form; ajax; print/pdf
bed_reservation_pdf.php	root	bed_reservation_pdf		bed reservation pdf	authenticated/unknown		company,branch	bed_reservation,booking_period,branches,companies_groups,forms_contacts,html,ra_users,room_type		reply		yes	yes	autoload.php,hr_session.php,config.php,functions.php,multiLanguage.php,common.php,MyQuery.php,index.php,complaints_pdf.php,bed_reservation_pdf.php,barcode.php	yes	no	outbound-linked	unknown	session/header guard; ajax; print/pdf; file handling/ref
bed_reservation_pdf_en.php	root	bed_reservation_pdf_en		bed reservation pdf en	authenticated/unknown		company,branch	bed_reservation,booking_period,branches,companies_groups,forms_contacts,html,ra_users,room_type		send,reply		yes	yes	autoload.php,hr_session.php,config.php,functions.php,multiLanguage.php,common.php,MyQuery.php,index.php,complaints_pdf.php,bed_reservation_pdf_en.php,barcode.php	yes	no	outbound-linked	unknown	session/header guard; ajax; print/pdf; file handling/ref
bed_reservation_tcpdf.php	root	bed_reservation_tcpdf		bed reservation tcpdf	authenticated/unknown		company,branch	bed_reservation,booking_period,bottom,branches,companies_groups,data,forms_contacts,html,ra_users,room_type		update,reply		yes	yes	hr_session.php,config.php,functions.php,multiLanguage.php,common.php,MyQuery.php,index.php,complaints_pdf.php,bed_reservation_pdf.php,tcpdf_include.php,tcpdf_config_alt.php,tcpdf.php	yes	no	outbound-linked	unknown	session/header guard; ajax; print/pdf; file handling/ref
birth_notification.php	root	birth_notification		birth notification	authenticated/unknown		branch	birth_notification,birth_notification_seha_upload,clinician_hospitals,clinicians,if,newborn_type,ra_users,server,sms_archive,sms_sender_name	<?php echo $pagename; ?>,<?php echo $page_name; ?>	create,update,delete,send	4,3,0,2,1	yes	yes	header.inc.php,form_token.php,sms_class.php,birth_notification.php,sendsoundajax.php,birthchild_form.php,SL.php,footer.inc.php,birth_notification_form_arabic.php,birth_notification_form_english.php,birth_pdf.php,birthchild_form_status_reason.php,birth_notification_timeline.php,birth_notification_get.php	yes	no	outbound-linked	unknown	session/header guard; form; ajax; print/pdf; file handling/ref
birth_notification1.php	root	birth_notification1	تبليغ الولادة	birth notification1	authenticated/unknown		branch	birth_notification,birth_notification_obstetrics,birth_notification_seha_upload,if,newborn_type,ra_users,server,sms_archive,sms_sender_name	<?php echo $pagename; ?>,<?php echo $page_name; ?>,<?php echo $page_name;?>	create,update,delete,send	0,4,1,2	yes	yes	header.inc.php,sms_class.php,birth_notification.php,sendsoundajax.php,birthchild_form.php,SL.php,footer.inc.php,birth_notification_form_arabic.php,birth_notification_form_english.php,inquiries_and_services.php,birth_pdf.php,birthchild_form_status_reason.php,birth_notification_timeline.php,birth_notification_get.php	yes	no	outbound-linked	unknown	session/header guard; form; ajax; print/pdf; file handling/ref
birth_notification2.php	root	birth_notification2	تبليغ الولادة	birth notification2	authenticated/unknown		branch	birth_notification,birth_notification_obstetrics,birth_notification_seha_upload,if,newborn_type,ra_users,server,sms_archive,sms_sender_name	<?php echo $pagename; ?>,<?php echo $page_name; ?>,<?php echo $page_name;?>	create,update,delete,send	4,3,0,2,1	yes	yes	header.inc.php,sms_class.php,birth_notification.php,sendsoundajax.php,birthchild_form.php,SL.php,footer.inc.php,birth_notification_form_arabic.php,birth_notification_form_english.php,inquiries_and_services.php,birth_pdf.php,birthchild_form_status_reason.php,birth_notification_timeline.php,birth_notification_get.php	yes	no	outbound-linked	unknown	session/header guard; form; ajax; print/pdf; file handling/ref
birth_notification_form_arabic.php	root	birth_notification_form_arabic		birth notification form arabic	authenticated/unknown			clinician_hospitals,clinicians				no	no	hr_session.php,config.php,functions.php,validationForm.php,multiLanguage.php,user.php,paginator.class.php,permissions.link.php,common.php,MyQuery.php	yes	review	outbound-linked	unknown	ajax
birth_notification_form_english.php	root	birth_notification_form_english		birth notification form english	authenticated/unknown			clinician_hospitals,clinicians				no	no	hr_session.php,config.php,functions.php,validationForm.php,multiLanguage.php,user.php,paginator.class.php,permissions.link.php,common.php,MyQuery.php	yes	review	outbound-linked	unknown	ajax
birth_notification_get.php	root	birth_notification_get		birth notification get	authenticated/unknown			birth_notification,the				no	no	hr_session.php,config.php,functions.php,validationForm.php,multiLanguage.php,user.php,paginator.class.php,permissions.link.php,common.php,MyQuery.php	yes	review	outbound-linked	unknown	ajax
birth_notification_pdf.php	root	birth_notification_pdf		birth notification pdf	authenticated/unknown		company,branch	birth_notification,birth_notification_id_type,birth_notification_seha_upload,birth_relative_relation,branches,clinicians,companies_groups,country_yakeen,html,nationality,ra_users		reply	1	yes	yes	autoload.php,hr_session.php,config.php,functions.php,multiLanguage.php,common.php,MyQuery.php,complaints_pdf.php,birth_notification_pdf.php	yes	no	outbound-linked	unknown	session/header guard; ajax; print/pdf; file handling/ref
birth_notification_pdfBk.php	root	birth_notification_pdfBk		birth notification pdfBk	authenticated/unknown		company,branch	birth_notification,birth_notification_id_type,birth_notification_obstetrics,birth_notification_seha_upload,bottom,branches,companies_groups,html,nationality,ra_users,relative_relation		update,reply	1	yes	yes	hr_session.php,config.php,functions.php,multiLanguage.php,common.php,MyQuery.php,complaints_pdf.php,birth_notification_pdf.php,tcpdf_include.php,tcpdf_config_alt.php,tcpdf.php	yes	no	outbound-linked	unknown	session/header guard; ajax; print/pdf; file handling/ref
birth_notification_timeline.php	root	birth_notification_timeline		birth notification timeline	authenticated/unknown			birth_notification,birth_notification_seha_upload,ra_users			1	yes	no	header.inc.php,birth_notification.php,footer.inc.php	yes	no	outbound-linked	unknown	session/header guard; ajax; file handling/ref
birth_pdf.php	root	birth_pdf		birth pdf	authenticated/unknown		company,branch	birth_notification,birth_notification_id_type,birth_notification_seha_upload,branches,clinicians,companies_groups,country_yakeen,html,nationality,ra_users,relative_relation		reply	1	yes	yes	autoload.php,hr_session.php,config.php,functions.php,multiLanguage.php,common.php,MyQuery.php,complaints_pdf.php,birth_notification_pdf.php	yes	no	outbound-linked	unknown	session/header guard; ajax; print/pdf; file handling/ref
birth_pdfBk.php	root	birth_pdfBk		birth pdfBk	authenticated/unknown		company,branch	birth_notification,birth_notification_id_type,birth_notification_obstetrics,birth_notification_seha_upload,bottom,branches,companies_groups,html,nationality,ra_users,relative_relation		update,reply	1	yes	yes	hr_session.php,config.php,functions.php,multiLanguage.php,common.php,MyQuery.php,index.php,complaints_pdf.php,birth_notification_pdf.php,tcpdf_include.php,tcpdf_config_alt.php,tcpdf.php	yes	no	outbound-linked	unknown	session/header guard; ajax; print/pdf; file handling/ref
birthchild_form.php	root	birthchild_form	ALHAMMADI | NEWBORNS	birthchild form	authenticated/unknown			birth_notification,birth_notification_id_type,country_yakeen	birthchild_form.php?t=<?php echo htmlspecialchars($birthchildToken, ENT_QUOTES, 	update,send	4	yes	no	hr_session.php,config.php,functions.php,validationForm.php,multiLanguage.php,user.php,paginator.class.php,permissions.link.php,common.php,MyQuery.php,clientContract.php,clientVacations.php,form_token.php,birthchild_form.php,birthchild_form_result.php,birthchild_form_id_copy_number.php,govermental_serves_forms.php,sendsoundajax.php,birthchild_form_id_copy_number_mother.php,empty.php,birthchild_form_reporting_person.php	yes	review	outbound-linked	unknown	form; ajax; file handling/ref
birthchild_form_id_copy_number.php	root	birthchild_form_id_copy_number		birthchild form id copy number	authenticated/unknown							no	no		no	review	unresolved	unknown	
birthchild_form_id_copy_number_mother.php	root	birthchild_form_id_copy_number_mother		birthchild form id copy number mother	authenticated/unknown							no	no		no	review	unresolved	unknown	
birthchild_form_reporting_person.php	root	birthchild_form_reporting_person		birthchild form reporting person	authenticated/unknown			birth_relative_relation				no	no	hr_session.php,config.php,functions.php,validationForm.php,multiLanguage.php,user.php,paginator.class.php,permissions.link.php,common.php,MyQuery.php	yes	review	outbound-linked	unknown	ajax
birthchild_form_result.php	root	birthchild_form_result	ALHAMMADI | NEWBORNS	birthchild form result	authenticated/unknown							yes	no	hr_session.php,config.php,functions.php,validationForm.php,multiLanguage.php,user.php,paginator.class.php,permissions.link.php,common.php,MyQuery.php,clientContract.php,clientVacations.php	no	review	outbound-linked	unknown	file handling/ref
birthchild_form_status_reason.php	root	birthchild_form_status_reason		birthchild form status reason	authenticated/unknown							no	no		no	review	unresolved	unknown	
bn.php	root	bn	تبليغ الولادة	bn	authenticated/unknown		branch	birth_notification,birth_notification_obstetrics,birth_notification_seha_upload,if,newborn_type,ra_users,server,sms_archive,sms_sender_name	<?php echo $pagename; ?>,<?php echo $page_name; ?>,<?php echo $page_name;?>	create,update,delete,send	0,4,1,2	yes	yes	header.inc.php,form_token.php,sms_class.php,bn.php,birth_notification.php,sendsoundajax.php,birthchild_form.php,SL.php,footer.inc.php,birth_notification_form_arabic.php,birth_notification_form_english.php,inquiries_and_services.php,birth_pdf.php,birthchild_form_status_reason.php,birth_notification_timeline.php,birth_notification_get.php	yes	no	outbound-linked	unknown	session/header guard; form; ajax; print/pdf; file handling/ref
book_a_medical_appointment.php	root	book_a_medical_appointment		book a medical appointment	authenticated/unknown		branch	book_a_medical_appointment,book_a_medical_appointment_coverage_status,book_a_medical_appointment_procedure_place,book_a_medical_appointment_status,book_a_medical_appointment_time,book_a_medical_appointment_timeline,clinicians,if,sms_archive,sms_sender_name,specialized_clinics	./complaints.php,<?php echo medical_appointment_h($pagename); ?>	create,update,delete,reject,send,reply	0,1,5,4	no	yes	header.inc.php,sms_class.php,book_a_medical_appointment.php,complaints.php,footer.inc.php,medical_appointment.php,book_a_medical_appointment_patient_form.php,sendsoundajax.php,book_a_medical_appointment_doctor_form.php,book_a_medical_appointment_status_details.php,book_a_medical_appointment_timeline.php,medical_appointment_pdf.php,medical_appointment_select_date_pdf.php,medical_appointment_rejected_pdf.php,medical_appointment_doctor_reply_pdf.php,department_grap.php,rep12_main_section_grap.php,book_appointment_doctors_grap.php	yes	no	outbound-linked	unknown	session/header guard; form; ajax; print/pdf
book_a_medical_appointment_department.php	root	book_a_medical_appointment_department		book a medical appointment department	authenticated/unknown		branch	book_a_medical_appointment_department,complaints,functin,if	<?php echo medical_appointment_department_h($pagename); ?>	create,update,delete,send	4	no	no	header.inc.php,book_a_medical_appointment_department.php,sendsoundajax.php,footer.inc.php	yes	no	outbound-linked	unknown	session/header guard; form; ajax
book_a_medical_appointment_doctor_form.php	root	book_a_medical_appointment_doctor_form		book a medical appointment doctor form	authenticated/unknown							no	no	hr_session.php,config.php	no	review	outbound-linked	unknown	
book_a_medical_appointment_doctors.php	root	book_a_medical_appointment_doctors		book a medical appointment doctors	authenticated/unknown		branch	book_a_medical_appointment_doctors,clinicians,functin,if	<?php echo medical_appointment_doctors_h($pagename); ?>	create,update,delete,send	4	no	no	header.inc.php,book_a_medical_appointment_doctors.php,sendsoundajax.php,footer.inc.php	yes	no	outbound-linked	unknown	session/header guard; form; ajax
book_a_medical_appointment_form.php	root	book_a_medical_appointment_form		book a medical appointment form	authenticated/unknown			book_a_medical_appointment_coverage_status,book_a_medical_appointment_procedure_place,specialized_clinics			1	no	no	hr_session.php,config.php	yes	review	outbound-linked	unknown	ajax
book_a_medical_appointment_patient_form.php	root	book_a_medical_appointment_patient_form		book a medical appointment patient form	authenticated/unknown							no	no	hr_session.php,config.php	no	review	outbound-linked	unknown	
book_a_medical_appointment_reason.php	root	book_a_medical_appointment_reason		book a medical appointment reason	authenticated/unknown							no	no		no	review	unresolved	unknown	
book_a_medical_appointment_status_details.php	root	book_a_medical_appointment_status_details		book a medical appointment status details	authenticated/unknown							no	no	config.php	no	review	outbound-linked	unknown	
book_a_medical_appointment_timeline.php	root	book_a_medical_appointment_timeline		book a medical appointment timeline	authenticated/unknown		branch	book_a_medical_appointment,book_a_medical_appointment_status,book_a_medical_appointment_timeline,clinicians,ra_users,specialized_clinics			3,11	no	yes	header.inc.php,birth_notification.php,footer.inc.php	yes	no	outbound-linked	unknown	session/header guard; ajax; print/pdf
book_a_medical_appointment_timelineBk.php	root	book_a_medical_appointment_timelineBk		book a medical appointment timelineBk	authenticated/unknown		branch	book_a_medical_appointment,book_a_medical_appointment_status,book_a_medical_appointment_timeline,ra_users				no	no	header.inc.php,birth_notification.php,footer.inc.php	yes	no	outbound-linked	unknown	session/header guard; ajax
book_appointment_doctors_grap.php	root	book_appointment_doctors_grap		book appointment doctors grap	authenticated/unknown		branch	clinicians,comlaints_employees_emails,rep12_subsection				no	no	hr_session.php,config.php,common.php	yes	no	outbound-linked	unknown	session/header guard; ajax
branch/B_pdf.php	branch	B_pdf		B pdf	branch user		branch	branches,briefing,briefing_view,ra_users		send	0,1,2,3,4	no	yes	header.inc.php,footer.inc.php	yes	no	outbound-linked	unknown	session/header guard; ajax; print/pdf
branch/BriefingـNotice.php	branch	BriefingـNotice	خدمة إجازة منصة صحة	Briefing Notice	branch user		branch	branches,briefing,briefing_view,department_sender_email,g_data	BriefingـNotice.php	create,update,delete,send	0,3,2,1,4,5,6,7,8,9	yes	yes	header.inc.php,sms_class.php,Shortener.class.php,OpensslEncryptDecrypt.php,BriefingـNotice.php,B_pdf.php,BriefingـNoticeـpdf.php,G_answerNN.php,fliter_reportss.php,footer.inc.php	yes	no	outbound-linked	unknown	session/header guard; form; ajax; print/pdf; file handling/ref
branch/BriefingـNotices.php	branch	BriefingـNotices	خدمة إجازة منصة صحة	Briefing Notices	branch user		branch	branches,briefing,briefing_view,department_sender_email,g_data	BriefingـNotices.php,<?php echo $pagename; ?>	create,update,delete,send	0,3,2,1,4,5,6,7,8,9	yes	yes	header.inc.php,sms_class.php,Shortener.class.php,OpensslEncryptDecrypt.php,BriefingـNotices.php,B_pdf.php,BriefingـNoticeـpdf.php,G_answerNN.php,fliter_reportss.php,footer.inc.php	yes	no	outbound-linked	unknown	session/header guard; form; ajax; print/pdf; file handling/ref
branch/BriefingـNoticeـpdf.php	branch	BriefingـNoticeـpdf		Briefing Notice pdf	branch user		branch	bottom,briefing,companies_groups,html		update		yes	yes	autoload.php,hr_session.php,config.php,functions.php,common.php,BriefingـNotice.php,G.php,Government_reportss_pdf.php,tcpdf_include.php,tcpdf_config_alt.php,tcpdf.php	yes	review	outbound-linked	unknown	ajax; print/pdf; file handling/ref
branch/Deaths.php	branch	Deaths		Deaths	branch user			functin,if,incident_report_form_doctors	<?php echo $pagename; ?>	create,update,delete		no	no	header.inc.php,Deaths.php,footer.inc.php	yes	no	outbound-linked	unknown	session/header guard; form; ajax
branch/Governmentـreportss.php	branch	Governmentـreportss		Government reportss	branch user							no	no	hr_session.php,config.php,functions.php,validationForm.php,multiLanguage.php,user.php,paginator.class.php,permissions.link.php,common.php,MyQuery.php,clientContract.php,clientVacations.php,sms_class.php,utility.php	no	review	outbound-linked	unknown	
branch/MEDICINE_DIAGNOSED_CODE.php	branch	MEDICINE_DIAGNOSED_CODE	MEDICINE	MEDICINE DIAGNOSED CODE	branch user		branch	medicine_diagnosed_code	<?php echo $pagename; ?>	approve,reject		no	no	header.inc.php,MEDICINE_DIAGNOSED_CODE.php,footer.inc.php	yes	no	outbound-linked	unknown	session/header guard; form; ajax
branch/Pulse_status.php	branch	Pulse_status	Al Hammadi Hospitals Group	Pulse status	branch user		branch	department_sender_email,g_data,incident_report_form_doctors,pulse,training	Pulse_status.php,<?php echo $pagename; ?>	create,update,delete,approve,send	1,2,4,5,6,7,8,9	yes	yes	header.inc.php,sms_class.php,Shortener.class.php,OpensslEncryptDecrypt.php,PHPMailer.php,SMTP.php,Exception.php,Pulse_status.php,approvalـdoctor.php,a.php,pulse_pdf.php,Government_reportss_pdf.php,fliter_reportss.php,footer.inc.php	yes	no	outbound-linked	unknown	session/header guard; form; ajax; print/pdf; file handling/ref
branch/SL.php	branch	SL		SL	branch user			url				no	no	hr_session.php,config.php,functions.php,common.php,Shortener.class.php	no	review	outbound-linked	unknown	
branch/SadqConfig.php	branch	SadqConfig		SadqConfig	branch user			postman				no	no		no	review	unresolved	unknown	
branch/Shortener.class.php	branch	Shortener.class		Shortener.class	branch user			the		create,update		no	no		yes	review	unresolved	unknown	ajax
branch/absence_notification_service.php	branch	absence_notification_service	خدمة إشعار تغيب عن العمل	absence notification service	branch user		branch	absence_notification_service,absence_notification_service_send_to,absence_notification_service_types,certificate_upload,functin,if,memo,memo_attachments,ra_users,sms_archive,sms_sender_name	../complaints.php,<?php echo $pagename; ?>	create,update,delete,send,reply	2,4	yes	yes	header.inc.php,absence_notification_service.php,sms_class.php,Shortener.class.php,absence_notification_service_v.php,SL.php,absence_notification_service_notice.php,sendsoundajax.php,complaints.php,absence_notification_service_form.php,absence_notification_service_pdf.php,footer.inc.php	yes	review	outbound-linked	unknown	session/header guard; form; ajax; print/pdf; file handling/ref
branch/absence_notification_service_form_get_enddate.php	branch	absence_notification_service_form_get_enddate		absence notification service form get enddate	branch user			absence_notification_service_death_leave_categories				no	no	hr_session.php,config.php	yes	review	outbound-linked	unknown	ajax
branch/absence_notification_service_management.php	branch	absence_notification_service_management	إدارة خدمة إشعار تغيب عن العمل	absence notification service management	branch user		branch	absence_notification_service,absence_notification_service_send_to,absence_notification_service_types,certificate_upload,functin,if,memo,memo_attachments,ra_users,sms_archive,sms_sender_name	../complaints.php,<?php echo $pagename; ?>	create,update,delete,send,reply	2,4	yes	yes	header.inc.php,absence_notification_service_management.php,sms_class.php,Shortener.class.php,absence_notification_service_v.php,SL.php,absence_notification_service_notice.php,absence_notification_service.php,sendsoundajax.php,complaints.php,absence_notification_service_form.php,absence_notification_service_timeline.php,absence_notification_service_reciever.php,absence_notification_service_pdf.php,footer.inc.php	yes	review	outbound-linked	unknown	session/header guard; form; ajax; print/pdf; file handling/ref
branch/absence_notification_service_pdf.php	branch	absence_notification_service_pdf		absence notification service pdf	branch user		branch	absence_notification_service,absence_notification_service_action_type,absence_notification_service_death_leave_categories,absence_notification_service_send_to,absence_notification_service_types,branches,companies_groups,html,ra_users		send		yes	yes	hr_session.php,autoload.php,config.php,functions.php,multiLanguage.php,common.php,MyQuery.php,index.php	yes	no	outbound-linked	unknown	session/header guard; ajax; print/pdf; file handling/ref
branch/absence_notification_service_reciever.php	branch	absence_notification_service_reciever		absence notification service reciever	branch user		branch	absence_notification_service,absence_notification_service_send_to,absence_notification_service_types,companies_groups,ra_users		send		no	no	hr_session.php,config.php,functions.php,yakeen_v1.class.php	yes	no	outbound-linked	unknown	session/header guard; ajax
branch/absence_notification_service_send_action.php	branch	absence_notification_service_send_action		absence notification service send action	branch user					create		no	no	hr_session.php,config.php,functions.php,validationForm.php,multiLanguage.php,user.php,paginator.class.php,permissions.link.php,common.php,MyQuery.php	no	review	outbound-linked	unknown	
branch/absence_notification_service_timeline.php	branch	absence_notification_service_timeline		absence notification service timeline	branch user		branch	absence_notification_service,absence_notification_service_types,branches,ra_users				no	no	header.inc.php,absence_notification_service.php,footer.inc.php	yes	no	outbound-linked	unknown	session/header guard; ajax
branch/absence_notification_service_upload_file.php	branch	absence_notification_service_upload_file		absence notification service upload file	branch user							no	no		no	review	unresolved	unknown	
branch/accept_referral.php	branch	accept_referral		accept referral	branch user		branch	accept_referral,booking_period,countries,functin,if,ra_users,room_type	./complaints.php,<?php echo $pagename; ?>,<?php echo $pagename; ?>?do=delete	create,update,delete,send,reply	4	yes	yes	header.inc.php,OpensslEncryptDecrypt.php,autoload.php,accept_referral.php,crisis_management_pdf.php,footer.inc.php,sendsoundajax.php,complaints.php,accept_referral_pdf.php	yes	no	outbound-linked	unknown	session/header guard; form; ajax; print/pdf; file handling/ref
branch/accept_referral_pdf.php	branch	accept_referral_pdf		accept referral pdf	branch user		company,branch	accept_referral,booking_period,branches,companies_groups,countries,forms_contacts,html,ra_users,room_type		reply		yes	yes	autoload.php,hr_session.php,config.php,functions.php,multiLanguage.php,common.php,MyQuery.php,login.php,logout.php,index.php,complaints_pdf.php,accept_referral_pdf.php,barcode.php	yes	no	outbound-linked	unknown	session/header guard; ajax; print/pdf; file handling/ref
branch/accept_referral_pdf1.php	branch	accept_referral_pdf1		accept referral pdf1	branch user		company,branch	accept_referral,booking_period,branches,companies_groups,countries,forms_contacts,html,ra_users,room_type		reply		yes	yes	autoload.php,hr_session.php,config.php,functions.php,multiLanguage.php,common.php,MyQuery.php,login.php,logout.php,index.php,complaints_pdf.php,accept_referral_pdf.php	yes	no	outbound-linked	unknown	session/header guard; ajax; print/pdf; file handling/ref
branch/add_shift_schedule.php	branch	add_shift_schedule		add shift schedule	branch user			shift_schedule		create		no	no	hr_session.php,config.php,functions.php,form_token.php,login.php	no	no	outbound-linked	unknown	session/header guard
branch/admission calculator.php	branch	admission calculator		admission calculator	branch user			admission_nationality,admission_rooms,admission_service_price,admission_status,vat	<?php echo $pagename;?>,javascript:void(0);		0,1,2	no	yes	header.inc.php,footer.inc.php	yes	no	outbound-linked	unknown	session/header guard; form; ajax; print/pdf
branch/admission_calculator.php	branch	admission_calculator		admission calculator	branch user		branch	admission_calculator,functin,if,ra_users,room_type,sms_archive	../complaints.php,<?php echo $pagename; ?>,<?php echo $pagename; ?>?do=delete	create,update,delete,send,reply	4	no	yes	header.inc.php,sms_class.php,Shortener.class.php,admission_calculator.php,footer.inc.php,admission_calculator_pdf.php,admission_calculator_pdf_en.php,SL.php,sendsoundajax.php,complaints.php,admission_calculator_procedures.php,admission_calculator_observation.php,admission_calculator_pdf_arabic.php,admission_calculator_pdf_engilsh.php	yes	no	outbound-linked	unknown	session/header guard; form; ajax; print/pdf
branch/admission_calculator_arabic.php	branch	admission_calculator_arabic		admission calculator arabic	branch user			admission_rooms,admission_service_price,countries			2	no	yes	hr_session.php,config.php,functions.php,validationForm.php,multiLanguage.php,user.php,paginator.class.php,permissions.link.php,common.php,MyQuery.php	yes	review	outbound-linked	unknown	ajax; print/pdf
branch/admission_calculator_arabic_english.php	branch	admission_calculator_arabic_english		admission calculator arabic english	branch user			booking_period,room_type		send		no	no	hr_session.php,config.php,functions.php,validationForm.php,multiLanguage.php,user.php,paginator.class.php,permissions.link.php,common.php,MyQuery.php	yes	review	outbound-linked	unknown	ajax
branch/admission_calculator_english.php	branch	admission_calculator_english		admission calculator english	branch user			booking_period,room_type		send		no	no	hr_session.php,config.php,functions.php,validationForm.php,multiLanguage.php,user.php,paginator.class.php,permissions.link.php,common.php,MyQuery.php	yes	review	outbound-linked	unknown	ajax
branch/admission_calculator_observation.php	branch	admission_calculator_observation	تسعيرة الخدمات الطبية -تحت المراقبة	admission calculator observation	branch user		branch	admission_calculator,admission_nationality,admission_rooms,admission_service_price,vat	<?php echo $pagename;?>	create	1,2	no	yes	header.inc.php,admission_calculator_observation.php,admission_calculator.php,footer.inc.php	yes	no	outbound-linked	unknown	session/header guard; form; ajax; print/pdf
branch/admission_calculator_pdf.php	branch	admission_calculator_pdf		admission calculator pdf	branch user		company,branch	admission_calculator,admission_rooms,booking_period,branches,companies_groups,html,ra_users		reply		yes	yes	autoload.php,hr_session.php,config.php,functions.php,multiLanguage.php,common.php,MyQuery.php,index.php,complaints_pdf.php,admission_calculator_pdf.php,barcode.php	yes	no	outbound-linked	unknown	session/header guard; ajax; print/pdf; file handling/ref
branch/admission_calculator_pdf_arabic.php	branch	admission_calculator_pdf_arabic		admission calculator pdf arabic	branch user		company,branch	admission_calculator,admission_rooms,booking_period,branches,companies_groups,html,ra_users		reply		yes	yes	autoload.php,hr_session.php,config.php,functions.php,multiLanguage.php,common.php,MyQuery.php,index.php,complaints_pdf.php,admission_calculator_pdf.php,barcode.php	yes	no	outbound-linked	unknown	session/header guard; ajax; print/pdf; file handling/ref
branch/admission_calculator_pdf_en.php	branch	admission_calculator_pdf_en		admission calculator pdf en	branch user		company,branch	admission_calculator,booking_period,branches,companies_groups,html,ra_users,room_type		reply		yes	yes	autoload.php,hr_session.php,config.php,functions.php,multiLanguage.php,common.php,MyQuery.php,index.php,complaints_pdf.php,admission_calculator_pdf_en.php,barcode.php	yes	no	outbound-linked	unknown	session/header guard; ajax; print/pdf; file handling/ref
branch/admission_calculator_pdf_engilsh.php	branch	admission_calculator_pdf_engilsh		admission calculator pdf engilsh	branch user		company,branch	admission_calculator,admission_rooms,booking_period,branches,companies_groups,html,ra_users		reply		yes	yes	autoload.php,hr_session.php,config.php,functions.php,multiLanguage.php,common.php,MyQuery.php,login.php,index.php,complaints_pdf.php,admission_calculator_pdf_en.php,barcode.php	yes	no	outbound-linked	unknown	session/header guard; ajax; print/pdf; file handling/ref
branch/admission_calculator_pdf_english.php	branch	admission_calculator_pdf_english		admission calculator pdf english	branch user		company,branch	admission_calculator,admission_rooms,booking_period,bottom,branches,companies_groups,html,ra_users		update,reply		yes	yes	hr_session.php,config.php,functions.php,multiLanguage.php,common.php,MyQuery.php,login.php,logout.php,index.php,complaints_pdf.php,admission_calculator_pdf_en.php,tcpdf_include.php,tcpdf_config_alt.php,tcpdf.php	yes	no	outbound-linked	unknown	session/header guard; ajax; print/pdf; file handling/ref
branch/admission_calculator_procedures.php	branch	admission_calculator_procedures	تسعيرة الخدمات الطبية -اجراءات	admission calculator procedures	branch user		branch	admission_calculator,admission_nationality,admission_rooms,admission_service_price,vat	<?php echo $pagename;?>	create	2	no	yes	header.inc.php,admission_calculator_procedures.php,admission_calculator.php,footer.inc.php	yes	no	outbound-linked	unknown	session/header guard; form; ajax; print/pdf
branch/advance_request.php	branch	advance_request		advance request	branch user		branch	advance_request,clients,helper	<?php echo $pagename; ?>	create,update,delete,approve,send,reply		no	yes	header.inc.php,advance_request.php,footer.inc.php,city_grap.php	yes	no	outbound-linked	unknown	session/header guard; form; ajax; print/pdf
branch/aggressor_data.php	branch	aggressor_data		aggressor data	branch user			nationality,rep1_payment_due_action,rep1_payment_due_reason,rep1_payment_type		approve		no	no	hr_session.php,config.php,functions.php,validationForm.php,multiLanguage.php,user.php,paginator.class.php,permissions.link.php,common.php,MyQuery.php	yes	review	outbound-linked	unknown	ajax
branch/app-calendar.php	branch	app-calendar		app calendar	branch user							no	no	header.inc.php	no	no	outbound-linked	unknown	session/header guard
branch/app-email.php	branch	app-email	Email Application - Frest - Bootstrap HTML admin template	app email	branch user		branch	far,next	#,javascript:void(0);	update,delete,approve,send,reply		yes	yes	hr_session.php,config.php,functions.php,validationForm.php,multiLanguage.php,user.php,paginator.class.php,permissions.link.php,common.php,MyQuery.php,clientContract.php,clientVacations.php,logout.php,login.php,permissions.class.php,index.php,employees.php,companies_groups.php,adm_reg_branch.php,branches_departments.php,adm_user_branch.php,notice_type.php,users.php,adm_user_groups.php	no	review	outbound-linked	unknown	form; print/pdf; file handling/ref
branch/app-todo.php	branch	app-todo	HH	app todo	branch user		branch			update,delete,approve		yes	yes	hr_session.php,config.php,functions.php,validationForm.php,multiLanguage.php,user.php,paginator.class.php,permissions.link.php,common.php,MyQuery.php,clientContract.php,clientVacations.php,logout.php,login.php,permissions.class.php,app-email.php,app-todo.php,app-calendar.php,change_pass.php,index.php,employees.php,companies_groups.php,adm_reg_branch.php,branches_departments.php,adm_user_branch.php,notice_type.php,users.php,adm_user_groups.php	no	review	outbound-linked	unknown	print/pdf; file handling/ref
branch/bed_reservation.php	branch	bed_reservation		bed reservation	branch user		branch	bed_reservation,functin,if,ra_users,room_type	./complaints.php,<?php echo $pagename; ?>,<?php echo $pagename; ?>?do=delete	create,update,delete,send,reply	4	yes	yes	header.inc.php,OpensslEncryptDecrypt.php,autoload.php,bed_reservation.php,crisis_management_pdf.php,bed_reservation_pdf.php,footer.inc.php,sendsoundajax.php,complaints.php,bed_reservation_arabic.php,bed_reservation_english.php,bed_reservation_pdf_en.php	yes	no	outbound-linked	unknown	session/header guard; form; ajax; print/pdf; file handling/ref
branch/bed_reservation_arabic.php	branch	bed_reservation_arabic		bed reservation arabic	branch user			booking_period,room_type				no	no	hr_session.php,config.php,functions.php,validationForm.php,multiLanguage.php,user.php,paginator.class.php,permissions.link.php,common.php,MyQuery.php	yes	review	outbound-linked	unknown	ajax
branch/bed_reservation_english.php	branch	bed_reservation_english		bed reservation english	branch user			booking_period,room_type		send		no	no	hr_session.php,config.php,functions.php,validationForm.php,multiLanguage.php,user.php,paginator.class.php,permissions.link.php,common.php,MyQuery.php	yes	review	outbound-linked	unknown	ajax
branch/bed_reservation_pdf.php	branch	bed_reservation_pdf		bed reservation pdf	branch user		company,branch	bed_reservation,booking_period,branches,companies_groups,forms_contacts,html,ra_users,room_type		reply		yes	yes	autoload.php,hr_session.php,config.php,functions.php,multiLanguage.php,common.php,MyQuery.php,login.php,logout.php,index.php,complaints_pdf.php,bed_reservation_pdf.php,barcode.php	yes	no	outbound-linked	unknown	session/header guard; ajax; print/pdf; file handling/ref
branch/bed_reservation_pdf_en.php	branch	bed_reservation_pdf_en		bed reservation pdf en	branch user		company,branch	bed_reservation,booking_period,branches,companies_groups,forms_contacts,html,ra_users,room_type		send,reply		yes	yes	autoload.php,hr_session.php,config.php,functions.php,multiLanguage.php,common.php,MyQuery.php,login.php,logout.php,index.php,complaints_pdf.php,bed_reservation_pdf_en.php,barcode.php	yes	no	outbound-linked	unknown	session/header guard; ajax; print/pdf; file handling/ref
branch/bed_reservation_tcpdf.php	branch	bed_reservation_tcpdf		bed reservation tcpdf	branch user		company,branch	bed_reservation,booking_period,branches,companies_groups,forms_contacts,html,ra_users,room_type		reply		yes	yes	autoload.php,hr_session.php,config.php,functions.php,multiLanguage.php,common.php,MyQuery.php,login.php,logout.php,index.php,complaints_pdf.php,bed_reservation_pdf.php	yes	no	outbound-linked	unknown	session/header guard; ajax; print/pdf; file handling/ref
branch/bed_reservation_tcpdf_en.php	branch	bed_reservation_tcpdf_en		bed reservation tcpdf en	branch user		company,branch	bed_reservation,booking_period,bottom,branches,companies_groups,data,forms_contacts,html,ra_users,room_type		update,send,reply		yes	yes	hr_session.php,config.php,functions.php,multiLanguage.php,common.php,MyQuery.php,login.php,logout.php,index.php,complaints_pdf.php,bed_reservation_pdf.php,tcpdf_include.php,tcpdf_config_alt.php,tcpdf.php	yes	no	outbound-linked	unknown	session/header guard; ajax; print/pdf; file handling/ref
branch/birth_notification.php	branch	birth_notification	تبليغ الولادة	birth notification	branch user		branch	birth_notification,birth_notification_obstetrics,birth_notification_seha_upload,if,newborn_type,ra_users,server,sms_archive,sms_sender_name	<?php echo $pagename; ?>,<?php echo $page_name; ?>,<?php echo $page_name;?>,<?php echo $page_name; ?>?do=delete	create,update,delete,send	4,3,0,2,1	yes	yes	header.inc.php,sms_class.php,birth_notification.php,sendsoundajax.php,birthchild_form.php,SL.php,footer.inc.php,birth_notification_form_arabic.php,birth_notification_form_english.php,inquiries_and_services.php,birth_pdf.php,birthchild_form_status_reason.php,birth_notification_timeline.php,birth_notification_get.php	yes	no	outbound-linked	unknown	session/header guard; form; ajax; print/pdf; file handling/ref
branch/birth_notification1.php	branch	birth_notification1	تبليغ الولادة	birth notification1	branch user		branch	birth_notification,birth_notification_obstetrics,birth_notification_seha_upload,if,newborn_type,ra_users,server,sms_archive,sms_sender_name	<?php echo $pagename; ?>,<?php echo $page_name; ?>,<?php echo $page_name;?>,<?php echo $page_name; ?>?do=delete	create,update,delete,send	0,4,1,2	yes	yes	header.inc.php,sms_class.php,birth_notification.php,sendsoundajax.php,birthchild_form.php,SL.php,footer.inc.php,birth_notification_form_arabic.php,birth_notification_form_english.php,inquiries_and_services.php,birth_pdf.php,birthchild_form_status_reason.php,birth_notification_timeline.php,birth_notification_get.php	yes	no	outbound-linked	unknown	session/header guard; form; ajax; print/pdf; file handling/ref
branch/birth_notification_form_arabic.php	branch	birth_notification_form_arabic		birth notification form arabic	branch user			clinician_hospitals,clinicians				no	no	hr_session.php,config.php,functions.php,validationForm.php,multiLanguage.php,user.php,paginator.class.php,permissions.link.php,common.php,MyQuery.php	yes	review	outbound-linked	unknown	ajax
branch/birth_notification_form_english.php	branch	birth_notification_form_english		birth notification form english	branch user			clinician_hospitals,clinicians				no	no	hr_session.php,config.php,functions.php,validationForm.php,multiLanguage.php,user.php,paginator.class.php,permissions.link.php,common.php,MyQuery.php	yes	review	outbound-linked	unknown	ajax
branch/birth_notification_get.php	branch	birth_notification_get		birth notification get	branch user			birth_notification,the				no	no	hr_session.php,config.php,functions.php,validationForm.php,multiLanguage.php,user.php,paginator.class.php,permissions.link.php,common.php,MyQuery.php	yes	review	outbound-linked	unknown	ajax
branch/birth_notification_pdf.php	branch	birth_notification_pdf		birth notification pdf	branch user		company,branch	birth_notification,birth_notification_id_type,birth_notification_seha_upload,birth_relative_relation,branches,clinicians,companies_groups,country_yakeen,html,nationality,ra_users		reply	1	yes	yes	autoload.php,hr_session.php,config.php,functions.php,multiLanguage.php,common.php,MyQuery.php,complaints_pdf.php,birth_notification_pdf.php	yes	no	outbound-linked	unknown	session/header guard; ajax; print/pdf; file handling/ref
branch/birth_notification_timeline.php	branch	birth_notification_timeline		birth notification timeline	branch user			birth_notification,birth_notification_seha_upload,ra_users			1	yes	no	header.inc.php,birth_notification.php,footer.inc.php	yes	no	outbound-linked	unknown	session/header guard; ajax; file handling/ref
branch/birth_pdf.php	branch	birth_pdf		birth pdf	branch user		company,branch	birth_notification_seha_upload,html			1	yes	yes	autoload.php,hr_session.php,config.php,functions.php,multiLanguage.php,common.php,MyQuery.php,complaints_pdf.php,birth_notification_pdf.php	yes	review	outbound-linked	unknown	ajax; print/pdf; file handling/ref
branch/birthchild_form.php	branch	birthchild_form	ALHAMMADI | NEWBORNS	birthchild form	branch user			birth_notification,birth_notification_id_type,country_yakeen	birthchild_form.php?t=<?php echo hh_html($sms_tocken_param);?>	update,send	4	yes	no	hr_session.php,config.php,functions.php,validationForm.php,multiLanguage.php,user.php,paginator.class.php,permissions.link.php,common.php,MyQuery.php,clientContract.php,clientVacations.php,birthchild_form_result.php,birthchild_form.php,birthchild_form_id_copy_number.php,govermental_serves_forms.php,sendsoundajax.php,birthchild_form_id_copy_number_mother.php,empty.php,birthchild_form_reporting_person.php	yes	review	outbound-linked	unknown	form; ajax; file handling/ref
branch/birthchild_form_id_copy_number.php	branch	birthchild_form_id_copy_number		birthchild form id copy number	branch user							no	no		no	review	unresolved	unknown	
branch/birthchild_form_id_copy_number_mother.php	branch	birthchild_form_id_copy_number_mother		birthchild form id copy number mother	branch user							no	no		no	review	unresolved	unknown	
branch/birthchild_form_reporting_person.php	branch	birthchild_form_reporting_person		birthchild form reporting person	branch user			birth_relative_relation				no	no	hr_session.php,config.php,functions.php,validationForm.php,multiLanguage.php,user.php,paginator.class.php,permissions.link.php,common.php,MyQuery.php	yes	review	outbound-linked	unknown	ajax
branch/birthchild_form_result.php	branch	birthchild_form_result	ALHAMMADI | NEWBORNS	birthchild form result	branch user							yes	no	hr_session.php,config.php,functions.php,validationForm.php,multiLanguage.php,user.php,paginator.class.php,permissions.link.php,common.php,MyQuery.php,clientContract.php,clientVacations.php	no	review	outbound-linked	unknown	file handling/ref
branch/birthchild_form_status_reason.php	branch	birthchild_form_status_reason		birthchild form status reason	branch user							no	no		no	review	unresolved	unknown	
branch/book_a_medical_appointment.php	branch	book_a_medical_appointment		book a medical appointment	branch user		branch	book_a_medical_appointment,book_a_medical_appointment_coverage_status,book_a_medical_appointment_procedure_place,book_a_medical_appointment_status,book_a_medical_appointment_time,book_a_medical_appointment_timeline,clinicians,if,sms_archive,sms_sender_name,specialized_clinics	../complaints.php,<?php echo $pagename; ?>	create,update,delete,reject,send,reply	0,1,5,4	no	yes	header.inc.php,sms_class.php,book_a_medical_appointment.php,complaints.php,footer.inc.php,medical_appointment.php,book_a_medical_appointment_patient_form.php,sendsoundajax.php,book_a_medical_appointment_doctor_form.php,book_a_medical_appointment_status_details.php,book_a_medical_appointment_timeline.php,medical_appointment_pdf.php,medical_appointment_select_date_pdf.php,medical_appointment_rejected_pdf.php,medical_appointment_doctor_reply_pdf.php,department_grap.php,rep12_main_section_grap.php,book_appointment_doctors_grap.php	yes	no	outbound-linked	unknown	session/header guard; form; ajax; print/pdf
branch/book_a_medical_appointment_department.php	branch	book_a_medical_appointment_department		book a medical appointment department	branch user		branch	book_a_medical_appointment_department,complaints,functin,if	<?php echo $pagename; ?>	create,update,delete,send	4	no	no	header.inc.php,book_a_medical_appointment_department.php,sendsoundajax.php,footer.inc.php	yes	no	outbound-linked	unknown	session/header guard; form; ajax
branch/book_a_medical_appointment_doctor_form.php	branch	book_a_medical_appointment_doctor_form		book a medical appointment doctor form	branch user							no	no	hr_session.php,config.php	no	review	outbound-linked	unknown	
branch/book_a_medical_appointment_doctors.php	branch	book_a_medical_appointment_doctors		book a medical appointment doctors	branch user		branch	book_a_medical_appointment_doctors,clinicians,functin,if	<?php echo $pagename; ?>	create,update,delete,send	4	no	no	header.inc.php,book_a_medical_appointment_doctors.php,sendsoundajax.php,footer.inc.php	yes	no	outbound-linked	unknown	session/header guard; form; ajax
branch/book_a_medical_appointment_patient_form.php	branch	book_a_medical_appointment_patient_form		book a medical appointment patient form	branch user							no	no	hr_session.php,config.php	no	review	outbound-linked	unknown	
branch/book_a_medical_appointment_reason.php	branch	book_a_medical_appointment_reason		book a medical appointment reason	branch user							no	no		no	review	unresolved	unknown	
branch/book_a_medical_appointment_status_details.php	branch	book_a_medical_appointment_status_details		book a medical appointment status details	branch user							no	no	config.php	no	review	outbound-linked	unknown	
branch/book_a_medical_appointment_timeline.php	branch	book_a_medical_appointment_timeline		book a medical appointment timeline	branch user		branch	book_a_medical_appointment,book_a_medical_appointment_status,book_a_medical_appointment_timeline,clinicians,ra_users,specialized_clinics			3,11	no	yes	header.inc.php,birth_notification.php,footer.inc.php	yes	no	outbound-linked	unknown	session/header guard; ajax; print/pdf
branch/book_a_medical_appointment_timelineBk.php	branch	book_a_medical_appointment_timelineBk		book a medical appointment timelineBk	branch user		branch	book_a_medical_appointment,book_a_medical_appointment_status,book_a_medical_appointment_timeline,ra_users				no	no	header.inc.php,birth_notification.php,footer.inc.php	yes	no	outbound-linked	unknown	session/header guard; ajax
branch/book_appointment_doctors_grap.php	branch	book_appointment_doctors_grap		book appointment doctors grap	branch user		branch	clinicians,comlaints_employees_emails,rep12_subsection				no	no	hr_session.php,config.php,common.php	yes	no	outbound-linked	unknown	session/header guard; ajax
branch/branch_user_groups.php	branch	branch_user_groups		branch user groups	branch user		branch	country,functin,if,user_groups_permission	<?php echo $pagename; ?>	create,update,delete		no	yes	header.inc.php,branch_user_groups.php,branch_user_groups_permissins.php,footer.inc.php	yes	no	outbound-linked	unknown	session/header guard; form; ajax; print/pdf
branch/cause_of_death.php	branch	cause_of_death		cause of death	branch user		branch	complaints,emergency_escape_report_side,functin,if	<?php echo $pagename; ?>	create,update,delete,send	4	no	no	header.inc.php,emergency_escape_report_side.php,sendsoundajax.php,footer.inc.php	yes	no	outbound-linked	unknown	session/header guard; form; ajax
branch/centeral_floors.php	branch	centeral_floors		centeral floors	branch user		branch	centeral_floors,clinics,functin,if	<?php echo $pagename; ?>	create,update,delete,send	4	no	no	header.inc.php,centeral_floors.php,sendsoundajax.php,footer.inc.php	yes	no	outbound-linked	unknown	session/header guard; form; ajax
branch/centeral_sections.php	branch	centeral_sections		centeral sections	branch user		branch	centeral_sections,central_ext_phone,functin,if	<?php echo $pagename; ?>	create,update,delete,send	4	no	no	header.inc.php,centeral_sections.php,sendsoundajax.php,footer.inc.php	yes	no	outbound-linked	unknown	session/header guard; form; ajax
branch/central-follow-up.php	branch	central-follow-up		central follow up	branch user		branch	functin,if	<?php echo $pagename;?>,<?php echo $pagename; ?>	create,update,delete	0	no	yes	header.inc.php,sms_class.php,central-follow-up.php,footer.inc.php,inquiries_sms.php,rate.php	yes	no	outbound-linked	unknown	session/header guard; form; ajax; print/pdf
branch/centralSections.php	branch	centralSections		centralSections	branch user			centeral_floors,centeral_sections,central_ext_phone,clinics				no	yes	header.inc.php,central_details.php,outpatient_clinics_sections.php,footer.inc.php	yes	no	outbound-linked	unknown	session/header guard; ajax; print/pdf
branch/central_details.php	branch	central_details		central details	branch user			centeral_floors,centeral_sections,central_duty_time,central_ext_phone,insurance_companies				no	yes	header.inc.php,centralSections.php,central_details.php,footer.inc.php	yes	no	outbound-linked	unknown	session/header guard; ajax; print/pdf
branch/central_duty_time.php	branch	central_duty_time		central duty time	branch user		branch	centeral_floors,centeral_sections,central_duty_time,functin,helper,if	<?php echo $pagename; ?>	create,update,delete,send	4	yes	yes	header.inc.php,SimpleXLSX.php,central_duty_time.php,city_grap.php,sendsoundajax.php,footer.inc.php	yes	no	outbound-linked	unknown	session/header guard; form; ajax; print/pdf; file handling/ref
branch/central_ext.php	branch	central_ext	السنترال	central ext	branch user							no	no	header.inc.php,footer.inc.php	no	no	outbound-linked	unknown	session/header guard
branch/central_ext_data.php	branch	central_ext_data		central ext data	branch user			centeral_sections,central_ext_phone,clinician_hospitals,clinicians				no	no	hr_session.php,config.php	yes	review	outbound-linked	unknown	ajax
branch/central_ext_phone.php	branch	central_ext_phone		central ext phone	branch user		branch	centeral_floors,centeral_sections,central_ext_phone,functin,helper,if	<?php echo $pagename; ?>	create,update,delete,send	4	yes	yes	header.inc.php,SimpleXLSX.php,central_ext_phone.php,city_grap.php,sendsoundajax.php,footer.inc.php	yes	no	outbound-linked	unknown	session/header guard; form; ajax; print/pdf; file handling/ref
branch/change_duty_time.php	branch	change_duty_time		change duty time	branch user		branch	change_duty_time_branch_reply,change_duty_time_request,functin,if,ra_users	<?php echo $pagename; ?>	create,update,delete,send,reply	4	no	yes	header.inc.php,change_duty_time.php,sendsoundajax.php,footer.inc.php	yes	no	menu	unknown	session/header guard; form; ajax; print/pdf
branch/change_duty_time_pdf.php	branch	change_duty_time_pdf		change duty time pdf	branch user		branch	bottom,branches,change_duty_time_request,holydays_type,html,ra_users		update,reply		yes	yes	hr_session.php,config.php,functions.php,multiLanguage.php,common.php,MyQuery.php,login.php,logout.php,index.php,complaints_pdf.php,tcpdf_include.php,tcpdf_config_alt.php,tcpdf.php	yes	no	outbound-linked	unknown	session/header guard; ajax; print/pdf; file handling/ref
branch/change_duty_time_request.php	branch	change_duty_time_request	طلب تغيير وقت الدوام	change duty time request	branch user		branch	change_duty_time_request,city,functin,if	<?php echo $pagename; ?>	create,update,delete,approve,send,reply	4,2	no	yes	header.inc.php,change_duty_time_request.php,sendsoundajax.php,change_duty_time_pdf.php,footer.inc.php	yes	no	outbound-linked	unknown	session/header guard; form; ajax; print/pdf
branch/change_my_pass.php	branch	change_my_pass		change my pass	branch user			ra_users	./change_my_pass.php	update		no	no	header.inc.php,change_my_pass.php,footer.inc.php	no	no	outbound-linked	unknown	session/header guard; form
branch/change_user_pass.php	branch	change_user_pass		change user pass	branch user			ra_users	change_user_pass.php?id=<?php echo hh_html($id); ?>	update		no	no	header.inc.php,users.php,change_user_pass.php,footer.inc.php	no	no	outbound-linked	unknown	session/header guard; form
branch/claimingAgainstOthers.php	branch	claimingAgainstOthers	ALHAMMADI	claimingAgainstOthers	branch user		company,branch	branches,claiming_against_others,companies_groups,countries,injury_type,output,ra_users,room_type,sms_archive	claimingAgainstOthers.php?t=<?php echo hh_html($tokenParam);?>	create,update,approve,send,reply	1	yes	yes	hr_session.php,config.php,functions.php,validationForm.php,multiLanguage.php,user.php,paginator.class.php,permissions.link.php,common.php,MyQuery.php,clientContract.php,clientVacations.php,sms_class.php,utility_claiming_aginest_others_en.php,utility_claiming_aginest_others.php,claimingAgainstOthersPrint.php,claimingAgainstOthers.php,umalquraCal.class.php,guaranteeAgreement_result.php	yes	no	outbound-linked	unknown	session/header guard; form; ajax; print/pdf; file handling/ref
branch/claimingAgainstOthersPrint.php	branch	claimingAgainstOthersPrint		claimingAgainstOthersPrint	branch user			claiming_against_others,payment_guarantee				no	yes	hr_session.php,config.php	yes	review	outbound-linked	unknown	ajax; print/pdf
branch/claiming_against_arabic.php	branch	claiming_against_arabic		claiming against arabic	branch user			nationality,rep1_payment_due_action,rep1_payment_due_reason,rep1_payment_type		approve		no	no	hr_session.php,config.php,functions.php,validationForm.php,multiLanguage.php,user.php,paginator.class.php,permissions.link.php,common.php,MyQuery.php	yes	review	outbound-linked	unknown	ajax
branch/claiming_against_others.php	branch	claiming_against_others		claiming against others	branch user		company,branch	branches,certificate_upload,claiming_against_others,claiming_against_others_attachments,companies_groups,countries,functin,html,if,injury_type,payment_guarantee,ra_users,relatives,room_type,sms_archive,sms_sender_name	<?php echo $pagename; ?>,./complaints.php,<?php echo 	create,update,delete,approve,send,reply	0,4,1	yes	yes	header.inc.php,autoload.php,sms_class.php,Shortener.class.php,claiming_against_others.php,sendsoundajax.php,claimingAgainstOthersPrint.php,barcode.php,claimingAgainstOthers.php,SL.php,paymentGuarantee.php,claiming_against_others_data.php,complaints.php,claiming_against_others_view.php,footer.inc.php	yes	no	outbound-linked	unknown	session/header guard; form; ajax; print/pdf; file handling/ref
branch/claiming_against_othersBk.php	branch	claiming_against_othersBk		claiming against othersBk	branch user		branch	certificate_upload,claiming_against_others,claiming_against_others_attachments,functin,if,nationality,ra_users,technical_failure_notice	<?php echo $pagename; ?>,./complaints.php,<?php echo 	create,update,delete,send,reply	0,4,1	yes	yes	header.inc.php,claiming_against_others.php,sendsoundajax.php,claiming_against_others_data.php,complaints.php,claiming_against_others_view.php,claiming_against_others_pdf.php,footer.inc.php	yes	no	outbound-linked	unknown	session/header guard; form; ajax; print/pdf; file handling/ref
branch/claiming_against_others_data.php	branch	claiming_against_others_data		claiming against others data	branch user			countries,injury_type,relatives				no	no	hr_session.php,config.php,functions.php,validationForm.php,multiLanguage.php,user.php,paginator.class.php,permissions.link.php,common.php,MyQuery.php,claiming_against_others_data.php,payment_guarantee_hijri.php,payment_guarantee_gregorian.php	yes	review	outbound-linked	unknown	ajax
branch/claiming_against_others_pdf.php	branch	claiming_against_others_pdf		claiming against others pdf	branch user		company,branch	branches,claiming_against_others,companies_groups,html,injury_type,nationality,ra_users,room_type		reply		yes	yes	hr_session.php,config.php,functions.php,multiLanguage.php,common.php,MyQuery.php,login.php,logout.php,index.php,complaints_pdf.php,claiming_against_others_pdf.php	yes	no	outbound-linked	unknown	session/header guard; ajax; print/pdf; file handling/ref
branch/claiming_against_others_view.php	branch	claiming_against_others_view		claiming against others view	branch user		branch	claiming_against_others,ra_users		approve		no	yes	header.inc.php,index.php,complaints_pdf.php,footer.inc.php	yes	no	outbound-linked	unknown	session/header guard; ajax; print/pdf
branch/client_balance.php	branch	client_balance		client balance	branch user		branch			update		no	yes	header.inc.php,client_balance.php,footer.inc.php	yes	no	outbound-linked	unknown	session/header guard; ajax; print/pdf
branch/client_funds.php	branch	client_funds		client funds	branch user		branch	clients_transfer_funds		update		no	yes	header.inc.php,client_funds.php,footer.inc.php	yes	no	outbound-linked	unknown	session/header guard; ajax; print/pdf
branch/client_orders.php	branch	client_orders		client orders	branch user		branch	clients,order_status,order_status_add		update		no	yes	header.inc.php,client_orders.php,order_report.php,footer.inc.php	yes	no	outbound-linked	unknown	session/header guard; ajax; print/pdf
branch/client_payments.php	branch	client_payments		client payments	branch user		branch					no	yes	header.inc.php,clients_payments.php,footer.inc.php	yes	no	outbound-linked	unknown	session/header guard; ajax; print/pdf
branch/clinic_details.php	branch	clinic_details	الفروع	clinic details	branch user			clinics,companies_groups,country,specialized_clinics				no	yes	header.inc.php,clinicians_details.php,footer.inc.php	yes	no	outbound-linked	unknown	session/header guard; ajax; print/pdf
branch/clinicians.php	branch	clinicians		clinicians	branch user		branch	clinician_hospitals,clinicians,clinicians_status_actions,clinics,companies_groups,sms_archive,sms_sender_name,specialized_clinics	clinicians.php	create,send		yes	yes	header.inc.php,clinicians.php,footer.inc.php,cliniciansForm.php,SL.php,birthchild_form.php,clinicians_services.php	yes	review	outbound-linked	unknown	session/header guard; form; ajax; print/pdf; file handling/ref
branch/cliniciansD.php	branch	cliniciansD		cliniciansD	branch user			clinician_hospitals,clinicians,clinics,companies_groups,country,specialized_clinics				no	yes	header.inc.php,footer.inc.php	yes	no	outbound-linked	unknown	session/header guard; ajax; print/pdf
branch/cliniciansForm.php	branch	cliniciansForm	ALHAMMADI	cliniciansForm	branch user		branch	clinicians,clinicians_status_actions,country	cliniciansForm.php?t=<?php echo $t; ?>	create,update	4,2	yes	yes	hr_session.php,config.php,functions.php,validationForm.php,multiLanguage.php,user.php,paginator.class.php,permissions.link.php,common.php,MyQuery.php,clientContract.php,clientVacations.php,cliniciansFormResult.php,cliniciansForm.php,rep12_sub_section_client_grap.php,rep12_main_section_grap.php	yes	review	outbound-linked	unknown	form; ajax; print/pdf; file handling/ref
branch/clinicians_auto_sms_send.php	branch	clinicians_auto_sms_send		clinicians auto sms send	branch user		branch	clinicians,clinicians_status_actions,sms_archive,sms_sender_name		create,update,send	3,5	no	no	hr_session.php,config.php,functions.php,validationForm.php,multiLanguage.php,paginator.class.php,permissions.link.php,common.php,MyQuery.php,sms_class.php,Shortener.class.php,cliniciansForm.php,SL.php,birthchild_form.php	yes	no	outbound-linked	unknown	session/header guard; ajax
branch/clinicians_data.php	branch	clinicians_data		clinicians data	branch user			clinician_hospitals,clinicians,clinics,companies_groups,country,specialized_clinics	<?php echo $pagename; ?>			no	yes	header.inc.php,clinicians_data.php,footer.inc.php	yes	no	outbound-linked	unknown	session/header guard; form; ajax; print/pdf
branch/clinicians_details.php	branch	clinicians_details		clinicians details	branch user		branch	clinician_hospitals,clinicians,clinics,companies_groups,country,specialized_clinics	<?php echo $pagename; ?>			no	yes	header.inc.php,clinicians_details.php,footer.inc.php	yes	review	outbound-linked	unknown	session/header guard; form; ajax; print/pdf
branch/clinicians_edit.php	branch	clinicians_edit		clinicians edit	branch user		branch	clinician_hospitals,clinicians,clinics,companies_groups,country,specialized_clinics	clinicians_edit.php	create,update,delete,send		yes	yes	header.inc.php,clinicians_edit.php,footer.inc.php,clinicians_view.php	yes	review	outbound-linked	unknown	session/header guard; form; ajax; print/pdf; file handling/ref
branch/clinicians_pdf.php	branch	clinicians_pdf		clinicians pdf	branch user		branch	clinician_hospitals,clinicians,companies_groups,country,html,specialized_clinics				yes	yes	autoload.php,hr_session.php,config.php,functions.php,multiLanguage.php,common.php,MyQuery.php,index.php,medicalReport_pdf.php	yes	review	outbound-linked	unknown	ajax; print/pdf; file handling/ref
branch/clinicians_services.php	branch	clinicians_services		clinicians services	branch user		branch	clinicians,clinicians_status_actions,functin,if,sms_archive,sms_sender_name,specialized_clinics	<?php echo $pagename; ?>	create,update,delete,send	4,0,3,5,6,1,2	no	yes	header.inc.php,sms_class.php,Shortener.class.php,clinicians_services.php,cliniciansForm.php,SL.php,clinicians.php,clinicians_view.php,sendsoundajax.php,clinicians_timeline.php,clinicians_pdf.php,footer.inc.php,clinicians_grap.php,rep12_main_section_grap.php,inquired_section_grap.php	yes	no	outbound-linked	unknown	session/header guard; form; ajax; print/pdf
branch/clinicians_timeline.php	branch	clinicians_timeline		clinicians timeline	branch user		branch	clinicians,clinicians_status_actions,ra_users			3,5,1,2,4,6	no	no	header.inc.php,birth_notification.php,footer.inc.php	yes	no	outbound-linked	unknown	session/header guard; ajax
branch/clinicians_view.php	branch	clinicians_view		clinicians view	branch user		branch	clinician_hospitals,clinicians,clinics,companies_groups,specialized_clinics	<?php echo $pagename; ?>	delete		no	yes	header.inc.php,clinicians_edit.php,clinicians_view.php,clinicians.php,footer.inc.php	yes	review	outbound-linked	unknown	session/header guard; form; ajax; print/pdf
branch/clinics.php	branch	clinics		clinics	branch user		branch	centeral_floors,clinics,functin,if	<?php echo $pagename; ?>	create,update,delete		no	yes	header.inc.php,clinics.php,footer.inc.php	yes	no	outbound-linked	unknown	session/header guard; form; ajax; print/pdf
branch/clinics_support_services_details.php	branch	clinics_support_services_details		clinics support services details	branch user		branch	clinics,clinics_support_services_details,functin,helper,if	<?php echo $pagename; ?>	create,update,delete,send	4	yes	yes	header.inc.php,SimpleXLSX.php,clinics_support_services_details.php,city_grap.php,sendsoundajax.php,footer.inc.php	yes	no	outbound-linked	unknown	session/header guard; form; ajax; print/pdf; file handling/ref
branch/code_data.php	branch	code_data		code data	branch user			services_codes				no	no	config.php	yes	review	outbound-linked	unknown	ajax
branch/codes_section.php	branch	codes_section		codes section	branch user			codes_sections,insurance_companies,specialized_clinics				no	yes	header.inc.php,insurance_companies.php,packages_details.php,footer.inc.php	yes	no	outbound-linked	unknown	session/header guard; ajax; print/pdf
branch/comlaints_employees_emails.php	branch	comlaints_employees_emails		comlaints employees emails	branch user		branch	branches_departments,comlaints_employees_emails,complaints,functin,if,rep12_main_section,rep12_subsection	<?php echo $pagename; ?>	create,update,delete,send	4	no	yes	header.inc.php,comlaints_employees_emails.php,sendsoundajax.php,rep12_main_section_grap.php,rep12_sub_section_grap.php,footer.inc.php	yes	no	outbound-linked	unknown	session/header guard; form; ajax; print/pdf
branch/comlaints_sender_email.php	branch	comlaints_sender_email		comlaints sender email	branch user		branch	comlaints_sender_email,if	<?php echo $pagename; ?>	create,update,delete,send		no	no	header.inc.php,OpensslEncryptDecrypt.php,comlaints_sender_email.php,footer.inc.php	yes	no	outbound-linked	unknown	session/header guard; form; ajax
branch/comlaints_subsctions.php	branch	comlaints_subsctions		comlaints subsctions	branch user		branch	branches_departments,complaints,functin,if,rep12_main_section,rep12_subsection	<?php echo $pagename; ?>	create,update,delete,send	4	no	yes	header.inc.php,comlaints_subsctions.php,sendsoundajax.php,rep12_main_section_grap.php,footer.inc.php	yes	no	outbound-linked	unknown	session/header guard; form; ajax; print/pdf
branch/comlaints_subsctions_emails.php	branch	comlaints_subsctions_emails		comlaints subsctions emails	branch user		branch	branches_departments,comlaints_subsctions_emails,functin,if,rep12_main_section,rep12_subsection	<?php echo $pagename; ?>	create,update,delete,send	4	no	yes	header.inc.php,comlaints_subsctions_emails.php,sendsoundajax.php,rep12_main_section_grap.php,rep12_sub_section_grap.php,footer.inc.php	yes	no	outbound-linked	unknown	session/header guard; form; ajax; print/pdf
branch/complains_add_more_subsction.php	branch	complains_add_more_subsction		complains add more subsction	branch user		branch	branches_departments,rep12_main_section,rep12_subsection				no	no	hr_session.php,config.php,functions.php,validationForm.php,multiLanguage.php,user.php,paginator.class.php,permissions.link.php,common.php,MyQuery.php,rep12_main_section_grap.php,rep12_sub_section_client_grap.php,rep12_sub_section_employee_grap.php	yes	review	outbound-linked	unknown	ajax
branch/complaintCheck.php	branch	complaintCheck		complaintCheck	branch user		branch	branches_departments,comlaints_employees_emails,companies_groups,complaints,complaints_reply,html,ra_users,rep12_main_section,rep12_subsection,rep_12_complainant_side		update,reply		no	yes	autoload.php,hr_session.php,config.php,functions.php,multiLanguage.php,common.php,MyQuery.php,index.php,complaints_pdf.php,complaintCheck_en.php,complaintCheck.php	yes	review	outbound-linked	unknown	ajax; print/pdf
branch/complaintCheck_en.php	branch	complaintCheck_en		complaintCheck en	branch user		branch	bottom,branches_departments,comlaints_employees_emails,complaints,complaints_reply,html,ra_users,rep12_main_section,rep12_subsection,rep_12_complainant_side		update,reply		yes	yes	config.php,functions.php,index.php,complaints_pdf.php,tcpdf_include.php,tcpdf_config_alt.php,tcpdf.php,complaintCheck.php	yes	no	outbound-linked	unknown	session/header guard; ajax; print/pdf; file handling/ref
branch/complaintForm.php	branch	complaintForm	ALHAMMADI	complaintForm	branch user		branch	branches_departments,complaints,complaints_numbers,complaints_reply,rep_12_complainant_side	complaintForm.php	create,update,delete,reply		yes	no	hr_session.php,config.php,functions.php,validationForm.php,multiLanguage.php,user.php,paginator.class.php,permissions.link.php,common.php,MyQuery.php,clientContract.php,clientVacations.php,complaint_form_result.php,complaint_form.php,complaintForm.php,rep12_sub_section_client_grap.php,rep12_main_section_grap.php	yes	no	outbound-linked	unknown	session/header guard; form; ajax; file handling/ref
branch/complaint_closing_reasons_other.php	branch	complaint_closing_reasons_other		complaint closing reasons other	branch user							no	no		no	review	unresolved	unknown	
branch/complaint_form.php	branch	complaint_form	ALHAMMADI	complaint form	branch user		branch	branches_departments,complaints,complaints_reply,rep_12_complainant_side	complaint_form.php?t=<?php echo hh_html($_GET[	create,update,reply		yes	no	hr_session.php,config.php,functions.php,validationForm.php,multiLanguage.php,user.php,paginator.class.php,permissions.link.php,common.php,MyQuery.php,clientContract.php,clientVacations.php,complaint_form_result.php,complaint_form.php,rep12_sub_section_client_grap.php,rep12_main_section_grap.php	yes	review	outbound-linked	unknown	form; ajax; file handling/ref
branch/complaint_form_result.php	branch	complaint_form_result	ALHAMMADI	complaint form result	branch user							yes	no	hr_session.php,config.php,functions.php,validationForm.php,multiLanguage.php,user.php,paginator.class.php,permissions.link.php,common.php,MyQuery.php,clientContract.php,clientVacations.php	no	review	outbound-linked	unknown	file handling/ref
branch/complaint_reply_form.php	branch	complaint_reply_form	ALHAMMADI	complaint reply form	branch user		branch	complaints,complaints_reply	complaint_reply_form.php	create,update,reply		yes	no	hr_session.php,config.php,functions.php,validationForm.php,multiLanguage.php,user.php,paginator.class.php,permissions.link.php,common.php,MyQuery.php,clientContract.php,clientVacations.php,complaint_reply_form_result.php,complaint_reply_form.php,rep12_sub_section_client_grap.php,rep12_main_section_grap.php	yes	review	outbound-linked	unknown	form; ajax; file handling/ref
branch/complaint_reply_form_result.php	branch	complaint_reply_form_result	ALHAMMADI | NEWBORNS	complaint reply form result	branch user			complaints,complaints_reply		update,reply		yes	no	hr_session.php,config.php,functions.php,validationForm.php,multiLanguage.php,user.php,paginator.class.php,permissions.link.php,common.php,MyQuery.php,clientContract.php,clientVacations.php,complaint_reply_form.php	yes	review	outbound-linked	unknown	ajax; file handling/ref
branch/complaint_report.php	branch	complaint_report		complaint report	branch user		company,branch	branches_departments,complaints_status,maintenance_request_type,notice_type,ra_users,rep12_main_section,rep12_subsection,rep_12_complainant_side,report_12,report_12_patient,support_services,support_services_all,support_services_departments	<?php echo $pagename; ?>	update,delete	0,1,2	yes	yes	header.inc.php,sms_class.php,Shortener.class.php,complaint_report.php,rep12_main_section_grap.php,rep12_sub_section_grap.php,footer.inc.php	yes	no	outbound-linked	unknown	session/header guard; form; ajax; print/pdf; file handling/ref
branch/complaint_reportss.php	branch	complaint_reportss	HH-GovernmentـreportsAnswer	complaint reportss	branch user		branch	branches,complaints,complaints_reply,rep12_subsection	<?php echo $pagename; ?>	reply		no	yes	hr_session.php,config.php,functions.php,validationForm.php,multiLanguage.php,user.php,paginator.class.php,permissions.link.php,common.php,MyQuery.php,clientContract.php,clientVacations.php,sms_class.php,Shortener.class.php,OpensslEncryptDecrypt.php,complaint_reportss.php,footer.inc.php	yes	review	outbound-linked	unknown	form; ajax; print/pdf
branch/complaint_request.php	branch	complaint_request		complaint request	branch user		branch	branches_departments,comlaints_employees_emails,complaints,complaints_numbers,ra_users,rep12_main_section,rep12_subsection,rep_12_complainant_side,sms_archive,sms_sender_name,transferal	<?php echo $pagename; ?>	create,update,delete,send	0,4	no	yes	header.inc.php,sms_class.php,Shortener.class.php,complaint_request.php,footer.inc.php,complaint_form.php,SL.php,complaint_request_pdf.php,complaints_request_action_input.php,sendsoundajax.php,rep12_main_section_grap.php,rep12_sub_section_client_grap.php,rep12_sub_section_employee_grap.php	yes	no	outbound-linked	unknown	session/header guard; form; ajax; print/pdf
branch/complaint_request_pdf.php	branch	complaint_request_pdf		complaint request pdf	branch user		branch	bottom,branches_departments,complaints,complaints_reply,html,ra_users,rep12_main_section,rep12_subsection,rep_12_complainant_side		update,reply		yes	yes	hr_session.php,config.php,functions.php,common.php,login.php,index.php,complaints_pdf.php,tcpdf_include.php,tcpdf_config_alt.php,tcpdf.php	yes	review	outbound-linked	unknown	ajax; print/pdf; file handling/ref
branch/complaint_request_pdf_en.php	branch	complaint_request_pdf_en		complaint request pdf en	branch user		branch	bottom,complaints,complaints_reply,html,rep12_main_section,rep12_subsection,rep_12_complainant_side		update,reply		yes	yes	hr_session.php,config.php,functions.php,common.php,login.php,index.php,complaints_pdf.php,tcpdf_include.php,tcpdf_config_alt.php,tcpdf.php	yes	review	outbound-linked	unknown	ajax; print/pdf; file handling/ref
branch/complaint_third_party_subsection_grap.php	branch	complaint_third_party_subsection_grap		complaint third party subsection grap	branch user			complaint_letter_receiver				no	no	hr_session.php,config.php	yes	no	outbound-linked	unknown	session/header guard; ajax
branch/complaints.php	branch	complaints	Al Hammadi Hospitals Group	complaints	branch user		branch	branches_departments,com_attitude,comlaints_employees_emails,comlaints_sender_email,comlaints_subsctions_emails,complaint_letter_receiver,complaints,complaints_letter_issuance,complaints_numbers,complaints_reply,complaints_status,functin,id,if,ra_users,rep12_main_section,rep12_subsection,rep_12_complainant_side,sms_archive,sms_sender_name,the,transferal	./complaints.php,<?php echo $pagename; ?>	create,update,delete,approve,send,reply	9,1,3,2,8,5,6,4,0,7	yes	yes	header.inc.php,sms_class.php,OpensslEncryptDecrypt.php,PHPMailer.php,SMTP.php,Exception.php,autoload.php,complaints.php,footer.inc.php,rep12_main_section_grap.php,rep12_sub_section_grap.php,rep12_employees_grap.php,complaintCheck.php,complaint_reply_form.php,complaint_reply_form11.php,complaint_letter_approval.php,SL.php,complaint_letter_approval1.php,rep12_sub_section_employee_grap.php,rep12_sub_section_client_grap.php,com_form.php,complaints_status_input.php,sendsoundajax.php,complaints_view.php,complaints_pdf.php,complaint_request_pdf.php,complaint_request_pdf_en.php,complaints_pdf1.php,complaints_letter_pdf.php,complaint_third_party_subsection_grap.php	yes	no	menu	unknown	session/header guard; form; ajax; print/pdf; file handling/ref
branch/complaints_letter.php	branch	complaints_letter		complaints letter	branch user		branch	branches_departments,complaint_letter_receiver,complaints,complaints_letter_issuance,html,ra_users,rep12_main_section,rep12_subsection,rep_12_complainant_side		reply		yes	yes	autoload.php,hr_session.php,config.php,functions.php,index.php,complaints_pdf.php,complaints_letter.php	yes	review	outbound-linked	unknown	ajax; print/pdf; file handling/ref
branch/complaints_letter_pdf.php	branch	complaints_letter_pdf		complaints letter pdf	branch user		branch	branches_departments,complaint_letter_receiver,complaints,complaints_letter_issuance,html,ra_users,rep12_main_section,rep12_subsection,rep_12_complainant_side		reply		yes	yes	autoload.php,hr_session.php,config.php,functions.php,login.php,index.php,complaints_pdf.php,complaints_letter.php	yes	review	outbound-linked	unknown	ajax; print/pdf; file handling/ref
branch/complaints_letter_pdf1.php	branch	complaints_letter_pdf1		complaints letter pdf1	branch user		branch	bottom,branches_departments,companies_groups_general,complaint_letter_receiver,complaints,complaints_letter_issuance,html,ra_users,rep12_main_section,rep12_subsection,rep_12_complainant_side		update,reply		yes	yes	hr_session.php,config.php,common.php,login.php,index.php,complaints_pdf.php,complaints_letter.php,tcpdf_include.php,tcpdf_config_alt.php,tcpdf.php	yes	review	outbound-linked	unknown	ajax; print/pdf; file handling/ref
branch/complaints_pdf.php	branch	complaints_pdf		complaints pdf	branch user		branch	branches_departments,comlaints_employees_emails,companies_groups,complaints,complaints_reply,html,ra_users,rep12_main_section,rep12_subsection,rep_12_complainant_side		update,reply	1	no	yes	config.php,common.php,autoload.php,hr_session.php,functions.php,multiLanguage.php,MyQuery.php,login.php,index.php,complaints_pdf.php,complaintCheck.php,barcode.php	yes	review	outbound-linked	unknown	ajax; print/pdf
branch/complaints_pdf1.php	branch	complaints_pdf1		complaints pdf1	branch user		branch	branches_departments,comlaints_employees_emails,companies_groups,complaints,complaints_reply,html,ra_users,rep12_main_section,rep12_subsection,rep_12_complainant_side		update,reply	1	no	yes	autoload.php,hr_session.php,config.php,functions.php,multiLanguage.php,common.php,MyQuery.php,login.php,index.php,complaints_pdf.php,complaintCheck.php	yes	review	outbound-linked	unknown	ajax; print/pdf
branch/complaints_request_action_input.php	branch	complaints_request_action_input		complaints request action input	branch user			rep12_main_section				no	no	hr_session.php,config.php,functions.php,validationForm.php,multiLanguage.php,common.php	yes	review	outbound-linked	unknown	ajax
branch/complaints_status_input.php	branch	complaints_status_input		complaints status input	branch user			complaint_closing_reasons,complaints_reply,rep12_main_section		reply		no	yes	hr_session.php,config.php,functions.php,validationForm.php,multiLanguage.php,common.php,complaints_status_input_english_name.php,complaint_closing_reasons_other.php	yes	review	outbound-linked	unknown	ajax; print/pdf
branch/complaints_status_input_english_name.php	branch	complaints_status_input_english_name		complaints status input english name	branch user			complaints				no	no	hr_session.php,config.php,functions.php,validationForm.php,multiLanguage.php,common.php	yes	review	outbound-linked	unknown	ajax
branch/complaints_v_pdf.php	branch	complaints_v_pdf		complaints v pdf	branch user		branch	bottom,branches_departments,complaints,complaints_reply,html,ra_users,rep12_main_section,rep12_subsection,rep_12_complainant_side		update,reply		yes	yes	hr_session.php,config.php,functions.php,common.php,login.php,index.php,complaints_pdf.php,tcpdf_include.php,tcpdf_config_alt.php,tcpdf.php,complaintCheck.php	yes	review	outbound-linked	unknown	ajax; print/pdf; file handling/ref
branch/complaints_view.php	branch	complaints_view		complaints view	branch user		branch	branches_departments,complaints,complaints_letter_issuance,complaints_reply,complaints_status,ra_users,rep12_main_section,rep12_subsection,rep_12_complainant_side		update,reply	1,2	no	yes	header.inc.php,index.php,complaints_pdf.php,footer.inc.php	yes	no	outbound-linked	unknown	session/header guard; ajax; print/pdf
branch/complaints_view_pdf.php	branch	complaints_view_pdf		complaints view pdf	branch user		branch	bottom,complaints,complaints_reply,complaints_status,html,ra_users		update,reply		yes	yes	hr_session.php,config.php,functions.php,common.php,login.php,index.php,complaints_pdf.php,tcpdf_include.php,tcpdf_config_alt.php,tcpdf.php	yes	review	outbound-linked	unknown	ajax; print/pdf; file handling/ref
branch/complaintss.php	branch	complaintss	Al Hammadi Hospitals Group	complaintss	branch user		branch	branches_departments,comlaints_employees_emails,comlaints_sender_email,comlaints_subsctions_emails,complaint_letter_receiver,complaints,complaints_letter_issuance,complaints_numbers,complaints_reply,complaints_status,functin,id,if,ra_users,rep12_main_section,rep12_subsection,rep_12_complainant_side,sms_archive,the,transferal	<?php echo $pagename; ?>	create,update,delete,approve,send,reply	9,1,3,2,8,5,6,4,0,7	yes	yes	header.inc.php,sms_class.php,OpensslEncryptDecrypt.php,PHPMailer.php,SMTP.php,Exception.php,autoload.php,complaintss.php,complaintCheck.php,complaint_reply_form.php,footer.inc.php,complaint_reply_form11.php,complaint_letter_approval.php,SL.php,complaint_letter_approval1.php,complaints_status_input.php,sendsoundajax.php,complaints_view.php,complaints_pdf.php,complaint_request_pdf.php,complaint_request_pdf_en.php,rep12_main_section_grap.php,rep12_sub_section_client_grap.php,rep12_sub_section_employee_grap.php,complaints_pdf1.php,complaints_letter_pdf.php,rep12_sub_section_grap.php,complaint_third_party_subsection_grap.php	yes	no	outbound-linked	unknown	session/header guard; form; ajax; print/pdf; file handling/ref
branch/contacts.php	branch	contacts		contacts	branch user		branch	complaints,contacts,functin,if	<?php echo $pagename; ?>	create,update,delete,send	4	no	no	header.inc.php,contacts.php,sendsoundajax.php,footer.inc.php	yes	no	outbound-linked	unknown	session/header guard; form; ajax
branch/contacts_details.php	branch	contacts_details		contacts details	branch user			contacts,contacts_informations				no	yes	header.inc.php,contacts_sections.php,footer.inc.php	yes	no	outbound-linked	unknown	session/header guard; ajax; print/pdf
branch/contacts_informations.php	branch	contacts_informations		contacts informations	branch user		branch	contacts,contacts_informations,functin,helper,if	<?php echo $pagename; ?>	create,update,delete,send	4	yes	yes	header.inc.php,SimpleXLSX.php,contacts_informations.php,city_grap.php,sendsoundajax.php,footer.inc.php	yes	no	outbound-linked	unknown	session/header guard; form; ajax; print/pdf; file handling/ref
branch/contacts_sections.php	branch	contacts_sections		contacts sections	branch user			contacts				no	yes	header.inc.php,contacts_details.php,footer.inc.php	yes	no	outbound-linked	unknown	session/header guard; ajax; print/pdf
branch/corporate_communications_form_returned.php	branch	corporate_communications_form_returned		corporate communications form returned	branch user		branch	companies_groups,corporate_communications,corporate_communications_action,corporate_communications_receipt_reports,corporate_communications_sectors,corporate_communications_sendertitle,government_circulars_issuing_authority,government_circulars_issuing_authority_classification,government_circulars_receiving_mechanism,government_circulars_sections,government_circulars_sections_administrators,html,ra_users		update,send,reply	5	yes	yes	hr_session.php,autoload.php,config.php,functions.php,multiLanguage.php,common.php,MyQuery.php,OpensslEncryptDecrypt.php,corporate_communications_form.php,index.php,corporate_communications_form_reply.php,barcode.php	yes	no	outbound-linked	unknown	session/header guard; ajax; print/pdf; file handling/ref
branch/corporate_communications_outgoing_letters.php	branch	corporate_communications_outgoing_letters		corporate communications outgoing letters	branch user		company,branch	and,branches,branches_departments,certificate_upload,companies_groups,corporate_communications_outgoing_letters,corporate_communications_outgoing_letters_action,corporate_communications_outgoing_letters_attachments,corporate_communications_outgoing_letters_deliver_to_agency,corporate_communications_outgoing_letters_deliver_to_postal,corporate_communications_outgoing_letters_replies,corporate_communications_outgoing_letters_return_by_employee,corporate_communications_outgoing_letters_return_shipment,corporate_communications_outgoing_letters_shipment_request_docum,corporate_communications_outgoing_letters_status,corporate_communications_outgoing_letters_supplementary,corporate_communications_outgoing_letters_template,corporate_communications_outgoing_letters_timeline,corporate_communications_sectors,department_sender_email,functin,government_circulars_issuing_authority,government_circulars_sections_administrators,if	<?php echo $pagename; ?>	create,update,delete,send	0,1,4,6,8,7,9,10,11,2,5	yes	yes	header.inc.php,sms_class.php,Shortener.class.php,OpensslEncryptDecrypt.php,PHPMailer.php,SMTP.php,Exception.php,corporate_communications_outgoing_letters.php,corporate_communications_outgoing_letters_modal.php,sendsoundajax.php,corporate_communications_outgoing_letters_status_input.php,corporate_communications_outgoing_letters_confirm.php,corporate_communications_outgoing_letters_timeline.php,corporate_communications_outgoing_letters_pdf_form.php,corporate_communications_outgoing_letters_shipment_request_pdf.php,corporate_communications_outgoing_letters_deliver_to_postal_pdf.php,corporate_communications_outgoing_letters_deliver_to_agency_pdf.php,corporate_communications_outgoing_letters_return_by_employee_pdf.php,corporate_communications_outgoing_letters_supplementary_letter.php,corporate_communications_outgoing_letters_returned_pdf.php,footer.inc.php,government_circulars_issuing_authority_grap.php	yes	no	outbound-linked	unknown	session/header guard; form; ajax; print/pdf; file handling/ref
branch/corporate_communications_outgoing_letters_confirm.php	branch	corporate_communications_outgoing_letters_confirm	Al Hammadi Hospitals Group	corporate communications outgoing letters confirm	branch user		branch	branches,corporate_communications_outgoing_letters,corporate_communications_outgoing_letters_timeline,department_sender_email	corporate_communications_outgoing_letters_confirm.php?id=<?php echo hh_int_value($_GET[	create,update,send,reply	2,1	yes	no	hr_session.php,config.php,functions.php,validationForm.php,multiLanguage.php,user.php,PHPMailer.php,SMTP.php,Exception.php,paginator.class.php,permissions.link.php,common.php,MyQuery.php,clientContract.php,clientVacations.php,OpensslEncryptDecrypt.php,index.php,corporate_communications_outgoing_letters.php,corporate_communications_form_reply_result.php,corporate_communications_outgoing_letters_view.php,corporate_communications_outgoing_letters_confirm.php	yes	no	outbound-linked	unknown	session/header guard; form; ajax; file handling/ref
branch/corporate_communications_outgoing_letters_deliver_to_agency_pdf.php	branch	corporate_communications_outgoing_letters_deliver_to_agency_pdf		corporate communications outgoing letters deliver to agency pdf	branch user		branch	branches,companies_groups_general,corporate_communications_outgoing_letters,corporate_communications_outgoing_letters_action,corporate_communications_outgoing_letters_deliver_to_agency,corporate_communications_outgoing_letters_deliver_to_postal,corporate_communications_outgoing_letters_shipment_request_docum,corporate_communications_sectors,corporate_communications_sendertitle,government_circulars_issuing_authority,government_circulars_receiving_mechanism,html,ra_users		send,reply	4	yes	yes	hr_session.php,autoload.php,config.php,functions.php,multiLanguage.php,common.php,MyQuery.php,index.php,corporate_communications_outgoing_letters_form.php,corporate_communications_outgoing_letters_form_reply.php,barcode.php	yes	review	outbound-linked	unknown	ajax; print/pdf; file handling/ref
branch/corporate_communications_outgoing_letters_letter.php	branch	corporate_communications_outgoing_letters_letter	'.$letter_content.'	corporate communications outgoing letters letter	branch user		branch	companies_groups_general,corporate_communications_outgoing_letters,corporate_communications_outgoing_letters_action,corporate_communications_outgoing_letters_attachments,corporate_communications_replies,corporate_communications_sectors,corporate_communications_sendertitle,government_circulars_issuing_authority,government_circulars_issuing_authority_classification,government_circulars_receiving_mechanism,government_circulars_sections,government_circulars_sections_administrators,html,ra_users		send	1,5	yes	yes	hr_session.php,autoload.php,config.php,functions.php,multiLanguage.php,common.php,MyQuery.php,OpensslEncryptDecrypt.php,login.php,index.php,corporate_communications_form.php,barcode.php	yes	review	outbound-linked	unknown	ajax; print/pdf; file handling/ref
branch/corporate_communications_outgoing_letters_modal.php	branch	corporate_communications_outgoing_letters_modal		corporate communications outgoing letters modal	branch user			corporate_communications_sendertitle		send		no	no	hr_session.php,config.php	yes	review	outbound-linked	unknown	ajax
branch/corporate_communications_outgoing_letters_modalBk.php	branch	corporate_communications_outgoing_letters_modalBk		corporate communications outgoing letters modalBk	branch user			corporate_communications_sendertitle		send		no	no	hr_session.php,config.php	yes	review	outbound-linked	unknown	ajax
branch/corporate_communications_outgoing_letters_pdf_form.php	branch	corporate_communications_outgoing_letters_pdf_form		corporate communications outgoing letters pdf form	branch user		branch	branches,companies_groups_general,corporate_communications_outgoing_letters,corporate_communications_outgoing_letters_timeline,corporate_communications_sectors,corporate_communications_sendertitle,government_circulars_issuing_authority,government_circulars_receiving_mechanism,html,ra_users		send,reply	2	yes	yes	hr_session.php,autoload.php,config.php,functions.php,multiLanguage.php,common.php,MyQuery.php,index.php,corporate_communications_form.php,barcode.php	yes	review	outbound-linked	unknown	ajax; print/pdf; file handling/ref
branch/corporate_communications_outgoing_letters_preview.php	branch	corporate_communications_outgoing_letters_preview	'.$contente.'	corporate communications outgoing letters preview	branch user		branch	companies_groups_general,corporate_communications_outgoing_letters,corporate_communications_outgoing_letters_attachments,corporate_communications_sectors,corporate_communications_sendertitle,government_circulars_issuing_authority,government_circulars_issuing_authority_classification,government_circulars_receiving_mechanism,html,ra_users	corporate_communications_outgoing_letters_preview.php?id=<?php echo hh_html($ex[0]); ?>|2	send,reply	1	yes	yes	hr_session.php,autoload.php,config.php,functions.php,multiLanguage.php,common.php,MyQuery.php,OpensslEncryptDecrypt.php,corporate_communications_outgoing_letters_preview.php,index.php,corporate_communications_form.php,barcode.php	yes	review	outbound-linked	unknown	form; ajax; print/pdf; file handling/ref
branch/corporate_communications_outgoing_letters_returned_pdf.php	branch	corporate_communications_outgoing_letters_returned_pdf		corporate communications outgoing letters returned pdf	branch user		branch	branches,companies_groups_general,corporate_communications_outgoing_letters,corporate_communications_outgoing_letters_action,corporate_communications_outgoing_letters_timeline,corporate_communications_sectors,corporate_communications_sendertitle,government_circulars_issuing_authority,government_circulars_receiving_mechanism,html,ra_users		send,reply	5,2	yes	yes	hr_session.php,autoload.php,config.php,functions.php,multiLanguage.php,common.php,MyQuery.php,index.php,corporate_communications_form.php,barcode.php	yes	review	outbound-linked	unknown	ajax; print/pdf; file handling/ref
branch/corporate_communications_outgoing_letters_status_input.php	branch	corporate_communications_outgoing_letters_status_input		corporate communications outgoing letters status input	branch user			government_inspection_visits_abuses_and_notes				no	no	hr_session.php,config.php,functions.php,validationForm.php,multiLanguage.php,common.php	no	review	outbound-linked	unknown	
branch/corporate_communications_outgoing_letters_supplementary_letter.php	branch	corporate_communications_outgoing_letters_supplementary_letter	'.$content.'	corporate communications outgoing letters supplementary letter	branch user		branch	companies_groups_general,corporate_communications_outgoing_letters,corporate_communications_outgoing_letters_action,corporate_communications_outgoing_letters_attachments,corporate_communications_outgoing_letters_supplementary,corporate_communications_replies,corporate_communications_sectors,corporate_communications_sendertitle,government_circulars_issuing_authority,government_circulars_issuing_authority_classification,government_circulars_receiving_mechanism,government_circulars_sections,government_circulars_sections_administrators,html,ra_users		send	1,5	yes	yes	hr_session.php,autoload.php,config.php,functions.php,multiLanguage.php,common.php,MyQuery.php,OpensslEncryptDecrypt.php,login.php,index.php,corporate_communications_form.php,barcode.php	yes	review	outbound-linked	unknown	ajax; print/pdf; file handling/ref
branch/corporate_communications_outgoing_letters_template.php	branch	corporate_communications_outgoing_letters_template		corporate communications outgoing letters template	branch user			corporate_communications_outgoing_letters_template		approve		no	no	hr_session.php,config.php,functions.php,validationForm.php,multiLanguage.php,user.php,paginator.class.php,permissions.link.php,common.php,MyQuery.php	yes	review	outbound-linked	unknown	ajax
branch/corporate_communications_outgoing_letters_timeline.php	branch	corporate_communications_outgoing_letters_timeline		corporate communications outgoing letters timeline	branch user		branch	administrative_directors,branches,corporate_communications_outgoing_letters,corporate_communications_outgoing_letters_status,corporate_communications_outgoing_letters_timeline,government_circulars_issuing_authority,government_circulars_sections,government_circulars_sections_administrators,ra_users				no	yes	header.inc.php,footer.inc.php	yes	no	outbound-linked	unknown	session/header guard; ajax; print/pdf
branch/corporate_communications_outgoing_letters_view.php	branch	corporate_communications_outgoing_letters_view	'.$letter_content.'	corporate communications outgoing letters view	branch user		branch	companies_groups_general,corporate_communications_outgoing_letters,corporate_communications_outgoing_letters_attachments,corporate_communications_replies,corporate_communications_sectors,corporate_communications_sendertitle,government_circulars_issuing_authority,government_circulars_issuing_authority_classification,government_circulars_receiving_mechanism,government_circulars_sections,government_circulars_sections_administrators,html,ra_users		send,reply	1	yes	yes	hr_session.php,autoload.php,config.php,functions.php,multiLanguage.php,common.php,MyQuery.php,OpensslEncryptDecrypt.php,index.php,corporate_communications_form.php,barcode.php	yes	review	outbound-linked	unknown	ajax; print/pdf; file handling/ref
branch/country.php	branch	country		country	branch user		branch	complaints,country,functin,if	<?php echo $pagename; ?>	create,update,delete,send	4	no	no	header.inc.php,country.php,sendsoundajax.php,footer.inc.php	yes	no	outbound-linked	unknown	session/header guard; form; ajax
branch/course_registration_step2.php	branch	course_registration_step2	مركز عدل للتدريب القانوني	course registration step2	branch user		company		index.html			no	no	config.php	no	review	outbound-linked	unknown	form
branch/crisis_management.php	branch	crisis_management	إشعار إعتذار إدارة الأزمات الصحية	crisis management	branch user		branch	booking_period,companies_groups,crisis_management,department_sender_email,ehala_case_apology_type,functin,if,ra_users,room_type	./complaints.php,<?php echo $pagename; ?>	create,update,delete,send,reply	4	yes	yes	header.inc.php,sms_class.php,OpensslEncryptDecrypt.php,autoload.php,crisis_management.php,crisis_management_pdf.php,footer.inc.php,sendsoundajax.php,complaints.php	yes	no	outbound-linked	unknown	session/header guard; form; ajax; print/pdf; file handling/ref
branch/crisis_management_pdf.php	branch	crisis_management_pdf		crisis management pdf	branch user		company,branch	booking_period,companies_groups,crisis_management,ehala_case_apology_type,forms_contacts,html,ra_users,room_type		reply		yes	yes	autoload.php,hr_session.php,config.php,functions.php,multiLanguage.php,common.php,MyQuery.php,login.php,logout.php,index.php,complaints_pdf.php,crisis_management_pdf.php,barcode.php	yes	no	outbound-linked	unknown	session/header guard; ajax; print/pdf; file handling/ref
branch/crisis_management_tcpdf.php	branch	crisis_management_tcpdf		crisis management tcpdf	branch user		company,branch	booking_period,companies_groups,crisis_management,ehala_case_apology_type,forms_contacts,html,ra_users,room_type		reply		yes	yes	autoload.php,hr_session.php,config.php,functions.php,multiLanguage.php,common.php,MyQuery.php,login.php,logout.php,index.php,complaints_pdf.php,crisis_management_pdf.php	yes	no	outbound-linked	unknown	session/header guard; ajax; print/pdf; file handling/ref
branch/death.php	branch	death		death	branch user			functin,if,incident_report_form_doctors	<?php echo $pagename; ?>	create,update,delete		no	no	header.inc.php,Deaths.php,footer.inc.php	yes	no	outbound-linked	unknown	session/header guard; form; ajax
branch/death_reason.php	branch	death_reason		death reason	branch user		branch	death_reason,functin,if,receiving_the_corpse	<?php echo $pagename; ?>	create,update,delete,send	4	no	no	header.inc.php,death_reason.php,sendsoundajax.php,footer.inc.php	yes	no	menu	unknown	session/header guard; form; ajax
branch/delete_shift_schedule.php	branch	delete_shift_schedule		delete shift schedule	branch user			shift_schedule		create,update,delete		no	no	hr_session.php,config.php,functions.php,login.php	no	no	outbound-linked	unknown	session/header guard
branch/department_sender_email.php	branch	department_sender_email		department sender email	branch user		branch	department_sender_email,if	<?php echo $pagename; ?>	create,update,delete,send		no	no	header.inc.php,OpensslEncryptDecrypt.php,department_sender_email.php,footer.inc.php	yes	no	outbound-linked	unknown	session/header guard; form; ajax
branch/direct_codes.php	branch	direct_codes		direct codes	branch user			direct_code,insurance_companies				no	yes	header.inc.php,footer.inc.php	yes	no	outbound-linked	unknown	session/header guard; ajax; print/pdf
branch/doctors_search.php	branch	doctors_search	البحث عن الاطباء	doctors search	branch user							no	no	header.inc.php,footer.inc.php	no	no	outbound-linked	unknown	session/header guard
branch/doctors_search_data.php	branch	doctors_search_data		doctors search data	branch user			clinician_hospitals,clinicians				no	no	hr_session.php,config.php	yes	review	outbound-linked	unknown	ajax
branch/dscEmailTest.php	branch	dscEmailTest		dscEmailTest	branch user		branch	comlaints_sender_email		send		no	no	hr_session.php,config.php,functions.php,OpensslEncryptDecrypt.php,PHPMailer.php,Exception.php,SMTP.php,C:\PHPMailer\src\SMTP.php	yes	review	outbound-linked	unknown	ajax
branch/dscEmailTestNk.php	branch	dscEmailTestNk		dscEmailTestNk	branch user		branch	comlaints_sender_email		send,reply		no	no	hr_session.php,config.php,functions.php,OpensslEncryptDecrypt.php,PHPMailer.php,Exception.php,SMTP.php,C:\PHPMailer\src\SMTP.php	yes	review	outbound-linked	unknown	ajax
branch/ehala_case_apology.php	branch	ehala_case_apology		ehala case apology	branch user		branch	countries,ehala_case_apology,ehala_case_apology_type,functin,if,ra_users	./complaints.php,<?php echo $pagename; ?>	create,update,delete,send,reply	4	yes	yes	header.inc.php,OpensslEncryptDecrypt.php,autoload.php,ehala_case_apology.php,crisis_management_pdf.php,footer.inc.php,sendsoundajax.php,complaints.php,ehala_case_apology_pdf.php	yes	no	outbound-linked	unknown	session/header guard; form; ajax; print/pdf; file handling/ref
branch/ehala_case_apology_pdf.php	branch	ehala_case_apology_pdf		ehala case apology pdf	branch user		company,branch	companies_groups,countries,ehala_case_apology,ehala_case_apology_type,forms_contacts,html,ra_users		reply		yes	yes	autoload.php,hr_session.php,config.php,functions.php,multiLanguage.php,common.php,MyQuery.php,login.php,logout.php,index.php,complaints_pdf.php,ehala_case_apology_pdf.php,barcode.php	yes	no	outbound-linked	unknown	session/header guard; ajax; print/pdf; file handling/ref
branch/ehala_case_apology_pdf1.php	branch	ehala_case_apology_pdf1		ehala case apology pdf1	branch user		company,branch	companies_groups,countries,ehala_case_apology,ehala_case_apology_type,forms_contacts,html,ra_users		reply		yes	yes	autoload.php,hr_session.php,config.php,functions.php,multiLanguage.php,common.php,MyQuery.php,login.php,logout.php,index.php,complaints_pdf.php,ehala_case_apology_pdf.php	yes	no	outbound-linked	unknown	session/header guard; ajax; print/pdf; file handling/ref
branch/ehala_case_apology_tcpdf.php	branch	ehala_case_apology_tcpdf		ehala case apology tcpdf	branch user		company,branch	companies_groups,countries,ehala_case_apology,ehala_case_apology_type,forms_contacts,html,ra_users		reply		yes	yes	hr_session.php,config.php,functions.php,multiLanguage.php,common.php,MyQuery.php,login.php,logout.php,index.php,complaints_pdf.php,ehala_case_apology_pdf.php	yes	no	outbound-linked	unknown	session/header guard; ajax; print/pdf; file handling/ref
branch/emda.php	branch	emda		emda	branch user			payment_guarantee				yes	no	hr_session.php,config.php,functions.php,multiLanguage.php,common.php,MyQuery.php	yes	review	outbound-linked	unknown	ajax; file handling/ref
branch/emdah_pdf.php	branch	emdah_pdf		emdah pdf	branch user		branch	payment_guarantee				yes	yes	hr_session.php,config.php,functions.php,multiLanguage.php,common.php,MyQuery.php,login.php,logout.php,index.php	yes	review	outbound-linked	unknown	ajax; print/pdf; file handling/ref
branch/emdha_pdf.php	branch	emdha_pdf		emdha pdf	branch user		branch	payment_guarantee				yes	yes	hr_session.php,config.php,functions.php,multiLanguage.php,common.php,MyQuery.php,login.php,logout.php,index.php	yes	review	outbound-linked	unknown	ajax; print/pdf; file handling/ref
branch/emergency_calls_codes.php	branch	emergency_calls_codes		emergency calls codes	branch user		branch	country,emergency_calls_codes,functin,if	<?php echo $pagename; ?>	create,update,delete		no	yes	header.inc.php,emergency_calls_codes.php,footer.inc.php	yes	no	outbound-linked	unknown	session/header guard; form; ajax; print/pdf
branch/emergency_calls_codes_reasons.php	branch	emergency_calls_codes_reasons		emergency calls codes reasons	branch user		branch	emergency_calls_codes,emergency_calls_codes_reasons,functin,helper,if	<?php echo $pagename; ?>,<?php echo $pagename; ?>?code_id=<?php echo $code_id; ?>	create,update,delete,send	4	no	yes	header.inc.php,emergency_calls_codes_reasons.php,city_grap.php,sendsoundajax.php,footer.inc.php	yes	no	outbound-linked	unknown	session/header guard; form; ajax; print/pdf
branch/emergency_calls_codes_reasons_grap.php	branch	emergency_calls_codes_reasons_grap		emergency calls codes reasons grap	branch user			database,emergency_calls_codes_reasons				no	no	hr_session.php,config.php,functions.php	yes	review	outbound-linked	unknown	ajax
branch/emergency_calls_codes_responsibles.php	branch	emergency_calls_codes_responsibles		emergency calls codes responsibles	branch user		branch	emergency_calls_codes,emergency_calls_codes_responsibles,functin,helper,if	<?php echo $pagename; ?>,<?php echo $pagename; ?>?code_id=<?php echo $code_id; ?>	create,update,delete,send	4	no	yes	header.inc.php,emergency_calls_codes_responsibles.php,city_grap.php,sendsoundajax.php,footer.inc.php	yes	no	outbound-linked	unknown	session/header guard; form; ajax; print/pdf
branch/emergency_calls_codes_responsibles_grap.php	branch	emergency_calls_codes_responsibles_grap		emergency calls codes responsibles grap	branch user			database,emergency_calls_codes_responsibles				no	no	hr_session.php,config.php,functions.php,validationForm.php,multiLanguage.php,user.php,paginator.class.php,permissions.link.php,common.php,MyQuery.php	yes	review	outbound-linked	unknown	ajax
branch/emergency_cases_process.php	branch	emergency_cases_process		emergency cases process	branch user					send	4	no	no	header.inc.php,emergency_cases_process_saudi.php,emergency_cases_process_foreigner.php,sendsoundajax.php,footer.inc.php	yes	no	outbound-linked	unknown	session/header guard; ajax
branch/emergency_cases_process_foreigner.php	branch	emergency_cases_process_foreigner		emergency cases process foreigner	branch user		company					no	no	emergency_cases_process_individual.php,emergency_cases_process_foreiner_company.php,emergency_cases_process_foreiner_visa1.php,emergency_cases_process_foreiner_visa2.php,emergency_cases_process_foreiner_gulf.php,emergency_cases_process_foreiner_displaced.php,emergency_cases_process_unknown.php	no	review	outbound-linked	unknown	
branch/emergency_cases_process_foreiner_company.php	branch	emergency_cases_process_foreiner_company		emergency cases process foreiner company	branch user							no	no	emergency_cases_process_saudi_insurance.php,emergency_cases_process_saudi_no_insurance_cash.php	no	review	outbound-linked	unknown	
branch/emergency_cases_process_foreiner_dispalced_no_insurance.php	branch	emergency_cases_process_foreiner_dispalced_no_insurance		emergency cases process foreiner dispalced no insurance	branch user							no	no	emergency_cases_process_saudi_insurance.php	no	review	outbound-linked	unknown	
branch/emergency_cases_process_foreiner_displaced.php	branch	emergency_cases_process_foreiner_displaced		emergency cases process foreiner displaced	branch user							no	no	emergency_cases_process_saudi_insurance.php,emergency_cases_process_foreiner_dispalced_no_insurance.php	no	review	outbound-linked	unknown	
branch/emergency_cases_process_foreiner_gulf.php	branch	emergency_cases_process_foreiner_gulf		emergency cases process foreiner gulf	branch user							no	no	emergency_cases_process_saudi_insurance.php,emergency_cases_process_saudi_no_insurance_saha.php	no	review	outbound-linked	unknown	
branch/emergency_cases_process_foreiner_no_insurance_visa2.php	branch	emergency_cases_process_foreiner_no_insurance_visa2		emergency cases process foreiner no insurance visa2	branch user							no	no	emergency_cases_process_saudi_insurance.php	no	review	outbound-linked	unknown	
branch/emergency_cases_process_foreiner_visa1.php	branch	emergency_cases_process_foreiner_visa1		emergency cases process foreiner visa1	branch user							no	no	emergency_cases_process_saudi_insurance.php,emergency_cases_process_saudi_no_insurance_cash.php	no	review	outbound-linked	unknown	
branch/emergency_cases_process_foreiner_visa2.php	branch	emergency_cases_process_foreiner_visa2		emergency cases process foreiner visa2	branch user							no	no	emergency_cases_process_saudi_insurance.php,emergency_cases_process_foreiner_no_insurance_visa2.php	no	review	outbound-linked	unknown	
branch/emergency_cases_process_individual.php	branch	emergency_cases_process_individual		emergency cases process individual	branch user							no	no	emergency_cases_process_saudi_insurance.php	no	review	outbound-linked	unknown	
branch/emergency_cases_process_saudi.php	branch	emergency_cases_process_saudi		emergency cases process saudi	branch user					send	4	no	no	emergency_cases_process_saudi_insurance.php,emergency_cases_process_saudi_no_insurance.php,sendsoundajax.php	yes	review	outbound-linked	unknown	ajax
branch/emergency_cases_process_saudi_insurance.php	branch	emergency_cases_process_saudi_insurance		emergency cases process saudi insurance	branch user					send	4	no	no	emergency_cases_process_saudi_insurance.php,sendsoundajax.php	yes	review	outbound-linked	unknown	ajax
branch/emergency_cases_process_saudi_no_insurance.php	branch	emergency_cases_process_saudi_no_insurance		emergency cases process saudi no insurance	branch user					send	4	no	no	emergency_cases_process_saudi_insurance.php,sendsoundajax.php	yes	review	outbound-linked	unknown	ajax
branch/emergency_cases_process_saudi_no_insurance_cash.php	branch	emergency_cases_process_saudi_no_insurance_cash		emergency cases process saudi no insurance cash	branch user							no	no	emergency_cases_process_saudi_insurance.php	no	review	outbound-linked	unknown	
branch/emergency_cases_process_saudi_no_insurance_saha.php	branch	emergency_cases_process_saudi_no_insurance_saha		emergency cases process saudi no insurance saha	branch user							no	no	emergency_cases_process_saudi_insurance.php	no	review	outbound-linked	unknown	
branch/emergency_cases_process_unknown.php	branch	emergency_cases_process_unknown		emergency cases process unknown	branch user							no	no	emergency_cases_process_saudi_insurance.php	no	review	outbound-linked	unknown	
branch/emergency_escape_report_side.php	branch	emergency_escape_report_side		emergency escape report side	branch user		branch	complaints,emergency_escape_report_side,functin,if	<?php echo $pagename; ?>,<?php echo $pagename; ?>?section_id=<?php echo $section_id; ?>	create,update,delete,send	4	no	no	header.inc.php,emergency_escape_report_side.php,sendsoundajax.php,footer.inc.php	yes	no	outbound-linked	unknown	session/header guard; form; ajax
branch/emergency_follow_up.php	branch	emergency_follow_up		emergency follow up	branch user		branch	emergency_follow_up,emergency_follow_up_notice,notice_type,ra_users	<?php echo $pagename; ?>,emergency_follow_up.php	create,update,send	1,4,2	no	yes	header.inc.php,emergency_follow_up.php,sendsoundajax.php,emergency_follow_up_notice_record.php,emergency_follow_up_print.php,footer.inc.php	yes	no	outbound-linked	unknown	session/header guard; form; ajax; print/pdf
branch/emergency_follow_up_notice_record.php	branch	emergency_follow_up_notice_record	ToDo - Frest - Bootstrap HTML admin template	emergency follow up notice record	branch user		branch	clinics,emergency_follow_up,emergency_follow_up_notice,new_post,notice_type,ra_users,specialized_clinics,users_readed_post	emergency_follow_up_notice_record.php?id=<?php echo $requestId; ?>	create,delete	1,2	no	yes	hr_session.php,config.php,functions.php,validationForm.php,multiLanguage.php,user.php,paginator.class.php,permissions.link.php,common.php,MyQuery.php,clientContract.php,clientVacations.php,login.php,logout.php,permissions.class.php,emergency_follow_up_notice_record.php,footer.inc.php,app-email.php,app-todo.php,app-calendar.php,emergency_follow_up.php,view_post.php,change_pass.php,clinic_details.php,insurance_companies.php,vacation_request.php,permission_request.php,change_duty_time_request.php,resignation_request.php,emp_evaluation_view.php	yes	no	outbound-linked	unknown	session/header guard; form; ajax; print/pdf
branch/emergency_follow_up_print.php	branch	emergency_follow_up_print		emergency follow up print	branch user		branch	emergency_follow_up,emergency_follow_up_notice,notice_type,ra_users			2,1	no	yes	header.inc.php,emergency_follow_up.php,footer.inc.php	yes	no	outbound-linked	unknown	session/header guard; ajax; print/pdf
branch/emergency_new_call.php	branch	emergency_new_call		emergency new call	branch user		branch	branches_area,centeral_sections,duty_period,emergency_calls_codes,emergency_new_call,emergency_new_call_responsibles,helper,maintenance_request_type,rep15_maintenance_departments	emergency_new_call.php	create,update,delete,send	4	no	no	header.inc.php,emergency_new_call.php,emergency_new_call_view.php,emergency_calls_codes_responsibles_grap.php,footer.inc.php,rep15_maintenance_departments_sections_grap.php,emergency_calls_codes_reasons_grap.php,sendsoundajax.php	yes	review	outbound-linked	unknown	session/header guard; form; ajax
branch/emergency_new_call_view.php	branch	emergency_new_call_view		emergency new call view	branch user		branch	branches,branches_departments,centeral_sections,emergency_calls_codes,emergency_calls_codes_reasons,emergency_calls_codes_responsibles,emergency_new_call,emergency_new_call_responsibles,functin,helper,if,inquiries_and_services_reply,ra_users,rep12_main_section	./complaints.php,<?php echo $pagename; ?>	create,update,delete,send,reply	0,4	yes	yes	header.inc.php,emergency_new_call_view.php,complaints.php,footer.inc.php,emergency_new_call.php,rep12_subsection_grap.php,sendsoundajax.php	yes	no	outbound-linked	unknown	session/header guard; form; ajax; print/pdf; file handling/ref
branch/emergency_pending_approvals.php	branch	emergency_pending_approvals		emergency pending approvals	branch user			approving_bodies,rep1_hospitalization_place,rep1_suspension_action,rep1_suspension_reasons		delete,approve		no	no	hr_session.php,config.php,functions.php,validationForm.php,multiLanguage.php,user.php,paginator.class.php,permissions.link.php,common.php,MyQuery.php	yes	review	outbound-linked	unknown	ajax
branch/emergency_reception_mechanism.php	branch	emergency_reception_mechanism		emergency reception mechanism	branch user					send	4	no	no	header.inc.php,emergency_reception_mechanism_case1.php,emergency_reception_mechanism_case7.php,emergency_reception_mechanism_case2.php,emergency_reception_mechanism_case3.php,emergency_reception_mechanism_case4.php,emergency_reception_mechanism_case5.php,emergency_reception_mechanism_case6.php,sendsoundajax.php,footer.inc.php	yes	no	outbound-linked	unknown	session/header guard; ajax
branch/emergency_reception_mechanism_case1.php	branch	emergency_reception_mechanism_case1		emergency reception mechanism case1	branch user							no	no		no	review	unresolved	unknown	
branch/emergency_reception_mechanism_case2.php	branch	emergency_reception_mechanism_case2		emergency reception mechanism case2	branch user							no	no		no	review	unresolved	unknown	
branch/emergency_reception_mechanism_case3.php	branch	emergency_reception_mechanism_case3		emergency reception mechanism case3	branch user							no	no		no	review	unresolved	unknown	
branch/emergency_reception_mechanism_case4.php	branch	emergency_reception_mechanism_case4		emergency reception mechanism case4	branch user							no	no		no	review	unresolved	unknown	
branch/emergency_reception_mechanism_case5.php	branch	emergency_reception_mechanism_case5		emergency reception mechanism case5	branch user							no	no		no	review	unresolved	unknown	
branch/emergency_reception_mechanism_case6.php	branch	emergency_reception_mechanism_case6		emergency reception mechanism case6	branch user							no	no		no	review	unresolved	unknown	
branch/emergency_reception_mechanism_case7.php	branch	emergency_reception_mechanism_case7		emergency reception mechanism case7	branch user							no	no		no	review	unresolved	unknown	
branch/emergency_unidentified_case_side.php	branch	emergency_unidentified_case_side		emergency unidentified case side	branch user		branch	complaints,emergency_unidentified_case_side,functin,if	<?php echo $pagename; ?>	create,update,delete,send	4	no	no	header.inc.php,emergency_unidentified_case_side.php,sendsoundajax.php,footer.inc.php	yes	no	outbound-linked	unknown	session/header guard; form; ajax
branch/emp_evaluation.php	branch	emp_evaluation		emp evaluation	branch user		branch	emp_evaluation,ra_users	emp_evaluation.php	create,send		yes	yes	header.inc.php,emp_evaluation.php,footer.inc.php	yes	no	outbound-linked	unknown	session/header guard; form; ajax; print/pdf; file handling/ref
branch/emp_evaluation_view.php	branch	emp_evaluation_view		emp evaluation view	branch user			emp_evaluation,ra_users	<?php echo $pagename;?>	create,send		no	yes	header.inc.php,emp_evaluation_view.php,footer.inc.php	yes	no	outbound-linked	unknown	session/header guard; form; ajax; print/pdf
branch/employee_mandate.php	branch	employee_mandate	إنتداب الموظف	employee mandate	branch user		branch	clients,employee_mandate,helper		update,approve		no	yes	header.inc.php,employee_mandate.php,footer.inc.php,city_grap.php	yes	no	outbound-linked	unknown	session/header guard; ajax; print/pdf
branch/empty.php	branch	empty		empty	branch user							no	no		no	review	unresolved	unknown	
branch/entities_training_service.php	branch	entities_training_service	الانتساب لدورة تدريبية	entities training service	branch user		company	city,entities_training_service	entities_training_service.php	create		no	no	header.php,entities_training_service.php,index.php,services.php,footer.php	yes	review	outbound-linked	unknown	form; ajax
branch/escape_father_data.php	branch	escape_father_data		escape father data	branch user			countries				no	no	hr_session.php,config.php,functions.php,validationForm.php,multiLanguage.php,user.php,paginator.class.php,permissions.link.php,common.php,MyQuery.php	yes	review	outbound-linked	unknown	ajax
branch/escape_report_form.php	branch	escape_report_form	نموذج إبلاغ هروب	escape report form	branch user		branch	certificate_upload,countries,emergency_escape_report_side,escape_report_form,escape_report_form_attachments,functin,gender,if,ra_users	./complaints.php,<?php echo $pagename; ?>	create,update,delete,send,reply	4	yes	yes	header.inc.php,escape_report_form.php,sendsoundajax.php,complaints.php,escape_father_data.php,empty.php,escape_report_form_pdf.php,footer.inc.php	yes	no	outbound-linked	unknown	session/header guard; form; ajax; print/pdf; file handling/ref
branch/escape_report_form_other.php	branch	escape_report_form_other		escape report form other	branch user							no	no		no	review	unresolved	unknown	
branch/escape_report_form_pdf.php	branch	escape_report_form_pdf		escape report form pdf	branch user		company,branch	branches,companies_groups,countries,emergency_escape_report_side,escape_report_form,forms_contacts,gender,html,ra_users				yes	yes	autoload.php,hr_session.php,config.php,functions.php,multiLanguage.php,common.php,MyQuery.php,index.php,complaints_pdf.php,escape_report_form_pdf.php,barcode.php	yes	no	outbound-linked	unknown	session/header guard; ajax; print/pdf; file handling/ref
branch/escape_report_form_pdf_pdf.php	branch	escape_report_form_pdf_pdf		escape report form pdf pdf	branch user		company,branch	bottom,branches,companies_groups,data,escape_report_form_pdf,html,injury_type,nationality,ra_users,room_type		update,reply		yes	yes	hr_session.php,config.php,functions.php,multiLanguage.php,common.php,MyQuery.php,login.php,logout.php,index.php,complaints_pdf.php,escape_report_form_pdf_pdf.php,tcpdf_include.php,tcpdf_config_alt.php,tcpdf.php	yes	no	outbound-linked	unknown	session/header guard; ajax; print/pdf; file handling/ref
branch/escape_report_form_tcpdf.php	branch	escape_report_form_tcpdf		escape report form tcpdf	branch user		company,branch	bottom,branches,companies_groups,emergency_escape_report_side,escape_report_form,forms_contacts,gender,html,nationality,ra_users		update		yes	yes	hr_session.php,config.php,functions.php,multiLanguage.php,common.php,MyQuery.php,login.php,logout.php,index.php,complaints_pdf.php,escape_report_form_pdf.php,tcpdf_include.php,tcpdf_config_alt.php,tcpdf.php	yes	no	outbound-linked	unknown	session/header guard; ajax; print/pdf; file handling/ref
branch/excel.php	branch	excel		excel	branch user		branch	centeral_floors,centeral_sections,central_ext_phone,clinicians,helper	<?php echo $pagename; ?>	create,update,delete,send	4	yes	yes	header.inc.php,SimpleXLSX.php,central_ext_phone.php,city_grap.php,sendsoundajax.php,footer.inc.php	yes	no	outbound-linked	unknown	session/header guard; form; ajax; print/pdf; file handling/ref
branch/executive_title.php	branch	executive_title		executive title	branch user		company,branch	branches_departments,certificate_upload,country_yakeen,executive_title,executive_title_actions,executive_title_approval_status,executive_title_attachments,executive_title_payment_type,executive_title_required_documents,executive_title_required_documents_attachments,executive_title_statement_request,executive_title_status,executive_title_suspend_case_request,functin,if,ra_users	<?php echo $pagename; ?>,<?php echo 	create,update,delete,approve,reject,send,reply	0,1,4,9,14,8,6,7	yes	yes	header.inc.php,executive_title.php,executive_title_sessions_schedule.php,footer.inc.php,payment_guarantee_hijri.php,payment_guarantee_gregorian.php,executive_title_status_details.php,sendsoundajax.php,executive_title_pdf.php,executive_title_timeline.php,executive_title_grap.php,rep12_main_section_grap.php,inquired_section_grap.php	yes	no	outbound-linked	unknown	session/header guard; form; ajax; print/pdf; file handling/ref
branch/financial_claims.php	branch	financial_claims		financial claims	branch user		branch	branches_departments,certificate_upload,financial_claim_approval_status,financial_claims_payment_type,financial_claims_status,financial_claims_stutus_records,functin,helper,if,payment_guarantee,payment_guarantee_attachments,ra_users,rep12_main_section,rep_12_complainant_side,sms_archive,sms_sender_name	<?php echo $pagename;?>,<?php echo $pagename; ?>,<?php echo 	create,update,delete,approve,send	0,1,3,7,9,4	yes	yes	header.inc.php,sms_class.php,financial_claims.php,footer.inc.php,financial_claims_new.php,financial_claims_status.php,payment_guarantee_pdf.php,payment_guarantee.php,rep12_subsection_grap.php,sendsoundajax.php	yes	no	outbound-linked	unknown	session/header guard; form; ajax; print/pdf; file handling/ref
branch/financial_claims_new.php	branch	financial_claims_new		financial claims new	branch user			rep1_hospitalization_place				no	yes	hr_session.php,config.php,functions.php,multiLanguage.php,user.php,common.php,MyQuery.php	yes	review	outbound-linked	unknown	ajax; print/pdf
branch/financial_claims_pdf.php	branch	financial_claims_pdf		financial claims pdf	branch user		branch	bottom,branches_departments,financial_claims,html,ra_users,third_party		update		yes	yes	config.php,common.php,index.php,financial_claims_pdf.php,tcpdf_include.php,tcpdf_config_alt.php,tcpdf.php	yes	review	outbound-linked	unknown	ajax; print/pdf; file handling/ref
branch/financial_claims_status.php	branch	financial_claims_status		financial claims status	branch user						3,4,5,6,8	yes	no	hr_session.php,config.php,functions.php,multiLanguage.php,user.php,common.php,MyQuery.php	no	review	outbound-linked	unknown	file handling/ref
branch/financial_claims_status_input.php	branch	financial_claims_status_input		financial claims status input	branch user							no	no	hr_session.php,config.php,functions.php,validationForm.php,multiLanguage.php,user.php,paginator.class.php,permissions.link.php,common.php,MyQuery.php	no	review	outbound-linked	unknown	
branch/floors.php	branch	floors		floors	branch user		branch	floors,functin,if	<?php echo $pagename; ?>	create,update,delete		no	yes	header.inc.php,floors.php,footer.inc.php	yes	no	outbound-linked	unknown	session/header guard; form; ajax; print/pdf
branch/floors_details.php	branch	floors_details		floors details	branch user			floors,floors_details,insurance_companies				no	yes	header.inc.php,footer.inc.php	yes	no	outbound-linked	unknown	session/header guard; ajax; print/pdf
branch/floors_sections.php	branch	floors_sections		floors sections	branch user			floors				no	yes	header.inc.php,floors_details.php,footer.inc.php	yes	no	outbound-linked	unknown	session/header guard; ajax; print/pdf
branch/floors_services_details.php	branch	floors_services_details		floors services details	branch user		branch	floors,floors_details,functin,helper,if	<?php echo $pagename; ?>	create,update,delete,send	4	yes	yes	header.inc.php,SimpleXLSX.php,floors_services_details.php,city_grap.php,sendsoundajax.php,footer.inc.php	yes	no	outbound-linked	unknown	session/header guard; form; ajax; print/pdf; file handling/ref
branch/footer.inc.php	branch	footer.inc		footer.inc	branch user							no	no	term_data.php,code_data.php,central_ext_data.php	no	review	outbound-linked	unknown	
branch/get_date_kilo.php	branch	get_date_kilo		get date kilo	branch user							no	no	config.php	no	review	outbound-linked	unknown	
branch/get_docter.php	branch	get_docter		get docter	branch user			g_users,offer_doctor	get_docter.php	create,update		no	no	header.inc.php,get_docter.php,sms_class.php,OpensslEncryptDecrypt.php,PHPMailer.php,SMTP.php,Exception.php,footer.inc.php	yes	no	outbound-linked	unknown	session/header guard; form; ajax
branch/get_info.php	branch	get_info		get info	branch user			holydays_type				no	no	hr_session.php,config.php,login.php	yes	review	outbound-linked	unknown	ajax
branch/get_name.php	branch	get_name		get name	branch user			user_client				no	no	config.php	yes	review	outbound-linked	unknown	ajax
branch/get_order_comments.php	branch	get_order_comments		get order comments	branch user		branch	branch_users,orders_comments		create		no	no	session.php,config.php	yes	no	outbound-linked	unknown	session/header guard; ajax
branch/get_orders_reason.php	branch	get_orders_reason		get orders reason	branch user			rep10_suspension_reasons				no	no	hr_session.php,config.php	yes	review	outbound-linked	unknown	ajax
branch/get_orders_status_reason.php	branch	get_orders_status_reason		get orders status reason	branch user			rep10_status_reason				no	no	hr_session.php,config.php,functions.php,validationForm.php,multiLanguage.php,user.php,paginator.class.php,permissions.link.php,common.php,MyQuery.php	yes	review	outbound-linked	unknown	ajax
branch/get_title.php	branch	get_title		get title	branch user			ads				no	no	config.php	yes	review	outbound-linked	unknown	ajax
branch/govermental_serves_forms.php	branch	govermental_serves_forms		govermental serves forms	branch user			country_yakeen,gender				no	no	hr_session.php,config.php,govermental_serves_medical_forms.php,govermental_serves_marriage_forms.php,payment_guarantee_hijri.php,payment_guarantee_gregorian.php,govermental_serves_representative_forms.php	yes	review	outbound-linked	unknown	ajax
branch/govermental_serves_marriage_forms.php	branch	govermental_serves_marriage_forms		govermental serves marriage forms	branch user			country_yakeen				no	no	hr_session.php,config.php,payment_guarantee_hijri.php,payment_guarantee_gregorian.php,governmental_services_hijri_wife.php,governmental_services_gregorian_wife.php	yes	review	outbound-linked	unknown	ajax
branch/govermental_serves_medical_forms.php	branch	govermental_serves_medical_forms		govermental serves medical forms	branch user			country_yakeen				no	no	hr_session.php,config.php,payment_guarantee_hijri.php,payment_guarantee_gregorian.php	yes	review	outbound-linked	unknown	ajax
branch/govermental_serves_representative_forms.php	branch	govermental_serves_representative_forms		govermental serves representative forms	branch user			country_yakeen				no	no	hr_session.php,config.php,payment_guarantee_hijri.php,payment_guarantee_gregorian.php	yes	review	outbound-linked	unknown	ajax
branch/governmental_services.php	branch	governmental_services		governmental services	branch user		branch	branches_departments,certificate_upload,functin,governmental_services,governmental_services_action,governmental_services_action_type,governmental_services_attachments,governmental_services_platforms,governmental_services_type,if,ra_users,rep12_main_section,sms_sender_name	<?php echo $pagename; ?>,<?php echo 	create,update,delete,send,reply	0,1,999999,4,3	yes	yes	header.inc.php,sms_class.php,Shortener.class.php,governmental_services.php,footer.inc.php,gmf.php,SL.php,govermental_serves_forms.php,sendsoundajax.php,governmental_services_timeline.php,governmental_services_details.php,governmental_services_grap.php,rep12_main_section_grap.php,inquired_section_grap.php	yes	no	outbound-linked	unknown	session/header guard; form; ajax; print/pdf; file handling/ref
branch/governmental_services_detailes.php	branch	governmental_services_detailes		governmental services detailes	branch user		branch	branches				no	no	hr_session.php,config.php,inquiry_receiver_other2.php	yes	review	outbound-linked	unknown	ajax
branch/governmental_services_details.php	branch	governmental_services_details		governmental services details	branch user							no	no	hr_session.php,config.php	no	review	outbound-linked	unknown	
branch/governmental_services_grap.php	branch	governmental_services_grap		governmental services grap	branch user		branch	comlaints_employees_emails,governmental_services_type,rep12_subsection				no	no	hr_session.php,config.php,common.php	yes	no	outbound-linked	unknown	session/header guard; ajax
branch/governmental_services_gregorian_wife.php	branch	governmental_services_gregorian_wife		governmental services gregorian wife	branch user							no	no		no	review	unresolved	unknown	
branch/governmental_services_hijri_wife.php	branch	governmental_services_hijri_wife		governmental services hijri wife	branch user							no	no	umalquraCal.class.php	no	review	outbound-linked	unknown	
branch/governmental_services_pdf.php	branch	governmental_services_pdf		governmental services pdf	branch user		company,branch	branches,companies_groups,governmental_services,governmental_services_status,html,inquiries,ra_users				yes	yes	autoload.php,hr_session.php,config.php,functions.php,multiLanguage.php,common.php,MyQuery.php,login.php,complaints_pdf.php,inquiriesPrint.php	yes	review	outbound-linked	unknown	ajax; print/pdf; file handling/ref
branch/governmental_services_pdf_1.php	branch	governmental_services_pdf_1		governmental services pdf 1	branch user		company,branch	branches,companies_groups,country_yakeen,governmental_services,governmental_services_action,governmental_services_attachments,html,inquiries,ra_users		reject	3	yes	yes	autoload.php,hr_session.php,config.php,functions.php,multiLanguage.php,common.php,MyQuery.php,login.php,complaints_pdf.php,inquiriesPrint.php	yes	review	outbound-linked	unknown	ajax; print/pdf; file handling/ref
branch/governmental_services_pdf_2.php	branch	governmental_services_pdf_2		governmental services pdf 2	branch user		company,branch	branches,companies_groups,governmental_services,governmental_services_action,governmental_services_attachments,html,inquiries,ra_users		reject	3	yes	yes	autoload.php,hr_session.php,config.php,functions.php,multiLanguage.php,common.php,MyQuery.php,login.php,complaints_pdf.php,inquiriesPrint.php	yes	review	outbound-linked	unknown	ajax; print/pdf; file handling/ref
branch/governmental_services_pdf_3.php	branch	governmental_services_pdf_3		governmental services pdf 3	branch user		company,branch	branches,companies_groups,country_yakeen,governmental_services,governmental_services_action,governmental_services_attachments,governmental_services_couples_answers,html,ra_users		reject	3	yes	yes	autoload.php,hr_session.php,config.php,functions.php,multiLanguage.php,common.php,MyQuery.php,login.php,complaints_pdf.php,inquiriesPrint.php	yes	review	outbound-linked	unknown	ajax; print/pdf; file handling/ref
branch/governmental_services_pdf_4.php	branch	governmental_services_pdf_4		governmental services pdf 4	branch user		company,branch	branches,companies_groups,governmental_services,governmental_services_action,governmental_services_attachments,html,inquiries,ra_users		reject	3	yes	yes	autoload.php,hr_session.php,config.php,functions.php,multiLanguage.php,common.php,MyQuery.php,login.php,complaints_pdf.php,inquiriesPrint.php	yes	review	outbound-linked	unknown	ajax; print/pdf; file handling/ref
branch/governmental_services_pdf_5.php	branch	governmental_services_pdf_5		governmental services pdf 5	branch user		company,branch	branches,companies_groups,country_yakeen,governmental_services,governmental_services_action,governmental_services_attachments,html,inquiries,ra_users		reject	3	yes	yes	autoload.php,hr_session.php,config.php,functions.php,multiLanguage.php,common.php,MyQuery.php,login.php,complaints_pdf.php,inquiriesPrint.php	yes	review	outbound-linked	unknown	ajax; print/pdf; file handling/ref
branch/governmental_services_pdf_6.php	branch	governmental_services_pdf_6		governmental services pdf 6	branch user		company,branch	branches,companies_groups,country_yakeen,gender,governmental_services,governmental_services_action,governmental_services_attachments,html,inquiries,ra_users		reject	3	yes	yes	autoload.php,hr_session.php,config.php,functions.php,multiLanguage.php,common.php,MyQuery.php,login.php,complaints_pdf.php,inquiriesPrint.php	yes	review	outbound-linked	unknown	ajax; print/pdf; file handling/ref
branch/governmental_services_pdf_7.php	branch	governmental_services_pdf_7		governmental services pdf 7	branch user		company,branch	branches,companies_groups,country_yakeen,gender,governmental_services,governmental_services_action,governmental_services_attachments,html,inquiries,ra_users		reject	3	yes	yes	autoload.php,hr_session.php,config.php,functions.php,multiLanguage.php,common.php,MyQuery.php,login.php,complaints_pdf.php,inquiriesPrint.php	yes	review	outbound-linked	unknown	ajax; print/pdf; file handling/ref
branch/governmental_services_timeline.php	branch	governmental_services_timeline		governmental services timeline	branch user		branch	branches,governmental_services,governmental_services_action,governmental_services_action_type,ra_users		reply		no	no	header.inc.php,birth_notification.php,footer.inc.php	yes	no	outbound-linked	unknown	session/header guard; ajax
branch/guaranteeAgreemenPrint.php	branch	guaranteeAgreemenPrint		guaranteeAgreemenPrint	branch user		branch	payment_guarantee				no	yes	hr_session.php,config.php,functions.php,multiLanguage.php,common.php,MyQuery.php,login.php,index.php	yes	review	outbound-linked	unknown	ajax; print/pdf
branch/guaranteeAgreement.php	branch	guaranteeAgreement	ALHAMMADI	guaranteeAgreement	branch user		company,branch	alhammadi,any,branches,companies_groups,output,payment_guarantee,presenting,ra_users,relative_relation,signatuers,sms_archive	guaranteeAgreement.php?t=<?php echo $_GET[	create,update,approve,send,reply	1	yes	yes	hr_session.php,config.php,functions.php,validationForm.php,multiLanguage.php,user.php,paginator.class.php,permissions.link.php,common.php,MyQuery.php,clientContract.php,clientVacations.php,sms_class.php,utility.php,guaranteeAgreement.php,guaranteeAgreement_result.php	yes	no	outbound-linked	unknown	session/header guard; form; ajax; print/pdf; file handling/ref
branch/header.inc.php	branch	header.inc		header.inc	branch user		company,branch	branches,centeral_floors,clinics,companies_groups,company_setting,floors,inquiries_and_services,inquiries_and_services_reply,new_post,print,services_sections,specialized_clinics,users_readed_post		approve,reply	999999	no	yes	security_headers.php,hr_session.php,config.php,functions.php,validationForm.php,multiLanguage.php,user.php,paginator.class.php,permissions.link.php,common.php,MyQuery.php,clientContract.php,clientVacations.php,sms_class.php,Shortener.class.php,PrivilegedUser.php,Role.php,form_token.php,ajax_response.php,general.php,login.php,logout.php,permissions.class.php,technical_failure_notice.php,emergency_follow_up.php,transferal_home.php,financial_claims.php,transferal.php,sms_8.php,complaints.php	yes	no	outbound-linked	unknown	session/header guard; ajax; print/pdf
branch/header_print.php	branch	header_print		header print	branch user							no	yes		no	review	unresolved	unknown	print/pdf
branch/health_service_purchase_form.php	branch	health_service_purchase_form	نموذج بيانات الهوية - وزارة الصحة	health service purchase form	branch user		branch	certificate_upload,functin,health_service_purchase_form,health_service_purchase_form_attachments,if,ra_users,sms_archive,sms_sender_name	./complaints.php,<?php echo $pagename; ?>	create,update,delete,send,reply	4,3,0,1	yes	yes	header.inc.php,health_service_purchase_form.php,sms_class.php,Shortener.class.php,SL.php,sendsoundajax.php,complaints.php,health_service_purchase_form_timeline.php,footer.inc.php	yes	no	outbound-linked	unknown	session/header guard; form; ajax; print/pdf; file handling/ref
branch/health_service_purchase_form1.php	branch	health_service_purchase_form1	ALHAMMADI | NEWBORNS	health service purchase form1	branch user			countries,health_service_purchase_form	health_service_purchase_form1.php?t=<?php echo $_GET[,health_service_purchase_form2.php?t=<?php echo $_GET[,	update		yes	no	hr_session.php,config.php,functions.php,validationForm.php,multiLanguage.php,user.php,paginator.class.php,permissions.link.php,common.php,MyQuery.php,clientContract.php,clientVacations.php,health_service_purchase_form1.php,health_service_purchase_form_result.php,health_service_purchase_form2.php	yes	review	outbound-linked	unknown	form; ajax; file handling/ref
branch/health_service_purchase_form2.php	branch	health_service_purchase_form2	ALHAMMADI | NEWBORNS	health service purchase form2	branch user			health_service_purchase_form	health_service_purchase_form2.php?t=<?php echo $_GET[,	update		yes	no	hr_session.php,config.php,functions.php,validationForm.php,multiLanguage.php,user.php,paginator.class.php,permissions.link.php,common.php,MyQuery.php,clientContract.php,clientVacations.php,health_service_purchase_form2.php,health_service_purchase_form_result.php	yes	review	outbound-linked	unknown	form; ajax; file handling/ref
branch/health_service_purchase_form3.php	branch	health_service_purchase_form3	ALHAMMADI | NEWBORNS	health service purchase form3	branch user			health_service_purchase_form	health_service_purchase_form3.php?t=<?php echo $_GET[,health_service_purchase_form2.php?t=<?php echo $_GET[,	update		yes	no	hr_session.php,config.php,functions.php,validationForm.php,multiLanguage.php,user.php,paginator.class.php,permissions.link.php,common.php,MyQuery.php,clientContract.php,clientVacations.php,health_service_purchase_form3.php,health_service_purchase_form_result.php,health_service_purchase_form2.php	yes	review	outbound-linked	unknown	form; ajax; file handling/ref
branch/health_service_purchase_form_pdf.php	branch	health_service_purchase_form_pdf		health service purchase form pdf	branch user		company,branch	booking_period,bottom,branches,companies_groups,health_service_purchase_form,html,nationality,ra_users		update,reply		yes	yes	hr_session.php,config.php,functions.php,multiLanguage.php,common.php,MyQuery.php,login.php,logout.php,index.php,complaints_pdf.php,health_service_purchase_form_pdf.php,tcpdf_include.php,tcpdf_config_alt.php,tcpdf.php	yes	no	outbound-linked	unknown	session/header guard; ajax; print/pdf; file handling/ref
branch/health_service_purchase_form_pdf1.php	branch	health_service_purchase_form_pdf1		health service purchase form pdf1	branch user		company,branch	booking_period,bottom,branches,companies_groups,companies_groups_general,countries,health_service_purchase_form,html,ra_users		update,reply		yes	yes	hr_session.php,config.php,functions.php,multiLanguage.php,common.php,MyQuery.php,index.php,complaints_pdf.php,health_service_purchase_form_pdf.php,tcpdf_include.php,tcpdf_config_alt.php,tcpdf.php	yes	no	outbound-linked	unknown	session/header guard; ajax; print/pdf; file handling/ref
branch/health_service_purchase_form_pdf2.php	branch	health_service_purchase_form_pdf2		health service purchase form pdf2	branch user		company,branch	booking_period,bottom,branches,companies_groups,health_service_purchase_form,html,nationality,ra_users		reply		yes	yes	hr_session.php,config.php,functions.php,multiLanguage.php,common.php,MyQuery.php,login.php,logout.php,index.php,complaints_pdf.php,health_service_purchase_form_pdf.php,tcpdf_include.php,tcpdf_config_alt.php,tcpdf.php	yes	no	outbound-linked	unknown	session/header guard; ajax; print/pdf; file handling/ref
branch/health_service_purchase_form_pdf3.php	branch	health_service_purchase_form_pdf3		health service purchase form pdf3	branch user		company,branch	booking_period,bottom,branches,companies_groups,health_service_purchase_form,html,nationality,ra_users		update,reply		yes	yes	hr_session.php,config.php,functions.php,multiLanguage.php,common.php,MyQuery.php,login.php,logout.php,index.php,complaints_pdf.php,health_service_purchase_form_pdf.php,tcpdf_include.php,tcpdf_config_alt.php,tcpdf.php	yes	no	outbound-linked	unknown	session/header guard; ajax; print/pdf; file handling/ref
branch/health_service_purchase_form_result.php	branch	health_service_purchase_form_result	ALHAMMADI | NEWBORNS	health service purchase form result	branch user							yes	no	hr_session.php,config.php,functions.php,validationForm.php,multiLanguage.php,user.php,paginator.class.php,permissions.link.php,common.php,MyQuery.php,clientContract.php,clientVacations.php	no	review	outbound-linked	unknown	file handling/ref
branch/health_service_purchase_form_timeline.php	branch	health_service_purchase_form_timeline		health service purchase form timeline	branch user		branch	health_service_purchase_form,ra_users				yes	no	header.inc.php,sms_class.php,birth_notification.php,footer.inc.php	yes	no	outbound-linked	unknown	session/header guard; ajax; file handling/ref
branch/health_service_purchase_forml_timeline.php	branch	health_service_purchase_forml_timeline		health service purchase forml timeline	branch user		branch	health_service_purchase_form,health_service_purchase_form_approval,health_service_purchase_form_confirm,health_service_purchase_form_receive_confirmation,health_service_purchase_form_refused,ra_users		approve,reply		no	no	header.inc.php,sms_class.php,birth_notification.php,footer.inc.php	yes	no	outbound-linked	unknown	session/header guard; ajax
branch/holidays_inquiry.php	branch	holidays_inquiry		holidays inquiry	branch user		branch	certificate_upload,functin,holidays_inquiry,holidays_inquiry_action_type,holidays_inquiry_attachments,holidays_inquiry_decision,if,ra_users	<?php echo $pagename; ?>	create,update,delete,send,reply	4	yes	yes	header.inc.php,holidays_inquiry.php,sendsoundajax.php,holidays_inquiry_timeline.php,holidays_inquiry_pdf.php,footer.inc.php	yes	no	outbound-linked	unknown	session/header guard; form; ajax; print/pdf; file handling/ref
branch/holidays_inquiryBk.php	branch	holidays_inquiryBk	إستفسار الإجازات	holidays inquiryBk	branch user		branch	certificate_upload,functin,holidays_inquiry,holidays_inquiry_attachments,if,nationality,ra_users	<?php echo $pagename; ?>	create,update,delete,send,reply	4	yes	yes	header.inc.php,holidays_inquiry.php,sendsoundajax.php,holidays_inquiry_pdf.php,footer.inc.php	yes	no	outbound-linked	unknown	session/header guard; form; ajax; print/pdf; file handling/ref
branch/holidays_inquiry_pdf.php	branch	holidays_inquiry_pdf		holidays inquiry pdf	branch user		branch	companies_groups,country_yakeen,holidays_inquiry,html,ra_users		reject,reply		yes	yes	autoload.php,hr_session.php,config.php,functions.php,multiLanguage.php,common.php,MyQuery.php,index.php,complaints_pdf.php,holidays_inquiry_form_pdf.php	yes	no	outbound-linked	unknown	session/header guard; ajax; print/pdf; file handling/ref
branch/holidays_inquiry_timeline.php	branch	holidays_inquiry_timeline		holidays inquiry timeline	branch user		branch	branches,holidays_inquiry,holidays_inquiry_action,holidays_inquiry_decision,ra_users		reply		no	no	header.inc.php,birth_notification.php,footer.inc.php	yes	no	outbound-linked	unknown	session/header guard; ajax
branch/holidays_offers.php	branch	holidays_offers	Al Hammadi Hospitals Group	holidays offers	branch user		branch	branches_departments,certificate_upload,clinicians,department_sender_email,functin,government_circulars_issuing_authority,holidays_offers,holidays_offers_attachments,holidays_offers_clinicians_working_days,holidays_offers_receipt_reports,holidays_offers_status,holidays_offers_supervisors,holidays_offers_timeline,if,rep12_main_section	<?php echo $pagename; ?>	create,update,delete,send	0,4,5,1,2,3,6	yes	yes	header.inc.php,sms_class.php,Shortener.class.php,OpensslEncryptDecrypt.php,PHPMailer.php,SMTP.php,Exception.php,holidays_offers.php,holidays_offers_duty_confirm.php,holidays_offers_sections.php,holidays_offers_supervisors.php,holidays_offers_form.php,SL.php,holidays_offers_status_get.php,sendsoundajax.php,holidays_offers_receipt_report.php,holidays_offers_timeline.php,holidays_offers_form_main_pdf.php,holidays_offers_form_pdf.php,holidays_offers_form_rpdf.php,holidays_offers_clinic.php,holidays_offers_canceled.php,footer.inc.php,government_circulars_issuing_authority_classification_grap.php,government_circulars_issuing_authority_grap.php	yes	no	outbound-linked	unknown	session/header guard; form; ajax; print/pdf; file handling/ref
branch/holidays_offers_canceled.php	branch	holidays_offers_canceled	الختم الرسمي	holidays offers canceled	branch user		branch	branches,clinicians,companies_groups,holidays_offers,holidays_offers_status,holidays_offers_timeline,html,ra_users,specialized_clinics			2,3,5	yes	yes	autoload.php,hr_session.php,config.php,functions.php,multiLanguage.php,common.php,MyQuery.php,index.php,escape_report_form_pdf.php	yes	no	outbound-linked	unknown	session/header guard; ajax; print/pdf; file handling/ref
branch/holidays_offers_clinic.php	branch	holidays_offers_clinic	Official seal	holidays offers clinic	branch user		branch	branches,clinicians,companies_groups,holidays_offers,holidays_offers_clinicians_working_days,html,offer_status,ra_users,specialized_clinics				yes	yes	autoload.php,hr_session.php,config.php,functions.php,multiLanguage.php,common.php,MyQuery.php,index.php,barcode.php	yes	no	outbound-linked	unknown	session/header guard; ajax; print/pdf; file handling/ref
branch/holidays_offers_duty_confirm.php	branch	holidays_offers_duty_confirm	Al Hammadi Hospitals Group	holidays offers duty confirm	branch user		branch	al,clinicians,department_sender_email,holidays_offers,holidays_offers_clinicians_working_days,holidays_offers_sections,holidays_offers_timeline,offer,offer_timeline,specialized_clinics	holidays_offers_duty_confirm.php?id=<?php echo $_GET[	create,update,send	6,7,3	yes	yes	hr_session.php,config.php,functions.php,validationForm.php,multiLanguage.php,user.php,paginator.class.php,permissions.link.php,common.php,MyQuery.php,clientContract.php,clientVacations.php,sms_class.php,Shortener.class.php,OpensslEncryptDecrypt.php,PHPMailer.php,SMTP.php,Exception.php,holidays_offers_form.php,holidays_offers_duty_confirm.php,Government_mas.php,index.php,holidays_offers_form_result.php,holidays_offers_clinic.php,G_answerNN.php,offer_pdf.php	yes	no	outbound-linked	unknown	session/header guard; form; ajax; print/pdf; file handling/ref
branch/holidays_offers_form.php	branch	holidays_offers_form	Al Hammadi Hospitals Group	holidays offers form	branch user		branch	clinicians,department_sender_email,holidays_offers,holidays_offers_receipt_reports,holidays_offers_timeline,offer,offer_timeline,specialized_clinics	holidays_offers_form.php?id=<?php echo $_GET[	create,update,send	7,1,2,3,4	yes	yes	hr_session.php,config.php,functions.php,validationForm.php,multiLanguage.php,user.php,paginator.class.php,permissions.link.php,common.php,MyQuery.php,clientContract.php,clientVacations.php,sms_class.php,Shortener.class.php,OpensslEncryptDecrypt.php,PHPMailer.php,SMTP.php,Exception.php,holidays_offers_form.php,Government_mas.php,index.php,holidays_offers_form_result.php,holidays_offers_form_pdf.php,holidays_offers_form_rpdf.php,holidays_offers_input_get.php,sendsoundajax.php,G_answerNN.php,offer_pdf.php	yes	review	outbound-linked	unknown	session/header guard; form; ajax; print/pdf; file handling/ref
branch/holidays_offers_form_main_pdf.php	branch	holidays_offers_form_main_pdf	الختم الرسمي	holidays offers form main pdf	branch user		branch	branches,clinicians,companies_groups,holidays_offers,holidays_offers_status,html,ra_users,specialized_clinics			2,3	yes	yes	autoload.php,hr_session.php,config.php,functions.php,multiLanguage.php,common.php,MyQuery.php,index.php,escape_report_form_pdf.php	yes	no	outbound-linked	unknown	session/header guard; ajax; print/pdf; file handling/ref
branch/holidays_offers_form_pdf.php	branch	holidays_offers_form_pdf	الختم الرسمي	holidays offers form pdf	branch user		branch	branches,clinicians,companies_groups,holidays_offers,html,offer_status,ra_users,specialized_clinics				yes	yes	autoload.php,hr_session.php,config.php,functions.php,multiLanguage.php,common.php,MyQuery.php,index.php,escape_report_form_pdf.php	yes	no	outbound-linked	unknown	session/header guard; ajax; print/pdf; file handling/ref
branch/holidays_offers_form_result.php	branch	holidays_offers_form_result	ALHAMMADI	holidays offers form result	branch user							yes	no	hr_session.php,config.php,common.php,MyQuery.php	no	review	outbound-linked	unknown	file handling/ref
branch/holidays_offers_form_rpdf.php	branch	holidays_offers_form_rpdf	الختم الرسمي	holidays offers form rpdf	branch user		branch	branches,clinicians,companies_groups,holidays_offers,html,offer_status,ra_users,specialized_clinics			2,3	yes	yes	autoload.php,hr_session.php,config.php,functions.php,multiLanguage.php,common.php,MyQuery.php,index.php,escape_report_form_pdf.php	yes	no	outbound-linked	unknown	session/header guard; ajax; print/pdf; file handling/ref
branch/holidays_offers_input_get.php	branch	holidays_offers_input_get		holidays offers input get	branch user							no	no	hr_session.php,config.php	no	review	outbound-linked	unknown	
branch/holidays_offers_sections.php	branch	holidays_offers_sections		holidays offers sections	branch user		branch	complaints,functin,holidays_offers_sections,if	<?php echo $pagename; ?>	create,update,delete,send	4	no	no	header.inc.php,holidays_offers_sections.php,sendsoundajax.php,footer.inc.php	yes	no	outbound-linked	unknown	session/header guard; form; ajax
branch/holidays_offers_status_get.php	branch	holidays_offers_status_get		holidays offers status get	branch user							no	no	hr_session.php,config.php	no	review	outbound-linked	unknown	
branch/holidays_offers_supervisors.php	branch	holidays_offers_supervisors		holidays offers supervisors	branch user		branch	complaints,functin,holidays_offers_supervisors,if	<?php echo $pagename; ?>	create,update,delete,send	4	no	no	header.inc.php,holidays_offers_supervisors.php,sendsoundajax.php,footer.inc.php	yes	no	outbound-linked	unknown	session/header guard; form; ajax
branch/holidays_offers_timeline.php	branch	holidays_offers_timeline		holidays offers timeline	branch user		branch	branches,clinicians,holidays_offers,holidays_offers_status,holidays_offers_timeline,ra_users,specialized_clinics				no	yes	header.inc.php,footer.inc.php	yes	no	outbound-linked	unknown	session/header guard; ajax; print/pdf
branch/in_call.php	branch	in_call		in call	branch user							no	no	header.inc.php,footer.inc.php	no	no	outbound-linked	unknown	session/header guard
branch/inbox-detail.php	branch	inbox-detail		inbox detail	branch user		branch	branch_users,branches,mail_attachment,mail_folder,mail_message,ra_users	<?php echo $pageName; ?>?id=<?php echo $rowDetail[	create,update,delete,send,reply		yes	yes	header.inc.php,inbox-detail.php,inbox.php,footer.inc.php,mail_sent.php,index.php,mail_menu.php	no	no	outbound-linked	unknown	session/header guard; form; print/pdf; file handling/ref
branch/incident_report_form.php	branch	incident_report_form	نموذج إبلاغ عن حادثة	incident report form	branch user		branch	certificate_upload,countries,functin,if,incident_report_form,incident_report_form_attachments,incident_report_form_doctors,incident_report_status,paramedics,ra_users,sms_archive,sms_sender_name	./complaints.php,<?php echo $pagename; ?>	create,update,delete,send,reply	0,4,1	yes	yes	header.inc.php,incident_report_form.php,sms_class.php,Shortener.class.php,medical_report_form.php,SL.php,sendsoundajax.php,complaints.php,incident_report_form_paramedic.php,incident_report_form_pdf1.php,incident_report_form_pdf.php,incident_report_form_other.php,footer.inc.php	yes	no	outbound-linked	unknown	session/header guard; form; ajax; print/pdf; file handling/ref
branch/incident_report_form_doctors.php	branch	incident_report_form_doctors		incident report form doctors	branch user		branch	functin,if,incident_report_form_doctors	<?php echo $pagename; ?>	create,update,delete		no	no	header.inc.php,incident_report_form_doctors.php,footer.inc.php	yes	no	menu	unknown	session/header guard; form; ajax
branch/incident_report_form_other.php	branch	incident_report_form_other		incident report form other	branch user							no	no		no	review	unresolved	unknown	
branch/incident_report_form_paramedic.php	branch	incident_report_form_paramedic		incident report form paramedic	branch user			nationality				no	no	hr_session.php,config.php,functions.php,validationForm.php,multiLanguage.php,user.php,paginator.class.php,permissions.link.php,common.php,MyQuery.php	yes	review	outbound-linked	unknown	ajax
branch/incident_report_form_pdf.php	branch	incident_report_form_pdf		incident report form pdf	branch user		company,branch	branches,companies_groups,countries,html,incident_report_form,incident_report_status,nationality,paramedics,ra_users				yes	yes	autoload.php,hr_session.php,config.php,functions.php,multiLanguage.php,common.php,MyQuery.php,index.php,complaints_pdf.php,incident_report_form_pdf.php,barcode.php	yes	no	outbound-linked	unknown	session/header guard; ajax; print/pdf; file handling/ref
branch/incident_report_form_tcpdf.php	branch	incident_report_form_tcpdf		incident report form tcpdf	branch user		company,branch	branches,companies_groups,countries,html,incident_report_form,incident_report_status,paramedics,ra_users				yes	yes	autoload.php,hr_session.php,config.php,functions.php,multiLanguage.php,common.php,MyQuery.php,login.php,logout.php,index.php,complaints_pdf.php,incident_report_form_pdf.php	yes	no	outbound-linked	unknown	session/header guard; ajax; print/pdf; file handling/ref
branch/incident_report_pdf.php	branch	incident_report_pdf		incident report pdf	branch user		company,branch	branches,companies_groups,countries,html,incident_report_form,incident_report_form_doctors,ra_users				no	yes	autoload.php,hr_session.php,config.php,functions.php,multiLanguage.php,common.php,MyQuery.php,login.php,logout.php,index.php,complaints_pdf.php,incident_report_pdf.php,barcode.php,incident_report_form_pdf.php	yes	no	outbound-linked	unknown	session/header guard; ajax; print/pdf
branch/incident_report_tcpdf.php	branch	incident_report_tcpdf		incident report tcpdf	branch user		company,branch	bottom,branches,companies_groups,countries,html,incident_report_form,incident_report_form_doctors,ra_users		update		yes	yes	hr_session.php,config.php,functions.php,multiLanguage.php,common.php,MyQuery.php,login.php,logout.php,index.php,complaints_pdf.php,incident_report_pdf.php,tcpdf_include.php,tcpdf_config_alt.php,tcpdf.php	yes	no	outbound-linked	unknown	session/header guard; ajax; print/pdf; file handling/ref
branch/index.php	branch	index		index	branch user		branch	new_post,post_type,users_readed_post		create,send		no	yes	header.inc.php,index.php,footer.inc.php	yes	no	menu	unknown	session/header guard; ajax; print/pdf
branch/individual_training_service.php	branch	individual_training_service	الانتساب لدورة تدريبية	individual training service	branch user		branch	city,individual_training_service	individual_training_service.php	create		no	no	header.php,individual_training_service.php,index.php,services.php,footer.php	yes	review	outbound-linked	unknown	form; ajax
branch/info-search.php	branch	info-search		info search	branch user			info				no	no	header.inc.php,info.php,footer.inc.php	no	no	outbound-linked	unknown	session/header guard; form
branch/info-search1.php	branch	info-search1		info search1	branch user		branch	info2,info3	,info-search1.php	update,delete		no	no	header.inc.php,config.php,info1.php,info-search1.php,footer.inc.php	yes	review	outbound-linked	unknown	session/header guard; form; ajax
branch/info.php	branch	info		info	branch user		branch	info,the	info-search.php,,info.php	create,update,delete		no	no	header.inc.php,config.php,info.php,info-search.php,footer.inc.php	no	no	outbound-linked	unknown	session/header guard; form
branch/info1.php	branch	info1		info1	branch user		branch	info2,info3	info-search1.php,,info1.php	create,update,delete		no	no	header.inc.php,info.php,config.php,info1.php,info-search1.php,footer.inc.php	yes	review	outbound-linked	unknown	session/header guard; form; ajax
branch/info_add.php	branch	info_add		info add	branch user		branch	info,the		create,update		no	no		no	review	unresolved	unknown	
branch/inquired_section_grap.php	branch	inquired_section_grap		inquired section grap	branch user		branch	comlaints_employees_emails,inquiries,rep12_subsection				no	no	hr_session.php,config.php,common.php	yes	no	outbound-linked	unknown	session/header guard; ajax
branch/inquiresServicesReport.php	branch	inquiresServicesReport	تقرير الاستفسارات والخدمات	inquiresServicesReport	branch user		branch	and,branches,inquiries,inquiries_and_services,inquiries_and_services_status,job_titles	<?= htmlspecialchars($pagename) ?>	send,reply	999999,3,4,5	no	yes	header.inc.php,inquiresServicesReport.php,inquiresServicesReport_export.php,footer.inc.php	yes	no	outbound-linked	unknown	session/header guard; form; ajax; print/pdf
branch/inquiresServicesReport_export.php	branch	inquiresServicesReport_export		inquiresServicesReport export	branch user		branch	and,branches,inquiries,inquiries_and_services,inquiries_and_services_status,job_titles		send,reply	999999,3,4,5	yes	no	hr_session.php,config.php	yes	review	outbound-linked	unknown	ajax; file handling/ref
branch/inquiries_and_services.php	branch	inquiries_and_services		inquiries and services	branch user		branch	branches,branches_departments,functin,if,inquiries_and_services,inquiries_and_services_reply,inquiries_and_services_status,rep12_main_section,sms_sender_name	<?php echo $pagename; ?>	create,update,delete,send,reply	0,999999,1,4	yes	yes	header.inc.php,sms_class.php,inquiries_and_services.php,footer.inc.php,inquiry_and_services_job_titles.php,sendsoundajax.php,inquiry_other.php,inquiries_and_services_timeline.php,inquiries_pdf.php,inquired_section_grap.php,rep12_main_section_grap.php	yes	no	outbound-linked	unknown	session/header guard; form; ajax; print/pdf; file handling/ref
branch/inquiries_and_services_receiver.php	branch	inquiries_and_services_receiver		inquiries and services receiver	branch user		branch	branches,branches_departments,functin,helper,if,inquiries_and_services,inquiries_and_services_reply,inquiries_and_services_status,rep12_main_section,sms_sender_name	../complaints.php,<?php echo $pagename; ?>	create,update,delete,send,reply	0,1,999999,4	yes	yes	header.inc.php,sms_class.php,inquiries_and_services_receiver.php,complaints.php,footer.inc.php,inquiry_receiver_other.php,sendsoundajax.php,inquiries_and_services_timeline.php,inquiries_pdf.php,rep12_subsection_grap.php	yes	no	outbound-linked	unknown	session/header guard; form; ajax; print/pdf; file handling/ref
branch/inquiries_and_services_timeline.php	branch	inquiries_and_services_timeline		inquiries and services timeline	branch user		branch	branches,inquiries_and_services,inquiries_and_services_reply,inquiries_and_services_status,ra_users		reply		no	no	header.inc.php,birth_notification.php,footer.inc.php	yes	no	outbound-linked	unknown	session/header guard; ajax
branch/inquiries_notification.php	branch	inquiries_notification		inquiries notification	branch user		branch	branches,inquiries_and_services,ra_users,sms_archive		create,send	0,999999,3	no	no	autoload.php,hr_session.php,config.php,functions.php,multiLanguage.php,common.php,MyQuery.php,sms_class.php	yes	review	outbound-linked	unknown	ajax
branch/inquiries_pdf.php	branch	inquiries_pdf		inquiries pdf	branch user		company,branch	branches,companies_groups,html,inquiries,inquiries_and_services,inquiries_and_services_reply,inquiries_and_services_status,job_titles,ra_users		reply		yes	yes	autoload.php,hr_session.php,config.php,functions.php,multiLanguage.php,common.php,MyQuery.php,login.php,index.php,complaints_pdf.php,inquiriesPrint.php	yes	review	outbound-linked	unknown	ajax; print/pdf; file handling/ref
branch/inquiries_sms.php	branch	inquiries_sms		inquiries sms	branch user					send		no	no		no	review	unresolved	unknown	
branch/inquiry_and_services_job_titles.php	branch	inquiry_and_services_job_titles		inquiry and services job titles	branch user		branch	job_titles				no	no	hr_session.php,config.php,common.php	yes	review	outbound-linked	unknown	ajax
branch/inquiry_other.php	branch	inquiry_other		inquiry other	branch user							no	no	hr_session.php,config.php	no	review	outbound-linked	unknown	
branch/inquiry_pdf.php	branch	inquiry_pdf		inquiry pdf	branch user		branch	bottom,data,holidays_inquiry,html,nationality,ra_users		update,reply		yes	yes	hr_session.php,config.php,functions.php,multiLanguage.php,common.php,MyQuery.php,index.php,complaints_pdf.php,inquiry_pdf.php,tcpdf_include.php,tcpdf_config_alt.php,tcpdf.php	yes	no	outbound-linked	unknown	session/header guard; ajax; print/pdf; file handling/ref
branch/inquiry_receiver_other.php	branch	inquiry_receiver_other		inquiry receiver other	branch user		branch	branches				no	no	hr_session.php,config.php	yes	review	outbound-linked	unknown	ajax
branch/inqure_reports.php	branch	inqure_reports		inqure reports	branch user		branch	branches,inquiries_and_services,inquiries_and_services_reply,job_titles	<?php echo $pagename; ?>	send,reply	4,5	yes	yes	header.inc.php,sms_class.php,inqure_reports.php,footer.inc.php	yes	no	outbound-linked	unknown	session/header guard; form; ajax; print/pdf; file handling/ref
branch/inqure_reportss.php	branch	inqure_reportss		inqure reportss	branch user		branch	branches,inquiries,inquiries_and_services,inquiries_and_services_reply,job_titles	<?php echo $pagename; ?>	send,reply	4,5	yes	yes	header.inc.php,sms_class.php,inqure_reportss.php,footer.inc.php	yes	no	outbound-linked	unknown	session/header guard; form; ajax; print/pdf; file handling/ref
branch/inqure_reportsss.php	branch	inqure_reportsss		inqure reportsss	branch user		branch	branches,inquiries,inquiries_and_services,inquiries_and_services_reply,inquiries_and_services_status,job_titles	<?php echo $pagename; ?>	send,reply		yes	yes	header.inc.php,sms_class.php,inqure_reportsss.php,footer.inc.php	yes	no	outbound-linked	unknown	session/header guard; form; ajax; print/pdf; file handling/ref
branch/insurance_companies.php	branch	insurance_companies		insurance companies	branch user			insurance_companies,specialized_clinics				no	yes	header.inc.php,codes_section.php,footer.inc.php	yes	no	menu	unknown	session/header guard; ajax; print/pdf
branch/invte_comfrom.php	branch	invte_comfrom	Al Hammadi Hospitals Group	invte comfrom	branch user		branch	al,branches,clinicians,offer,offer_day,offer_doctor,offer_status,offer_timeline,ra_users,specialized_clinics,weak	invte_comfrom.php?id=,invte_from.php?id=	create,update,send	2,7,0,1,3	yes	yes	hr_session.php,config.php,functions.php,validationForm.php,multiLanguage.php,user.php,paginator.class.php,permissions.link.php,common.php,MyQuery.php,clientContract.php,clientVacations.php,sms_class.php,Shortener.class.php,OpensslEncryptDecrypt.php,PHPMailer.php,SMTP.php,Exception.php,GovernmentـreportsAnswer.php,Government_mas.php,invte_comfrom.php,offer_pdf5.php,offer_pdf6.php,invte_from.php,G_answerNN.php,offer_pdf.php	yes	no	outbound-linked	unknown	session/header guard; form; ajax; print/pdf; file handling/ref
branch/invte_from.php	branch	invte_from	HH	invte from	branch user		branch	briefing	/BriefingـNoticeـForm.php	create,send		yes	no	hr_session.php,config.php,functions.php,validationForm.php,multiLanguage.php,user.php,paginator.class.php,permissions.link.php,common.php,MyQuery.php,clientContract.php,clientVacations.php,sms_class.php,Shortener.class.php,OpensslEncryptDecrypt.php,PHPMailer.php,SMTP.php,Exception.php,GovernmentـreportsAnswer.php,invte_from.php,Government_mas.php,BriefingـNoticeـForm.php,G_answerNN.php	no	no	outbound-linked	unknown	session/header guard; form; file handling/ref
branch/lang.ar.php	branch	lang.ar		lang.ar	branch user		branch			update,delete,approve,send		yes	yes		no	review	unresolved	unknown	print/pdf; file handling/ref
branch/lang.ch.php	branch	lang.ch		lang.ch	branch user		company,branch	cart,my,our		update,delete,approve,send		yes	yes		no	review	unresolved	unknown	print/pdf; file handling/ref
branch/lang.en.php	branch	lang.en		lang.en	branch user		company,branch	my,our		update,delete,approve,send		yes	yes		no	review	unresolved	unknown	print/pdf; file handling/ref
branch/lawsuit.php	branch	lawsuit		lawsuit	branch user		branch	branches_departments,certificate_upload,functin,if,lawsuit,lawsuit_actions,lawsuit_attachments,lawsuit_payment_type,lawsuit_status,ra_users,sms_sender_name	<?php echo $pagename; ?>,<?php echo 	create,update,delete,reject,send,reply	0,1,4,3	yes	yes	header.inc.php,sms_class.php,Shortener.class.php,lawsuit.php,footer.inc.php,gmf.php,SL.php,lawsuit_forms.php,sendsoundajax.php,lawsuit_details.php,lawsuit_timeline.php,lawsuit_pdf.php,lawsuit_grap.php,rep12_main_section_grap.php,inquired_section_grap.php	yes	no	menu	unknown	session/header guard; form; ajax; print/pdf; file handling/ref
branch/lawsuit_forms.php	branch	lawsuit_forms		lawsuit forms	branch user			country_yakeen,lawsuit_admission_location,lawsuit_rejected_reason,lawsuit_request_status		reject	1	no	no	hr_session.php,config.php	yes	review	outbound-linked	unknown	ajax
branch/lawsuit_pdf.php	branch	lawsuit_pdf		lawsuit pdf	branch user		branch	companies_groups,country_yakeen,html,lawsuit,lawsuit_admission_location,lawsuit_payment_type,lawsuit_rejected_reason,lawsuit_request_status,ra_users		reject,reply		yes	yes	autoload.php,hr_session.php,config.php,functions.php,multiLanguage.php,common.php,MyQuery.php,index.php,medicalReport_pdf.php	yes	review	outbound-linked	unknown	ajax; print/pdf; file handling/ref
branch/lawsuit_status_details.php	branch	lawsuit_status_details		lawsuit status details	branch user					approve		no	no		no	review	unresolved	unknown	
branch/lawsuit_timeline.php	branch	lawsuit_timeline		lawsuit timeline	branch user		branch	branches,lawsuit,lawsuit_actions,lawsuit_status,ra_users		reply		no	no	header.inc.php,birth_notification.php,footer.inc.php	yes	no	outbound-linked	unknown	session/header guard; ajax
branch/lawsuit_users_mobile.php	branch	lawsuit_users_mobile		lawsuit users mobile	branch user		branch	complaints,functin,if,lawsuit_users_mobile	<?php echo $pagename; ?>	create,update,delete,send	4	no	no	header.inc.php,lawsuit_users_mobile.php,sendsoundajax.php,footer.inc.php	yes	no	outbound-linked	unknown	session/header guard; form; ajax
branch/logout.php	branch	logout		logout	branch user		branch					no	no	functions.php,login.php	no	no	menu	unknown	session/header guard
branch/mail_folder.php	branch	mail_folder		mail folder	branch user		branch	branch_users,mail_attachment,mail_folder,mail_message,ra_users	<?php echo $pageneame;?>	create,update,delete,send		yes	no	header.inc.php,mail_inbox.php,mail_folder.php,index.php,mail_menu.php,inbox-detail.php,footer.inc.php	no	no	menu	unknown	session/header guard; form; file handling/ref
branch/mail_folder_1.php	branch	mail_folder_1		mail folder 1	branch user		branch	branch_users,mail_attachment,mail_folder,mail_message,ra_users	<?php echo $pageneame;?>	create,update,delete,send		yes	no	header.inc.php,mail_inbox.php,mail_folder.php,index.php,mail_menu.php,inbox-detail.php,footer.inc.php	no	no	outbound-linked	unknown	session/header guard; form; file handling/ref
branch/mail_header.php	branch	mail_header		mail header	branch user		branch	branch_users,mail_folder,mail_message,ra_users		delete,send		yes	no	mail_inbox.php,mail_sent.php,mail_star.php,mail_important.php,mail_trash.php,folder.php	yes	no	outbound-linked	unknown	session/header guard; ajax; file handling/ref
branch/mail_header_1.php	branch	mail_header_1		mail header 1	branch user		branch	branch_users,mail_folder,mail_message,ra_users		delete,send		yes	no	mail_inbox.php,mail_sent.php,mail_star.php,mail_important.php,mail_trash.php,folder.php	no	no	outbound-linked	unknown	session/header guard; file handling/ref
branch/mail_important.php	branch	mail_important		mail important	branch user		branch	branch_users,mail_attachment,mail_folder,mail_message,ra_users	<?php echo $pageneame;?>	create,update,delete,send		yes	no	header.inc.php,mail_important.php,index.php,mail_menu.php,inbox-detail.php,footer.inc.php	no	no	menu	unknown	session/header guard; form; file handling/ref
branch/mail_important_1.php	branch	mail_important_1		mail important 1	branch user		branch	branch_users,mail_attachment,mail_folder,mail_message,ra_users	<?php echo $pageneame;?>	create,update,delete,send		yes	no	header.inc.php,mail_important.php,index.php,mail_menu.php,inbox-detail.php,footer.inc.php	no	no	outbound-linked	unknown	session/header guard; form; file handling/ref
branch/mail_inbox.php	branch	mail_inbox		mail inbox	branch user		branch	branch_users,mail_attachment,mail_folder,mail_message,ra_users	<?php echo $pageneame;?>	create,update,delete,send		yes	no	header.inc.php,mail_inbox.php,index.php,mail_menu.php,inbox-detail.php,footer.inc.php	yes	no	menu	unknown	session/header guard; form; ajax; file handling/ref
branch/mail_inbox_1.php	branch	mail_inbox_1		mail inbox 1	branch user		branch	branch_users,mail_attachment,mail_folder,mail_message,ra_users	<?php echo $pageneame;?>	create,update,delete,send		yes	no	header.inc.php,mail_inbox.php,index.php,mail_menu.php,inbox-detail.php,footer.inc.php	no	no	outbound-linked	unknown	session/header guard; form; file handling/ref
branch/mail_list_submit.php	branch	mail_list_submit		mail list submit	branch user			mail_list	mail_list_submit.php	create		no	no	header.inc.php,config.php,database.php,validationForm.php,mail_list_submit.php,footer.inc.php	no	no	outbound-linked	unknown	session/header guard; form
branch/mail_list_submit_1.php	branch	mail_list_submit_1		mail list submit 1	branch user			mail_list	mail_list_submit.php	create		no	no	header.inc.php,validationForm.php,mail_list_submit.php,footer.inc.php	no	no	outbound-linked	unknown	session/header guard; form
branch/mail_list_submit_1_1.php	branch	mail_list_submit_1_1		mail list submit 1 1	branch user			mail_list	mail_list_submit.php	create		no	no	header.inc.php,config.php,database.php,validationForm.php,mail_list_submit.php,footer.inc.php	no	no	outbound-linked	unknown	session/header guard; form
branch/mail_menu.php	branch	mail_menu		mail menu	branch user		branch	branch_users,mail_folder,mail_message,ra_users		delete,send		yes	no	mail_inbox.php,mail_sent.php,mail_star.php,mail_important.php,mail_trash.php,mail_folder.php	yes	no	outbound-linked	unknown	session/header guard; ajax; file handling/ref
branch/mail_menu_1.php	branch	mail_menu_1		mail menu 1	branch user		branch	branch_users,mail_folder,mail_message,ra_users		delete,send		yes	no	mail_inbox.php,mail_sent.php,mail_star.php,mail_important.php,mail_trash.php,mail_folder.php	no	no	outbound-linked	unknown	session/header guard; file handling/ref
branch/mail_sent.php	branch	mail_sent		mail sent	branch user		branch	branch_users,mail_attachment,mail_folder,mail_message,ra_users	<?php echo $pageneame;?>	create,update,delete,send		yes	no	header.inc.php,mail_sent.php,index.php,mail_menu.php,inbox-detail.php,footer.inc.php	no	no	menu	unknown	session/header guard; form; file handling/ref
branch/mail_sent_1.php	branch	mail_sent_1		mail sent 1	branch user		branch	branch_users,mail_attachment,mail_folder,mail_message,ra_users	<?php echo $pageneame;?>	create,update,delete,send		yes	yes	header.inc.php,mail_sent.php,footer.inc.php,index.php,mail_menu.php,inbox-detail.php	no	no	outbound-linked	unknown	session/header guard; form; print/pdf; file handling/ref
branch/mail_star.php	branch	mail_star		mail star	branch user		branch	branch_users,mail_attachment,mail_folder,mail_message,ra_users	<?php echo $pageneame;?>	create,update,delete,send		yes	no	header.inc.php,mail_star.php,index.php,mail_menu.php,inbox-detail.php,footer.inc.php	no	no	menu	unknown	session/header guard; form; file handling/ref
branch/mail_star_1.php	branch	mail_star_1		mail star 1	branch user		branch	branch_users,mail_attachment,mail_folder,mail_message,ra_users	<?php echo $pageneame;?>	create,update,delete,send		yes	no	header.inc.php,mail_star.php,mail_sent.php,index.php,mail_menu.php,inbox-detail.php,footer.inc.php	no	no	outbound-linked	unknown	session/header guard; form; file handling/ref
branch/mail_trash.php	branch	mail_trash		mail trash	branch user		branch	branch_users,mail_attachment,mail_folder,mail_message,ra_users	<?php echo $pageneame;?>	create,update,delete,send		yes	no	header.inc.php,mail_trash.php,index.php,mail_menu.php,inbox-detail.php,footer.inc.php	no	no	menu	unknown	session/header guard; form; file handling/ref
branch/mail_trash_1.php	branch	mail_trash_1		mail trash 1	branch user		branch	branch_users,mail_attachment,mail_folder,mail_message,ra_users	<?php echo $pageneame;?>	create,update,delete,send		yes	no	header.inc.php,mail_trash.php,index.php,mail_menu.php,inbox-detail.php,footer.inc.php	no	no	outbound-linked	unknown	session/header guard; form; file handling/ref
branch/mailtmplate.php	branch	mailtmplate		mailtmplate	branch user							no	no		no	review	unresolved	unknown	
branch/mailtmplate_1.php	branch	mailtmplate_1		mailtmplate 1	branch user							no	no		no	review	unresolved	unknown	
branch/main_menu.php	branch	main_menu		main menu	branch user	adm_brands,entry_goods,adm_goods_entery,ra_reg_form,users,onlinetody,add_user_groups,adm_country,city,adm_reg_branch,adm_user_branch,account_tree,sanad_reg,sanad_track1	branch					no	no	adm_brands.php,entry_goods.php,adm_goods_entery.php,ra_reg_form.php,users.php,onlinetody.php,add_user_groups.php,adm_country.php,city.php,adm_reg_branch.php,adm_user_branch.php,account_tree.php,sanad_reg.php,sanad_track1.php,logout.php	no	no	outbound-linked	unknown	session/header guard; permission check
branch/maintenance_type_grap.php	branch	maintenance_type_grap		maintenance type grap	branch user		branch	database,support_services				no	no	hr_session.php,config.php,functions.php,validationForm.php,multiLanguage.php,user.php,MyQuery.php	yes	no	outbound-linked	unknown	session/header guard; ajax
branch/manual_admission_calculator.php	branch	manual_admission_calculator		manual admission calculator	branch user		branch	functin,if,manual_admission_calculator,ra_users,room_type,sms_archive	./complaints.php,<?php echo $pagename; ?>	create,update,delete,send,reply	4	no	yes	header.inc.php,sms_class.php,Shortener.class.php,manual_admission_calculator.php,footer.inc.php,manual_admission_calculator_pdf.php,manual_admission_calculator_pdf_en.php,SL.php,sendsoundajax.php,complaints.php,manual_admission_calculator_procedures.php,manual_admission_calculator_pdf_arabic.php,manual_admission_calculator_pdf_engilsh.php	yes	no	outbound-linked	unknown	session/header guard; form; ajax; print/pdf
branch/manual_admission_calculator_pdf.php	branch	manual_admission_calculator_pdf		manual admission calculator pdf	branch user		company,branch	admission_rooms,booking_period,branches,companies_groups,html,manual_admission_calculator,manual_admission_calculator_procedures,ra_users		reply		yes	yes	autoload.php,hr_session.php,config.php,functions.php,multiLanguage.php,common.php,MyQuery.php,index.php,complaints_pdf.php,manual_admission_calculator_pdf.php,barcode.php	yes	no	outbound-linked	unknown	session/header guard; ajax; print/pdf; file handling/ref
branch/manual_admission_calculator_pdf_arabic.php	branch	manual_admission_calculator_pdf_arabic		manual admission calculator pdf arabic	branch user		company,branch	admission_calculator,admission_rooms,booking_period,branches,companies_groups,html,manual_admission_calculator,manual_admission_calculator_procedures,ra_users		reply		yes	yes	autoload.php,hr_session.php,config.php,functions.php,multiLanguage.php,common.php,MyQuery.php,index.php,login.php,complaints_pdf.php,manual_admission_calculator_pdf.php,barcode.php	yes	no	outbound-linked	unknown	session/header guard; ajax; print/pdf; file handling/ref
branch/manual_admission_calculator_pdf_en.php	branch	manual_admission_calculator_pdf_en		manual admission calculator pdf en	branch user		company,branch	admission_rooms,booking_period,branches,companies_groups,html,manual_admission_calculator,manual_admission_calculator_procedures,ra_users		reply		yes	yes	autoload.php,hr_session.php,config.php,functions.php,multiLanguage.php,common.php,MyQuery.php,index.php,complaints_pdf.php,manual_admission_calculator_pdf_en.php,barcode.php	yes	no	outbound-linked	unknown	session/header guard; ajax; print/pdf; file handling/ref
branch/manual_admission_calculator_pdf_engilsh.php	branch	manual_admission_calculator_pdf_engilsh		manual admission calculator pdf engilsh	branch user		company,branch	admission_rooms,booking_period,branches,companies_groups,html,manual_admission_calculator,manual_admission_calculator_procedures,ra_users		reply		yes	yes	autoload.php,hr_session.php,config.php,functions.php,multiLanguage.php,common.php,MyQuery.php,index.php,login.php,complaints_pdf.php,manual_admission_calculator_pdf_en.php,barcode.php	yes	no	outbound-linked	unknown	session/header guard; ajax; print/pdf; file handling/ref
branch/manual_admission_calculator_procedures.php	branch	manual_admission_calculator_procedures	تسعيرة الخدمات الطبية -اجراءات	manual admission calculator procedures	branch user		branch	admission_rooms,manual_admission_calculator,manual_admission_calculator_procedures,vat	<?php echo $pagename;?>	create,update,delete,send	4	no	no	header.inc.php,manual_admission_calculator.php,manual_admission_calculator_procedures.php,manual_admission_calculator_room.php,empty.php,sendsoundajax.php,footer.inc.php	yes	no	outbound-linked	unknown	session/header guard; form; ajax
branch/manual_admission_calculator_room.php	branch	manual_admission_calculator_room		manual admission calculator room	branch user			admission_rooms			2	no	yes	hr_session.php,config.php,functions.php,validationForm.php,multiLanguage.php,user.php,paginator.class.php,permissions.link.php,common.php,MyQuery.php	yes	review	outbound-linked	unknown	ajax; print/pdf
branch/medica_report.php	branch	medica_report	التقارير الطبية	medica report	branch user		branch	certificate_upload,functin,if,medica_report,medica_report_action_type,medica_report_attachments,medica_report_decision,ra_users	<?php echo $pagename; ?>	create,update,delete,approve,reject,send,reply	4	yes	yes	header.inc.php,medica_report.php,sendsoundajax.php,medica_report_pdf.php,footer.inc.php	yes	no	outbound-linked	unknown	session/header guard; form; ajax; print/pdf; file handling/ref
branch/medica_report_pdf.php	branch	medica_report_pdf		medica report pdf	branch user		branch	companies_groups,country_yakeen,html,medica_report,ra_users		approve,reject,reply		yes	yes	autoload.php,hr_session.php,config.php,functions.php,multiLanguage.php,common.php,MyQuery.php,index.php,medicalReport_pdf.php,barcode.php	yes	no	outbound-linked	unknown	session/header guard; ajax; print/pdf; file handling/ref
branch/medicalReport_pdf.php	branch	medicalReport_pdf		medicalReport pdf	branch user		branch	bottom,data,html,medica_report,nationality,ra_users		update,approve,reject,reply		yes	yes	hr_session.php,config.php,functions.php,multiLanguage.php,common.php,MyQuery.php,index.php,complaints_pdf.php,medicalReport_pdf.php,barcode.php,tcpdf_include.php,tcpdf_config_alt.php,tcpdf.php,medica_report.php	yes	no	outbound-linked	unknown	session/header guard; ajax; print/pdf; file handling/ref
branch/medical_approval_contacts.php	branch	medical_approval_contacts		medical approval contacts	branch user		branch	medical_approval_cc,medical_approval_collections,ra_users,record	<?php echo $pagename; ?>	create,update,delete,approve,reject		no	no	header.inc.php,medical_approval_contacts.php,medical_approval_notifications.php,footer.inc.php	no	no	outbound-linked	unknown	session/header guard; form
branch/medical_approval_lang.php	branch	medical_approval_lang		medical approval lang	branch user							no	no		no	no	unresolved	unknown	session/header guard
branch/medical_approval_notifications.php	branch	medical_approval_notifications	Al Hammadi Hospitals Group	medical approval notifications	branch user		company,branch	branches,clinicians,companies_groups,department_sender_email,logs,medical_approval_cc,medical_approval_collections,medical_approval_notification_logs,medical_approval_notifications,medical_approval_rejection_reasons,medical_approval_statuses,notification,ra_users,sms_archive		create,update,delete,approve,reject,send		no	yes	header.inc.php,sms_class.php,Shortener.class.php,OpensslEncryptDecrypt.php,PHPMailer.php,SMTP.php,Exception.php,medical_approval_lang.php,medical_approval_notifications.php,medical_approval_statuses.php,medical_approval_rejection_reasons.php,medical_approval_contacts.php,footer.inc.php	yes	no	outbound-linked	unknown	session/header guard; ajax; print/pdf
branch/medical_approval_rejection_reasons.php	branch	medical_approval_rejection_reasons		medical approval rejection reasons	branch user		branch	medical_approval_rejection_reasons		create,update,delete,approve,reject		no	no	header.inc.php,medical_approval_lang.php,medical_approval_statuses.php,medical_approval_notifications.php,medical_approval_rejection_reasons.php,medical_approval_rejection_reason_delete.php,footer.inc.php	yes	no	outbound-linked	unknown	session/header guard; ajax
branch/medical_approval_status_delete.php	branch	medical_approval_status_delete		medical approval status delete	branch user		branch	medical_approval_statuses		delete,approve,reject		no	no	header.inc.php,medical_approval_lang.php,medical_approval_statuses.php	no	no	outbound-linked	unknown	session/header guard
branch/medical_approval_statuses.php	branch	medical_approval_statuses		medical approval statuses	branch user		branch	medical_approval_statuses	medical_approval_status_delete.php	create,update,delete,approve,reject		no	no	header.inc.php,medical_approval_lang.php,medical_approval_statuses.php,medical_approval_notifications.php,medical_approval_status_delete.php,footer.inc.php	yes	no	outbound-linked	unknown	session/header guard; form; ajax
branch/medical_report_form.php	branch	medical_report_form	ALHAMMADI | REPORT	medical report form	branch user		branch	incident_report_form	medical_report_form.php?t=<?php echo hh_html($_GET[	update,approve,reject		yes	no	hr_session.php,config.php,functions.php,validationForm.php,multiLanguage.php,user.php,paginator.class.php,permissions.link.php,common.php,MyQuery.php,clientContract.php,clientVacations.php,medical_report_form_result.php,medical_report_form.php	yes	review	outbound-linked	unknown	form; ajax; file handling/ref
branch/medical_report_form_result.php	branch	medical_report_form_result	ALHAMMADI | NEWBORNS	medical report form result	branch user							yes	no	hr_session.php,config.php,functions.php,validationForm.php,multiLanguage.php,user.php,paginator.class.php,permissions.link.php,common.php,MyQuery.php,clientContract.php,clientVacations.php	no	review	outbound-linked	unknown	file handling/ref
branch/medical_reports_approval.php	branch	medical_reports_approval		medical reports approval	branch user		company,branch	and,medica_report,ra_users	<?php echo $pagename; ?>	create,update,approve,reject,reply		no	yes	header.inc.php,medical_reports_approval.php,medica_report_pdf.php,footer.inc.php	yes	no	outbound-linked	unknown	session/header guard; form; ajax; print/pdf
branch/medical_services_agreement.php	branch	medical_services_agreement	إتفاقية تقديم خدمات طبية	medical services agreement	branch user		company,branch	and,any,certificate_upload,companies_groups,country_yakeen,functin,html,idtype,if,my,payment_guarantee,payment_guarantee_attachments,payment_guarantee_pdfbase64,ra_users,relatives,signatuers,sms_archive,sms_sender_name,such,the,this	<?php echo $pagename; ?>,./complaints.php	create,update,delete,approve,reject,send,reply	1,2,0,4	yes	yes	header.inc.php,autoload.php,sms_class.php,Shortener.class.php,yakeen_v1.class.php,AbsherNabaaClient.php,medical_services_agreement.php,sendsoundajax.php,footer.inc.php,guaranteeAgreemenPrint.php,barcode.php,medicalServicesAgreement.php,SL.php,paymentGuaranteeY.php,medical_services_agreement_arabic.php,medical_services_agreement_english.php,complaints.php,emdha_pdf.php,payment_guarantee_pdf.php,paymentGuarantee_timeline.php	yes	no	outbound-linked	unknown	session/header guard; form; ajax; print/pdf; file handling/ref
branch/medical_services_agreement_arabic.php	branch	medical_services_agreement_arabic		medical services agreement arabic	branch user		branch	rep1_payment_due_action,rep1_payment_due_reason,rep1_payment_type		approve,reject		no	no	hr_session.php,config.php,medical_services_agreement_arabic.php,medical_services_agreement_arabic_yakeen_step2.php,medical_services_agreement_arabic_patient_onbehaf_yakeen_step2.php,medical_services_agreement_arabic_on_behalf_contractor_yakeen_step2.php	yes	review	outbound-linked	unknown	ajax
branch/medical_services_agreement_arabic_get_contractor_yakeen.php	branch	medical_services_agreement_arabic_get_contractor_yakeen		medical services agreement arabic get contractor yakeen	branch user		branch	country_yakeen,relatives		approve,reject		no	yes	hr_session.php,config.php,yakeen_v1.class.php,umalquraCal.class.php,payment_guarantee_arabic_get_contractor_yakeen.php	yes	review	outbound-linked	unknown	ajax; print/pdf
branch/medical_services_agreement_arabic_get_patient_onbehaf_yakeen.php	branch	medical_services_agreement_arabic_get_patient_onbehaf_yakeen		medical services agreement arabic get patient onbehaf yakeen	branch user		branch	country_yakeen		approve,reject		no	yes	hr_session.php,config.php,yakeen_v1.class.php,umalquraCal.class.php	yes	review	outbound-linked	unknown	ajax; print/pdf
branch/medical_services_agreement_arabic_get_yakeen.php	branch	medical_services_agreement_arabic_get_yakeen		medical services agreement arabic get yakeen	branch user		branch	country_yakeen		approve,reject		no	yes	hr_session.php,config.php,yakeen_v1.class.php,umalquraCal.class.php,payment_guarantee_arabic_get_yakeen.php	yes	review	outbound-linked	unknown	ajax; print/pdf
branch/medical_services_agreement_arabic_on_behalf_contractor_yakeen_step2.php	branch	medical_services_agreement_arabic_on_behalf_contractor_yakeen_step2		medical services agreement arabic on behalf contractor yakeen step2	branch user		branch	country_yakeen		approve,reject		no	no	hr_session.php,config.php,umalquraCal.class.php,medical_services_agreement_arabic_get_contractor_yakeen.php	yes	review	outbound-linked	unknown	ajax
branch/medical_services_agreement_arabic_on_behalf_patient_yakeen_step2.php	branch	medical_services_agreement_arabic_on_behalf_patient_yakeen_step2		medical services agreement arabic on behalf patient yakeen step2	branch user		branch	country_yakeen		approve,reject		no	no	hr_session.php,config.php,umalquraCal.class.php,payment_guarantee_arabic_get_patient_onbehaf_yakeen.php	yes	review	outbound-linked	unknown	ajax
branch/medical_services_agreement_arabic_patient_onbehaf_yakeen_step2.php	branch	medical_services_agreement_arabic_patient_onbehaf_yakeen_step2		medical services agreement arabic patient onbehaf yakeen step2	branch user		branch	countries,country_yakeen		approve,reject		no	no	hr_session.php,config.php,umalquraCal.class.php,payment_guarantee_arabic_get_patient_onbehaf_yakeen.php	yes	review	outbound-linked	unknown	ajax
branch/medical_services_agreement_arabic_yakeen_step2.php	branch	medical_services_agreement_arabic_yakeen_step2		medical services agreement arabic yakeen step2	branch user		branch	country_yakeen		approve,reject		no	no	hr_session.php,config.php,umalquraCal.class.php,medical_services_agreement_arabic_get_yakeen.php	yes	review	outbound-linked	unknown	ajax
branch/medical_services_agreement_english.php	branch	medical_services_agreement_english		medical services agreement english	branch user		branch	rep1_payment_due_action,rep1_payment_due_reason,rep1_payment_type		approve,reject		no	no	hr_session.php,config.php,medical_services_agreement_english.php,medical_services_agreement_english_yakeen_step2.php,medical_services_agreement_english_patient_onbehaf_yakeen_step2.php,medical_services_agreement_english_on_behalf_contractor_yakeen_step2.php	yes	review	outbound-linked	unknown	ajax
branch/medical_services_agreement_english_get_contractor_yakeen.php	branch	medical_services_agreement_english_get_contractor_yakeen		medical services agreement english get contractor yakeen	branch user		branch	country_yakeen,relatives		approve,reject		no	yes	hr_session.php,config.php,yakeen_v1.class.php,payment_guarantee_arabic_get_yakeen.php	yes	review	outbound-linked	unknown	ajax; print/pdf
branch/medical_services_agreement_english_get_patient_onbehaf_yakeen.php	branch	medical_services_agreement_english_get_patient_onbehaf_yakeen		medical services agreement english get patient onbehaf yakeen	branch user		branch	country_yakeen		approve,reject		no	yes	hr_session.php,config.php,yakeen_v1.class.php,umalquraCal.class.php	yes	review	outbound-linked	unknown	ajax; print/pdf
branch/medical_services_agreement_english_get_yakeen.php	branch	medical_services_agreement_english_get_yakeen		medical services agreement english get yakeen	branch user		branch	country_yakeen		approve,reject		no	yes	hr_session.php,config.php,yakeen_v1.class.php,umalquraCal.class.php,payment_guarantee_arabic_get_yakeen.php	yes	review	outbound-linked	unknown	ajax; print/pdf
branch/medical_services_agreement_english_on_behalf_contractor_yakeen_step2.php	branch	medical_services_agreement_english_on_behalf_contractor_yakeen_step2		medical services agreement english on behalf contractor yakeen step2	branch user		branch	country_yakeen		approve,reject		no	no	hr_session.php,config.php,umalquraCal.class.php,medical_services_agreement_english_get_contractor_yakeen.php	yes	review	outbound-linked	unknown	ajax
branch/medical_services_agreement_english_patient_onbehaf_yakeen_step2.php	branch	medical_services_agreement_english_patient_onbehaf_yakeen_step2		medical services agreement english patient onbehaf yakeen step2	branch user		branch	countries,country_yakeen		approve,reject		no	no	hr_session.php,config.php,umalquraCal.class.php,medical_services_agreement_english_get_patient_onbehaf_yakeen.php	yes	review	outbound-linked	unknown	ajax
branch/medical_services_agreement_english_yakeen_step2.php	branch	medical_services_agreement_english_yakeen_step2		medical services agreement english yakeen step2	branch user		branch	country_yakeen		approve,reject		no	no	hr_session.php,config.php,umalquraCal.class.php,medical_services_agreement_english_get_yakeen.php	yes	review	outbound-linked	unknown	ajax
branch/medical_services_agreement_manual.php	branch	medical_services_agreement_manual	إتفاقية تقديم خدمات طبية	medical services agreement manual	branch user		company,branch	and,any,certificate_upload,companies_groups,country_yakeen,functin,html,idtype,if,my,payment_guarantee,payment_guarantee_attachments,payment_guarantee_pdfbase64,ra_users,relatives,signatuers,sms_archive,sms_sender_name,such,the,this	<?php echo $pagename; ?>,./complaints.php	create,update,delete,approve,reject,send,reply	1,2,0,4	yes	yes	header.inc.php,autoload.php,sms_class.php,Shortener.class.php,medical_services_agreement_manual.php,sendsoundajax.php,guaranteeAgreemenPrint.php,barcode.php,medicalServicesAgreement.php,SL.php,medical_services_agreement_manual_arabic.php,medical_services_agreement_manual_english.php,complaints.php,emdha_pdf.php,payment_guarantee_pdf.php,paymentGuarantee_timeline.php,footer.inc.php	yes	no	outbound-linked	unknown	session/header guard; form; ajax; print/pdf; file handling/ref
branch/medical_services_agreement_manual_arabic.php	branch	medical_services_agreement_manual_arabic		medical services agreement manual arabic	branch user		branch	rep1_payment_due_action,rep1_payment_due_reason,rep1_payment_type		approve,reject		no	no	hr_session.php,config.php,functions.php,validationForm.php,multiLanguage.php,user.php,paginator.class.php,permissions.link.php,common.php,MyQuery.php,payment_guarantee_arabic.php	yes	review	outbound-linked	unknown	ajax
branch/medical_services_agreement_manual_english.php	branch	medical_services_agreement_manual_english		medical services agreement manual english	branch user							no	no	hr_session.php,config.php,functions.php,validationForm.php,multiLanguage.php,user.php,paginator.class.php,permissions.link.php,common.php,MyQuery.php,payment_guarantee_english.php	no	review	outbound-linked	unknown	
branch/medical_services_agreement_sadq.php	branch	medical_services_agreement_sadq	إتفاقية تقديم خدمات طبية	medical services agreement sadq	branch user		company,branch	and,any,companies_groups,companies_groups_general,country_yakeen,functin,html,idtype,if,medical_services_agreement_sadq,medical_services_agreement_sadq_transactions,my,payment_guarantee,payment_guarantee_attachments,ra_users,relatives,signatuers,sms_sender_name,such,the,this	<?php echo $pagename; ?>,./complaints.php	create,update,delete,approve,reject,send,reply	1,2,0,4	yes	yes	header.inc.php,autoload.php,sms_class.php,Shortener.class.php,SadqClient.php,medical_services_agreement_sadq.php,sendsoundajax.php,barcode.php,contractSadq_pdf.php,medical_services_agreement_arabic.php,medical_services_agreement_english.php,complaints.php,footer.inc.php	yes	no	outbound-linked	unknown	session/header guard; form; ajax; print/pdf; file handling/ref
branch/medical_services_agreement_sadq_manual.php	branch	medical_services_agreement_sadq_manual	إتفاقية تقديم خدمات طبية(الإدخال اليدوي)	medical services agreement sadq manual	branch user		company,branch	and,any,companies_groups,companies_groups_general,country_yakeen,functin,html,idtype,if,medical_services_agreement_sadq,medical_services_agreement_sadq_transactions,my,payment_guarantee,payment_guarantee_attachments,ra_users,relatives,signatuers,sms_sender_name,such,the,this	<?php echo $pagename; ?>,./complaints.php	create,update,delete,approve,reject,send,reply	1,2,0,4	yes	yes	header.inc.php,autoload.php,sms_class.php,Shortener.class.php,SadqClient.php,medical_services_agreement_sadq_manual.php,sendsoundajax.php,barcode.php,contractSadq_pdf.php,medical_services_agreement_manual_arabic.php,medical_services_agreement_manual_english.php,complaints.php,medical_services_agreement_sadq.php,footer.inc.php	yes	no	outbound-linked	unknown	session/header guard; form; ajax; print/pdf; file handling/ref
branch/memo.php	branch	memo	مذكرة	memo	branch user		branch	certificate_upload,functin,if,memo,memo_attachments,memo_send_to,memo_types,ra_users,sms_archive,sms_sender_name	./complaints.php,<?php echo $pagename; ?>	create,update,delete,send,reply	4	yes	yes	header.inc.php,memo.php,sms_class.php,Shortener.class.php,memo_v.php,SL.php,sendsoundajax.php,complaints.php,memo_form.php,memo_reciever.php,memo_pdf.php,footer.inc.php	yes	review	outbound-linked	unknown	session/header guard; form; ajax; print/pdf; file handling/ref
branch/memo_form.php	branch	memo_form		memo form	branch user					create,send		yes	no	hr_session.php,config.php,functions.php,validationForm.php,multiLanguage.php,user.php,paginator.class.php,permissions.link.php,common.php,MyQuery.php	no	no	outbound-linked	unknown	session/header guard; file handling/ref
branch/memo_formBk.php	branch	memo_formBk		memo formBk	branch user					create,update,send		yes	no	hr_session.php,config.php,functions.php,validationForm.php,multiLanguage.php,user.php,paginator.class.php,permissions.link.php,common.php,MyQuery.php	no	review	outbound-linked	unknown	session/header guard; file handling/ref
branch/memo_me.php	branch	memo_me	مذكرة	memo me	branch user		branch	memo_send_to,memo_types,ra_users,sms_sender_name	<?php echo $pagename; ?>	update,send	4	yes	yes	header.inc.php,memo.php,sms_class.php,Shortener.class.php,sendsoundajax.php,memo_me_pdf.php,footer.inc.php	yes	no	outbound-linked	unknown	session/header guard; form; ajax; print/pdf; file handling/ref
branch/memo_me_pdf.php	branch	memo_me_pdf		memo me pdf	branch user		branch	branches,companies_groups,html,memo,memo_send_to,memo_types,ra_users		update,send		yes	yes	hr_session.php,autoload.php,config.php,functions.php,multiLanguage.php,common.php,MyQuery.php,index.php	yes	no	outbound-linked	unknown	session/header guard; ajax; print/pdf; file handling/ref
branch/memo_pdf.php	branch	memo_pdf		memo pdf	branch user		branch	branches,companies_groups,html,memo,memo_send_to,memo_types,ra_users		send		yes	yes	hr_session.php,autoload.php,config.php,functions.php,multiLanguage.php,common.php,MyQuery.php,index.php	yes	no	outbound-linked	unknown	session/header guard; ajax; print/pdf; file handling/ref
branch/memo_reciever.php	branch	memo_reciever		memo reciever	branch user			companies_groups,memo,memo_send_to,memo_types,ra_users		send		yes	no	hr_session.php,config.php,functions.php,yakeen_v1.class.php	yes	no	outbound-linked	unknown	session/header guard; ajax; file handling/ref
branch/memo_select_employee.php	branch	memo_select_employee		memo select employee	branch user		branch	ra_users				no	no	hr_session.php,config.php,yakeen_v1.class.php	yes	no	outbound-linked	unknown	session/header guard; ajax
branch/modal.php	branch	modal		modal	branch user							no	no		no	review	unresolved	unknown	
branch/moreClientsBuyPrice.php	branch	moreClientsBuyPrice		moreClientsBuyPrice	branch user		branch	branches,clients,country				no	yes	header.inc.php,footer.inc.php	yes	no	outbound-linked	unknown	session/header guard; ajax; print/pdf
branch/moreFactoryBuyPrice.php	branch	moreFactoryBuyPrice		moreFactoryBuyPrice	branch user		branch	branches,country,factories				no	yes	header.inc.php,footer.inc.php	yes	no	outbound-linked	unknown	session/header guard; ajax; print/pdf
branch/moreProductsBuy.php	branch	moreProductsBuy		moreProductsBuy	branch user		branch	branches,products,products_type				no	yes	header.inc.php,reminder.php,footer.inc.php	yes	no	outbound-linked	unknown	session/header guard; ajax; print/pdf
branch/moreProductsBuyPrice.php	branch	moreProductsBuyPrice		moreProductsBuyPrice	branch user		branch	branches,products,products_type				no	yes	header.inc.php,moreProductsBuyPrice.php,footer.inc.php	yes	no	outbound-linked	unknown	session/header guard; ajax; print/pdf
branch/nationality.php	branch	nationality		nationality	branch user		branch	functin,if,nationality,receiving_the_corpse	<?php echo $pagename; ?>	create,update,delete,send	4	no	no	header.inc.php,form_token.php,nationality.php,sendsoundajax.php,footer.inc.php	yes	no	outbound-linked	unknown	session/header guard; form; ajax
branch/new_post.php	branch	new_post		new post	branch user		branch	branches_departments,new_post,post_type	new_post.php	create,send		yes	yes	header.inc.php,form_token.php,new_post.php,footer.inc.php	yes	no	menu	unknown	session/header guard; form; ajax; print/pdf; file handling/ref
branch/nqure_reportss.php	branch	nqure_reportss		nqure reportss	branch user							no	no		no	review	unresolved	unknown	
branch/ns.php	branch	ns		ns	branch user							no	yes		no	review	unresolved	unknown	print/pdf
branch/offer.php	branch	offer	Al Hammadi Hospitals Group	offer	branch user		branch	al,clinicians,department_sender_email,g_files,g_filesanswer,offer,offer_day,offer_timeline,weak	offer.php,<?php echo $pagename; ?>	create,update,delete,send	6,1,4,5,2,7,8,3,9	yes	yes	header.inc.php,form_token.php,sms_class.php,Shortener.class.php,OpensslEncryptDecrypt.php,PHPMailer.php,SMTP.php,Exception.php,offer.php,offer_pdf5.php,invte_comfrom.php,invte_from.php,get_docter.php,offer_pdf.php,offer_pdf2.php,offer_pdf8.php,offer_pdf7.php,offer_pdf6.php,offer_pdf4.php,offer_timeline.php,fliter_reportss.php,footer.inc.php	yes	no	outbound-linked	unknown	session/header guard; form; ajax; print/pdf; file handling/ref
branch/offer_pdf.php	branch	offer_pdf	الختم الرسمي	offer pdf	branch user		branch	branches,clinicians,companies_groups,html,offer,offer_status,ra_users,specialized_clinics			0,1,2	yes	yes	autoload.php,hr_session.php,config.php,functions.php,multiLanguage.php,common.php,MyQuery.php,index.php,complaints_pdf.php,escape_report_form_pdf.php,barcode.php	yes	no	outbound-linked	unknown	session/header guard; ajax; print/pdf; file handling/ref
branch/offer_pdf2.php	branch	offer_pdf2	الختم الرسمي	offer pdf2	branch user		branch	branches,clinicians,companies_groups,html,offer,offer_status,ra_users,specialized_clinics			0,1,2	yes	yes	autoload.php,hr_session.php,config.php,functions.php,multiLanguage.php,common.php,MyQuery.php,index.php,complaints_pdf.php,escape_report_form_pdf.php	yes	no	outbound-linked	unknown	session/header guard; ajax; print/pdf; file handling/ref
branch/offer_pdf3.php	branch	offer_pdf3		offer pdf3	branch user							no	yes		no	review	unresolved	unknown	print/pdf
branch/offer_pdf4.php	branch	offer_pdf4	الختم الرسمي	offer pdf4	branch user		branch	branches,clinicians,companies_groups,html,offer,offer_status,ra_users,specialized_clinics			0,1,2	yes	yes	autoload.php,hr_session.php,config.php,functions.php,multiLanguage.php,common.php,MyQuery.php,index.php,complaints_pdf.php,escape_report_form_pdf.php,barcode.php	yes	no	outbound-linked	unknown	session/header guard; ajax; print/pdf; file handling/ref
branch/offer_pdf5.php	branch	offer_pdf5	الختم الرسمي	offer pdf5	branch user		branch	branches,clinicians,companies_groups,html,offer,offer_day,offer_status,ra_users,specialized_clinics,weak			0,1,2	yes	yes	autoload.php,hr_session.php,config.php,functions.php,multiLanguage.php,common.php,MyQuery.php,index.php,complaints_pdf.php,escape_report_form_pdf.php,barcode.php	yes	no	outbound-linked	unknown	session/header guard; ajax; print/pdf; file handling/ref
branch/offer_pdf6.php	branch	offer_pdf6	Official seal	offer pdf6	branch user		branch	branches,clinicians,companies_groups,html,offer,offer_day,offer_status,ra_users,specialized_clinics,weak			0,1,2	yes	yes	autoload.php,hr_session.php,config.php,functions.php,multiLanguage.php,common.php,MyQuery.php,index.php,complaints_pdf.php,escape_report_form_pdf.php,barcode.php	yes	no	outbound-linked	unknown	session/header guard; ajax; print/pdf; file handling/ref
branch/offer_pdf7.php	branch	offer_pdf7	الختم الرسمي	offer pdf7	branch user		branch	branches,clinicians,companies_groups,html,offer,offer_day,offer_status,ra_users,specialized_clinics			0,1,2	yes	yes	autoload.php,hr_session.php,config.php,functions.php,multiLanguage.php,common.php,MyQuery.php,index.php,complaints_pdf.php,escape_report_form_pdf.php,barcode.php	yes	no	outbound-linked	unknown	session/header guard; ajax; print/pdf; file handling/ref
branch/offer_pdf8.php	branch	offer_pdf8	الختم الرسمي	offer pdf8	branch user		branch	branches,clinicians,companies_groups,html,offer,offer_status,ra_users,specialized_clinics			0,1,2	yes	yes	autoload.php,hr_session.php,config.php,functions.php,multiLanguage.php,common.php,MyQuery.php,index.php,complaints_pdf.php,escape_report_form_pdf.php,barcode.php	yes	no	outbound-linked	unknown	session/header guard; ajax; print/pdf; file handling/ref
branch/offer_timeline.php	branch	offer_timeline		offer timeline	branch user		branch	clinicians,offer,offer_status,offer_timeline,ra_users,specialized_clinics				no	no	header.inc.php,footer.inc.php	yes	no	outbound-linked	unknown	session/header guard; ajax
branch/order_report.php	branch	order_report		order report	branch user		branch	clients_payments,invoice_items_attachment	<?php echo $pagename; ?>	update		yes	yes	header.inc.php,form_token.php,order_report.php,footer.inc.php,client_orders.php	yes	no	outbound-linked	unknown	session/header guard; form; ajax; print/pdf; file handling/ref
branch/outpatient_clinicians.php	branch	outpatient_clinicians		outpatient clinicians	branch user		branch	clinician_hospitals,clinicians,clinics,companies_groups,country,specialized_clinics	<?php echo $pagename; ?>?id=<?php echo $id; ?>&clinics_id=<?php echo $clinics_id; ?>			no	yes	header.inc.php,outpatient_clinicians.php,index.php,footer.inc.php	yes	review	outbound-linked	unknown	session/header guard; form; ajax; print/pdf
branch/outpatient_clinicians1.php	branch	outpatient_clinicians1		outpatient clinicians1	branch user		branch	clinician_hospitals,clinicians,clinics,companies_groups,country,specialized_clinics	<?php echo $pagename; ?>			no	yes	header.inc.php,outpatient_clinicians.php,index.php,footer.inc.php	yes	review	outbound-linked	unknown	session/header guard; form; ajax; print/pdf
branch/outpatient_clinics.php	branch	outpatient_clinics		outpatient clinics	branch user		branch	functin,if,outpatient_clinics	<?php echo $pagename; ?>	create,update,delete		no	yes	header.inc.php,outpatient_clinics.php,footer.inc.php	yes	no	outbound-linked	unknown	session/header guard; form; ajax; print/pdf
branch/outpatient_clinics_details.php	branch	outpatient_clinics_details		outpatient clinics details	branch user			outpatient_clinics,outpatient_clinics_details,outpatient_clinics_sections				no	yes	header.inc.php,outpatient_clinics_sections.php,footer.inc.php	yes	no	outbound-linked	unknown	session/header guard; ajax; print/pdf
branch/outpatient_clinics_duty_time.php	branch	outpatient_clinics_duty_time		outpatient clinics duty time	branch user		branch	clinics,floors,functin,helper,if,outpatient_clinics_duty_time	<?php echo $pagename; ?>	create,update,delete,send	4	yes	yes	header.inc.php,outpatient_clinics_duty_time.php,city_grap.php,sendsoundajax.php,footer.inc.php	yes	no	outbound-linked	unknown	session/header guard; form; ajax; print/pdf; file handling/ref
branch/outpatient_clinics_sections.php	branch	outpatient_clinics_sections		outpatient clinics sections	branch user			clinician_hospitals,clinicians,clinics,floors,outpatient_clinics_duty_time,outpatient_clinics_sections,specialized_clinics				no	yes	header.inc.php,index.php,outpatient_clinicians.php,outpatient_clinics_details.php,support_services_details.php,footer.inc.php	yes	no	outbound-linked	unknown	session/header guard; ajax; print/pdf
branch/outpatient_clinics_sections1.php	branch	outpatient_clinics_sections1		outpatient clinics sections1	branch user			clinician_hospitals,clinicians,clinics,floors,outpatient_clinics_duty_time,outpatient_clinics_sections,specialized_clinics				no	yes	header.inc.php,index.php,outpatient_clinicians.php,outpatient_clinics_details.php,support_services_details.php,footer.inc.php	yes	no	outbound-linked	unknown	session/header guard; ajax; print/pdf
branch/outpatient_clinics_sections_edit.php	branch	outpatient_clinics_sections_edit		outpatient clinics sections edit	branch user		branch	complaints,functin,if,outpatient_clinics,outpatient_clinics_sections,specialized_clinics	<?php echo $pagename; ?>	create,update,delete,send	4	no	yes	header.inc.php,outpatient_clinics_sections_edit.php,sendsoundajax.php,footer.inc.php	yes	no	outbound-linked	unknown	session/header guard; form; ajax; print/pdf
branch/p.php	branch	p		p	branch user							no	no		no	review	unresolved	unknown	
branch/p_pdf.php	branch	p_pdf		p pdf	branch user		branch	branches,briefing,briefing_view,ra_users		send	0,1,2,3,4	no	yes	header.inc.php,footer.inc.php	yes	no	outbound-linked	unknown	session/header guard; ajax; print/pdf
branch/packages_details.php	branch	packages_details		packages details	branch user			codes_sections,hospitalization_packages,insurance_companies,laboratory_packages,natural_therapy_packages,pharmacy_packages,rays_packages,specialized_clinics,surgeries_packages				no	yes	header.inc.php,insurance_companies.php,codes_section.php,footer.inc.php	yes	no	outbound-linked	unknown	session/header guard; ajax; print/pdf
branch/patient_complaints.php	branch	patient_complaints		patient complaints	branch user		branch	branches,country,functin,if	<?php echo $pagename; ?>	create,update,delete		no	yes	header.inc.php,adm_reg_branch.php,footer.inc.php	yes	no	outbound-linked	unknown	session/header guard; form; ajax; print/pdf
branch/paymentGuarantee.php	branch	paymentGuarantee	إتفاقية تقديم خدمات طبية	paymentGuarantee	branch user		company,branch	alhammadi,and,any,certificate_upload,companies_groups,functin,html,idtype,if,payment_guarantee,payment_guarantee_attachments,payment_guarantee_pdfbase64,presenting,ra_users,relatives,signatuers,sms_archive,sms_sender_name	<?php echo $pagename; ?>,./complaints.php	create,update,delete,approve,send,reply	1,2,0,4	yes	yes	header.inc.php,autoload.php,sms_class.php,Shortener.class.php,medical_services_agreement_manual.php,footer.inc.php,paymentGuarantee.php,sendsoundajax.php,guaranteeAgreemenPrint.php,barcode.php,guaranteeAgreement.php,SL.php,payment_guarantee_arabic.php,payment_guarantee_english.php,complaints.php,emdha_pdf.php,payment_guarantee_pdf.php,paymentGuarantee_timeline.php	yes	no	outbound-linked	unknown	session/header guard; form; ajax; print/pdf; file handling/ref
branch/paymentGuaranteeY.php	branch	paymentGuaranteeY	إتفاقية تقديم خدمات طبية	paymentGuaranteeY	branch user		company,branch	alhammadi,and,any,certificate_upload,companies_groups,functin,html,idtype,if,payment_guarantee,payment_guarantee_attachments,payment_guarantee_pdfbase64,presenting,ra_users,relatives,signatuers,sms_archive,sms_sender_name	<?php echo $pagename; ?>,./complaints.php	create,update,delete,approve,send,reply	1,2,0,4	yes	yes	header.inc.php,autoload.php,sms_class.php,Shortener.class.php,yakeen_v1.class.php,medical_services_agreement.php,footer.inc.php,paymentGuaranteeY.php,sendsoundajax.php,guaranteeAgreemenPrint.php,barcode.php,guaranteeAgreement.php,SL.php,payment_guarantee_arabic_yakeen.php,payment_guarantee_english_yakeen.php,complaints.php,emdha_pdf.php,payment_guarantee_pdf.php,paymentGuarantee_timeline.php	yes	no	outbound-linked	unknown	session/header guard; form; ajax; print/pdf; file handling/ref
branch/paymentGuaranteeYakeen.php	branch	paymentGuaranteeYakeen	إتفاقية تقديم خدمات طبية	paymentGuaranteeYakeen	branch user		company,branch	alhammadi,any,bottom,branches,certificate_upload,companies_groups,data,functin,html,if,payment_guarantee,payment_guarantee_attachments,payment_guarantee_pdfbase64,presenting,ra_users,relative_relation,relatives,signatuers,sms_archive,sms_sender_name	<?php echo $pagename; ?>,./complaints.php	create,update,delete,approve,send,reply	1,2,0,4	yes	yes	header.inc.php,sms_class.php,Shortener.class.php,paymentGuarantee.php,sendsoundajax.php,guaranteeAgreemenPrint.php,tcpdf_include.php,tcpdf_config_alt.php,tcpdf.php,guaranteeAgreement.php,SL.php,payment_guarantee_arabic_yakeen.php,payment_guarantee_english_yakeen.php,complaints.php,emdha_pdf.php,payment_guarantee_pdf.php,paymentGuarantee_timeline.php,footer.inc.php	yes	no	outbound-linked	unknown	session/header guard; form; ajax; print/pdf; file handling/ref
branch/paymentGuarantee_timeline.php	branch	paymentGuarantee_timeline		paymentGuarantee timeline	branch user		branch	payment_guarantee,ra_users		approve		yes	no	header.inc.php,sms_class.php,birth_notification.php,footer.inc.php	yes	no	outbound-linked	unknown	session/header guard; ajax; file handling/ref
branch/payment_guarantee.php	branch	payment_guarantee	إتفاقية تقديم خدمات طبية	payment guarantee	branch user		branch	certificate_upload,functin,if,payment_guarantee,payment_guarantee_attachments,ra_users	<?php echo $pagename; ?>,<?php echo 	create,update,delete,send,reply	4	yes	yes	header.inc.php,payment_guarantee.php,sendsoundajax.php,payment_guarantee_arabic.php,payment_guarantee_english.php,payment_guarantee_pdf.php,footer.inc.php	yes	no	outbound-linked	unknown	session/header guard; form; ajax; print/pdf; file handling/ref
branch/payment_guarantee_arabic.php	branch	payment_guarantee_arabic		payment guarantee arabic	branch user			country_yakeen,relatives,rep1_payment_due_action,rep1_payment_due_reason,rep1_payment_type		approve		no	no	hr_session.php,config.php,functions.php,validationForm.php,multiLanguage.php,user.php,paginator.class.php,permissions.link.php,common.php,MyQuery.php,payment_guarantee_arabic.php,payment_guarantee_hijri.php,payment_guarantee_gregorian.php	yes	review	outbound-linked	unknown	ajax
branch/payment_guarantee_arabic_get_contractor_yakeen.php	branch	payment_guarantee_arabic_get_contractor_yakeen		payment guarantee arabic get contractor yakeen	branch user			country_yakeen,relatives				no	yes	hr_session.php,config.php,yakeen_v1.class.php,umalquraCal.class.php,payment_guarantee_arabic_get_contractor_yakeen.php	yes	review	outbound-linked	unknown	ajax; print/pdf
branch/payment_guarantee_arabic_get_patient_onbehaf_yakeen.php	branch	payment_guarantee_arabic_get_patient_onbehaf_yakeen		payment guarantee arabic get patient onbehaf yakeen	branch user			country_yakeen				no	yes	hr_session.php,config.php,yakeen_v1.class.php,umalquraCal.class.php	yes	review	outbound-linked	unknown	ajax; print/pdf
branch/payment_guarantee_arabic_get_yakeen.php	branch	payment_guarantee_arabic_get_yakeen		payment guarantee arabic get yakeen	branch user			country_yakeen				no	yes	hr_session.php,config.php,yakeen_v1.class.php,umalquraCal.class.php,payment_guarantee_arabic_get_yakeen.php	yes	review	outbound-linked	unknown	ajax; print/pdf
branch/payment_guarantee_arabic_on_behalf_contractor_yakeen_step2.php	branch	payment_guarantee_arabic_on_behalf_contractor_yakeen_step2		payment guarantee arabic on behalf contractor yakeen step2	branch user			country_yakeen				no	no	hr_session.php,config.php,functions.php,validationForm.php,multiLanguage.php,user.php,paginator.class.php,permissions.link.php,common.php,MyQuery.php,umalquraCal.class.php,payment_guarantee_arabic_get_contractor_yakeen.php	yes	review	outbound-linked	unknown	ajax
branch/payment_guarantee_arabic_on_behalf_patient_yakeen_step2.php	branch	payment_guarantee_arabic_on_behalf_patient_yakeen_step2		payment guarantee arabic on behalf patient yakeen step2	branch user			country_yakeen				no	no	hr_session.php,config.php,functions.php,validationForm.php,multiLanguage.php,user.php,paginator.class.php,permissions.link.php,common.php,MyQuery.php,umalquraCal.class.php,payment_guarantee_arabic_get_patient_onbehaf_yakeen.php	yes	review	outbound-linked	unknown	ajax
branch/payment_guarantee_arabic_patient_onbehaf_yakeen_step2.php	branch	payment_guarantee_arabic_patient_onbehaf_yakeen_step2		payment guarantee arabic patient onbehaf yakeen step2	branch user			countries,country_yakeen				no	no	hr_session.php,config.php,functions.php,validationForm.php,multiLanguage.php,user.php,paginator.class.php,permissions.link.php,common.php,MyQuery.php,umalquraCal.class.php,payment_guarantee_arabic_get_patient_onbehaf_yakeen.php	yes	review	outbound-linked	unknown	ajax
branch/payment_guarantee_arabic_yakeen.php	branch	payment_guarantee_arabic_yakeen		payment guarantee arabic yakeen	branch user			rep1_payment_due_action,rep1_payment_due_reason,rep1_payment_type		approve		no	no	hr_session.php,config.php,functions.php,validationForm.php,multiLanguage.php,user.php,paginator.class.php,permissions.link.php,common.php,MyQuery.php,payment_guarantee_arabic_yakeen.php,payment_guarantee_arabic_yakeen_step2.php,payment_guarantee_arabic_patient_onbehaf_yakeen_step2.php,payment_guarantee_arabic_on_behalf_contractor_yakeen_step2.php	yes	review	outbound-linked	unknown	ajax
branch/payment_guarantee_arabic_yakeen_step2.php	branch	payment_guarantee_arabic_yakeen_step2		payment guarantee arabic yakeen step2	branch user			country_yakeen				no	no	hr_session.php,config.php,functions.php,validationForm.php,multiLanguage.php,user.php,paginator.class.php,permissions.link.php,common.php,MyQuery.php,umalquraCal.class.php,payment_guarantee_arabic_get_yakeen.php	yes	review	outbound-linked	unknown	ajax
branch/payment_guarantee_english.php	branch	payment_guarantee_english		payment guarantee english	branch user			country_yakeen,relatives				no	no	hr_session.php,config.php,functions.php,validationForm.php,multiLanguage.php,user.php,paginator.class.php,permissions.link.php,common.php,MyQuery.php,payment_guarantee_english.php,payment_guarantee_hijri.php,payment_guarantee_gregorian.php	yes	review	outbound-linked	unknown	ajax
branch/payment_guarantee_english_get_contractor_yakeen.php	branch	payment_guarantee_english_get_contractor_yakeen		payment guarantee english get contractor yakeen	branch user			country_yakeen,relatives				no	yes	hr_session.php,config.php,yakeen_v1.class.php,payment_guarantee_arabic_get_yakeen.php	yes	review	outbound-linked	unknown	ajax; print/pdf
branch/payment_guarantee_english_get_patient_onbehaf_yakeen.php	branch	payment_guarantee_english_get_patient_onbehaf_yakeen		payment guarantee english get patient onbehaf yakeen	branch user			country_yakeen				no	yes	hr_session.php,config.php,yakeen_v1.class.php,umalquraCal.class.php	yes	review	outbound-linked	unknown	ajax; print/pdf
branch/payment_guarantee_english_get_yakeen.php	branch	payment_guarantee_english_get_yakeen		payment guarantee english get yakeen	branch user			country_yakeen				no	yes	hr_session.php,config.php,yakeen_v1.class.php,umalquraCal.class.php,payment_guarantee_arabic_get_yakeen.php	yes	review	outbound-linked	unknown	ajax; print/pdf
branch/payment_guarantee_english_on_behalf_contractor_yakeen_step2.php	branch	payment_guarantee_english_on_behalf_contractor_yakeen_step2		payment guarantee english on behalf contractor yakeen step2	branch user			country_yakeen				no	no	hr_session.php,config.php,functions.php,validationForm.php,multiLanguage.php,user.php,paginator.class.php,permissions.link.php,common.php,MyQuery.php,umalquraCal.class.php,payment_guarantee_english_get_contractor_yakeen.php	yes	review	outbound-linked	unknown	ajax
branch/payment_guarantee_english_patient_onbehaf_yakeen_step2.php	branch	payment_guarantee_english_patient_onbehaf_yakeen_step2		payment guarantee english patient onbehaf yakeen step2	branch user			countries,country_yakeen				no	no	hr_session.php,config.php,functions.php,validationForm.php,multiLanguage.php,user.php,paginator.class.php,permissions.link.php,common.php,MyQuery.php,umalquraCal.class.php,payment_guarantee_english_get_patient_onbehaf_yakeen.php	yes	review	outbound-linked	unknown	ajax
branch/payment_guarantee_english_yakeen.php	branch	payment_guarantee_english_yakeen		payment guarantee english yakeen	branch user			rep1_payment_due_action,rep1_payment_due_reason,rep1_payment_type		approve		no	no	hr_session.php,config.php,functions.php,validationForm.php,multiLanguage.php,user.php,paginator.class.php,permissions.link.php,common.php,MyQuery.php,payment_guarantee_english_yakeen.php,payment_guarantee_english_yakeen_step2.php,payment_guarantee_english_patient_onbehaf_yakeen_step2.php,payment_guarantee_english_on_behalf_contractor_yakeen_step2.php	yes	review	outbound-linked	unknown	ajax
branch/payment_guarantee_english_yakeen_step2.php	branch	payment_guarantee_english_yakeen_step2		payment guarantee english yakeen step2	branch user			country_yakeen				no	no	hr_session.php,config.php,functions.php,validationForm.php,multiLanguage.php,user.php,paginator.class.php,permissions.link.php,common.php,MyQuery.php,umalquraCal.class.php,payment_guarantee_english_get_yakeen.php	yes	review	outbound-linked	unknown	ajax
branch/payment_guarantee_gregorian.php	branch	payment_guarantee_gregorian		payment guarantee gregorian	branch user							no	no		no	review	unresolved	unknown	
branch/payment_guarantee_gregorian_english_yakeen.php	branch	payment_guarantee_gregorian_english_yakeen		payment guarantee gregorian english yakeen	branch user							no	no	payment_guarantee_english_get_yakeen.php,payment_guarantee_arabic_get_yakeen.php	no	review	outbound-linked	unknown	
branch/payment_guarantee_gregorian_yakeen.php	branch	payment_guarantee_gregorian_yakeen		payment guarantee gregorian yakeen	branch user							no	no	payment_guarantee_arabic_get_yakeen.php	no	review	outbound-linked	unknown	
branch/payment_guarantee_hijri.php	branch	payment_guarantee_hijri		payment guarantee hijri	branch user							no	no	umalquraCal.class.php	no	review	outbound-linked	unknown	
branch/payment_guarantee_hijri_english_yakeen.php	branch	payment_guarantee_hijri_english_yakeen		payment guarantee hijri english yakeen	branch user							no	no	umalquraCal.class.php,payment_guarantee_english_get_yakeen.php	no	review	outbound-linked	unknown	
branch/payment_guarantee_hijri_yakeen.php	branch	payment_guarantee_hijri_yakeen		payment guarantee hijri yakeen	branch user							no	no	umalquraCal.class.php,payment_guarantee_arabic_get_yakeen.php	no	review	outbound-linked	unknown	
branch/payment_guarantee_pdf.php	branch	payment_guarantee_pdf		payment guarantee pdf	branch user		company,branch	alhammadi,any,bottom,branches,companies_groups,data,html,payment_guarantee,presenting,ra_users,relative_relation,signatuers,this		update,approve,reply		yes	yes	hr_session.php,config.php,functions.php,multiLanguage.php,common.php,MyQuery.php,login.php,logout.php,index.php,complaints_pdf.php,tcpdf_include.php,tcpdf_config_alt.php,tcpdf.php,paymentGuarantee.php	yes	no	outbound-linked	unknown	session/header guard; ajax; print/pdf; file handling/ref
branch/permission_pdf.php	branch	permission_pdf		permission pdf	branch user		branch	bottom,branches,holydays_type,html,permission_request,ra_users		update,reply		yes	yes	hr_session.php,config.php,functions.php,multiLanguage.php,common.php,MyQuery.php,login.php,logout.php,index.php,complaints_pdf.php,tcpdf_include.php,tcpdf_config_alt.php,tcpdf.php	yes	no	outbound-linked	unknown	session/header guard; ajax; print/pdf; file handling/ref
branch/permission_request.php	branch	permission_request		permission request	branch user		branch	city,functin,if,permission_request	<?php echo $pagename; ?>	create,update,delete,approve,send,reply	4,2	no	yes	header.inc.php,permission_request.php,sendsoundajax.php,permission_pdf.php,footer.inc.php	yes	no	outbound-linked	unknown	session/header guard; form; ajax; print/pdf
branch/permissions.php	branch	permissions		permissions	branch user		branch	functin,if,permission_branch_reply,permission_request,ra_users	<?php echo $pagename; ?>	create,update,delete,approve,send,reply	4	no	yes	header.inc.php,permissions.php,sendsoundajax.php,footer.inc.php	yes	no	menu	unknown	session/header guard; form; ajax; print/pdf
branch/promissory_print.php	branch	promissory_print		promissory print	branch user		branch	payment_guarantee,promissory				no	yes	hr_session.php,config.php,functions.php,multiLanguage.php,common.php,MyQuery.php,login.php,index.php	yes	review	outbound-linked	unknown	ajax; print/pdf
branch/psychiatrist_need.php	branch	psychiatrist_need		psychiatrist need	branch user							no	no		no	review	unresolved	unknown	
branch/psychosocial_assessment.php	branch	psychosocial_assessment		psychosocial assessment	branch user		branch	psychosocial_assessment,room_type	psychosocial_assessment.php	create,approve,send	4	no	no	header.inc.php,psychosocial_assessment.php,psychosocial_assessment_all.php,psychiatrist_need.php,empty.php,sendsoundajax.php,social_intervention.php,footer.inc.php	yes	no	outbound-linked	unknown	session/header guard; form; ajax
branch/psychosocial_assessment_all.php	branch	psychosocial_assessment_all	Psychosocial Assessment	psychosocial assessment all	branch user		branch	emp_vacations,functin,if,room_type	<?php echo $pagename; ?>	create,update,delete,send,reply	4	no	yes	header.inc.php,psychosocial_assessment_all.php,sendsoundajax.php,psychosocial_assessment.php,psychosocial_assessment_pdf.php,footer.inc.php	yes	no	outbound-linked	unknown	session/header guard; form; ajax; print/pdf
branch/psychosocial_assessment_pdf.php	branch	psychosocial_assessment_pdf		psychosocial assessment pdf	branch user		company,branch	bottom,branches,companies_groups,html,psychosocial_assessment,ra_users,room_type		update,approve,reply		yes	yes	hr_session.php,config.php,functions.php,multiLanguage.php,common.php,MyQuery.php,login.php,logout.php,index.php,complaints_pdf.php,psychosocial_pdf.php,tcpdf_include.php,tcpdf_config_alt.php,tcpdf.php	yes	review	outbound-linked	unknown	ajax; print/pdf; file handling/ref
branch/psychosocial_pdf.php	branch	psychosocial_pdf		psychosocial pdf	branch user		company,branch	bottom,branches,companies_groups,html,psychosocial_assessment,ra_users,room_type		update,approve,reply		yes	yes	hr_session.php,config.php,functions.php,multiLanguage.php,common.php,MyQuery.php,index.php,complaints_pdf.php,psychosocial_pdf.php,tcpdf_include.php,tcpdf_config_alt.php,tcpdf.php	yes	review	outbound-linked	unknown	ajax; print/pdf; file handling/ref
branch/pulse_pdf.php	branch	pulse_pdf		pulse pdf	branch user		company	companies_groups,html,incident_report_form_doctors,pulse,ra_users				yes	yes	autoload.php,hr_session.php,config.php,functions.php,multiLanguage.php,common.php,MyQuery.php,index.php,complaints_pdf.php,escape_report_form_pdf.php,barcode.php	yes	no	outbound-linked	unknown	session/header guard; ajax; print/pdf; file handling/ref
branch/r_lawsuit.php	branch	r_lawsuit	HH	r lawsuit	branch user			lawsuit	./r_lawsuit.php			no	yes	hr_session.php,config.php,functions.php,validationForm.php,multiLanguage.php,user.php,paginator.class.php,permissions.link.php,common.php,MyQuery.php,clientContract.php,clientVacations.php,sms_class.php,Shortener.class.php,OpensslEncryptDecrypt.php,r_lawsuit.php,reportss_pdf.php,footer.inc.php	no	review	outbound-linked	unknown	form; print/pdf
branch/rbirthchild_form_reporting_person.php	branch	rbirthchild_form_reporting_person		rbirthchild form reporting person	branch user			relative_relation,rep2_amont_due_reasons				no	no	hr_session.php,config.php,functions.php,validationForm.php,multiLanguage.php,user.php,paginator.class.php,permissions.link.php,common.php,MyQuery.php	yes	review	outbound-linked	unknown	ajax
branch/receive_unidentified_case.php	branch	receive_unidentified_case		receive unidentified case	branch user		branch	death_reason,emergency_unidentified_case_side,functin,gender,if,ra_users,receipt_case_via,receive_unidentified_case,room_type	./complaints.php,<?php echo $pagename; ?>	create,update,delete,send,reply	4	no	yes	header.inc.php,receive_unidentified_case.php,sendsoundajax.php,complaints.php,receive_unidentified_case_pdf.php,footer.inc.php	yes	no	outbound-linked	unknown	session/header guard; form; ajax; print/pdf
branch/receive_unidentified_case_pdf.php	branch	receive_unidentified_case_pdf		receive unidentified case pdf	branch user		company,branch	booking_period,branches,companies_groups,death_reason,emergency_unidentified_case_side,forms_contacts,gender,html,ra_users,receipt_case_via,receive_unidentified_case,room_type		reply		yes	yes	autoload.php,hr_session.php,config.php,functions.php,multiLanguage.php,common.php,MyQuery.php,index.php,complaints_pdf.php,receive_unidentified_case_pdf.php,barcode.php	yes	no	outbound-linked	unknown	session/header guard; ajax; print/pdf; file handling/ref
branch/receive_unidentified_case_tcpdf.php	branch	receive_unidentified_case_tcpdf		receive unidentified case tcpdf	branch user		company,branch	booking_period,bottom,branches,companies_groups,data,death_reason,emergency_unidentified_case_side,forms_contacts,gender,html,ra_users,receipt_case_via,receive_unidentified_case,room_type		update,reply		yes	yes	hr_session.php,config.php,functions.php,multiLanguage.php,common.php,MyQuery.php,login.php,logout.php,index.php,complaints_pdf.php,receive_unidentified_case_pdf.php,tcpdf_include.php,tcpdf_config_alt.php,tcpdf.php	yes	no	outbound-linked	unknown	session/header guard; ajax; print/pdf; file handling/ref
branch/received_transferal.php	branch	received_transferal	إستقبال مريض	received transferal	branch user		branch	companies_groups,department_sender_email,functin,if,rep1_payment_type,room_type,specialization,transferal,transferal_approval,transferal_confirm,transferal_reason,transferal_receive_confirmation,transferal_refused	<?php echo $pagename; ?>	create,update,delete,approve,send,reply	4	yes	yes	header.inc.php,received_transferal.php,OpensslEncryptDecrypt.php,outlookPhpMailer.class.php,index.php,sendsoundajax.php,transferal_refused_pdf.php,footer.inc.php,transferal_pdf.php,transferal_timeline.php	yes	no	outbound-linked	unknown	session/header guard; form; ajax; print/pdf; file handling/ref
branch/receivingTheCorpse.php	branch	receivingTheCorpse	ALHAMMADI	receivingTheCorpse	branch user		company,branch	branches,companies_groups,countries,death_reason,nationality,output,payment_guarantee,ra_users,receiving_the_corpse,relatives,sms_archive	receivingTheCorpse.php?t=<?php echo $_GET[	create,update,approve,send,reply	1	yes	yes	hr_session.php,config.php,functions.php,validationForm.php,multiLanguage.php,user.php,paginator.class.php,permissions.link.php,common.php,MyQuery.php,clientContract.php,clientVacations.php,sms_class.php,receivingTheCorpse.php,utility_receiving_the_corpse_en.php,utility_receiving_the_corpse.php,receiving_the_corpsePrint.php,umalquraCal.class.php,guaranteeAgreement_result.php	yes	no	outbound-linked	unknown	session/header guard; form; ajax; print/pdf; file handling/ref
branch/receiving_the_corpse.php	branch	receiving_the_corpse	إقرار إستلام الجثمان و تصريح دفن	receiving the corpse	branch user		company,branch	branches,certificate_upload,companies_groups,countries,death_reason,functin,html,if,nationality,ra_users,receiving_the_corpse,receiving_the_corpse_attachments,relatives,room_type,sms_archive,sms_sender_name	./complaints.php,<?php echo $pagename; ?>,<?php echo 	create,update,delete,approve,send,reply	0,4,1	yes	yes	header.inc.php,autoload.php,sms_class.php,Shortener.class.php,yakeen_v1.class.php,receiving_the_corpse.php,sendsoundajax.php,receiving_the_corpsePrint.php,barcode.php,receivingTheCorpse.php,SL.php,paymentGuarantee.php,complaints.php,receiving_the_corpse_data.php,receiving_the_corpse_view.php,footer.inc.php	yes	no	outbound-linked	unknown	session/header guard; form; ajax; print/pdf; file handling/ref
branch/receiving_the_corpsePrint.php	branch	receiving_the_corpsePrint		receiving the corpsePrint	branch user			payment_guarantee,receiving_the_corpse				yes	yes	hr_session.php,config.php,index.php	yes	review	outbound-linked	unknown	ajax; print/pdf; file handling/ref
branch/receiving_the_corpse_data.php	branch	receiving_the_corpse_data		receiving the corpse data	branch user			countries,death_reason,relatives				no	no	hr_session.php,config.php,functions.php,validationForm.php,multiLanguage.php,user.php,paginator.class.php,permissions.link.php,common.php,MyQuery.php,payment_guarantee_hijri.php,payment_guarantee_gregorian.php	yes	review	outbound-linked	unknown	ajax
branch/receiving_the_corpse_pdf.php	branch	receiving_the_corpse_pdf		receiving the corpse pdf	branch user		company,branch	bottom,branches,companies_groups,data,death_reason,html,nationality,ra_users,receiving_the_corpse,room_type		update,reply		yes	yes	hr_session.php,config.php,functions.php,multiLanguage.php,common.php,MyQuery.php,login.php,logout.php,index.php,complaints_pdf.php,receiving_the_corpse_pdf.php,tcpdf_include.php,tcpdf_config_alt.php,tcpdf.php	yes	no	outbound-linked	unknown	session/header guard; ajax; print/pdf; file handling/ref
branch/receiving_the_corpse_view.php	branch	receiving_the_corpse_view		receiving the corpse view	branch user		branch	ra_users,receiving_the_corpse		approve		no	yes	header.inc.php,index.php,complaints_pdf.php,footer.inc.php	yes	no	outbound-linked	unknown	session/header guard; ajax; print/pdf
branch/red_crescent.php	branch	red_crescent	إشعار إعتذار الهلال الاحمر	red crescent	branch user		branch	booking_period,companies_groups,department_sender_email,ehala_case_apology_type,functin,if,ra_users,red_crescent,room_type	./complaints.php,<?php echo $pagename; ?>	create,update,delete,send,reply	4	yes	yes	header.inc.php,sms_class.php,OpensslEncryptDecrypt.php,autoload.php,red_crescent.php,red_crescent_pdf.php,footer.inc.php,sendsoundajax.php,complaints.php	yes	no	outbound-linked	unknown	session/header guard; form; ajax; print/pdf; file handling/ref
branch/red_crescent_pdf.php	branch	red_crescent_pdf		red crescent pdf	branch user		company,branch	booking_period,companies_groups,ehala_case_apology_type,forms_contacts,html,ra_users,red_crescent,room_type		reply		no	yes	autoload.php,hr_session.php,config.php,functions.php,multiLanguage.php,common.php,MyQuery.php,login.php,logout.php,index.php,complaints_pdf.php,red_crescent_pdf.php,barcode.php	yes	no	outbound-linked	unknown	session/header guard; ajax; print/pdf
branch/relatives.php	branch	relatives		relatives	branch user		branch	functin,if,receiving_the_corpse,relatives	<?php echo $pagename; ?>	create,update,delete,send	4	no	no	header.inc.php,relatives.php,sendsoundajax.php,footer.inc.php	yes	no	outbound-linked	unknown	session/header guard; form; ajax
branch/rep10_maintenance_type_grap.php	branch	rep10_maintenance_type_grap		rep10 maintenance type grap	branch user			rep10_maintenance_type				no	no	hr_session.php,config.php,functions.php,validationForm.php,multiLanguage.php,user.php,paginator.class.php,permissions.link.php,common.php,MyQuery.php	yes	review	outbound-linked	unknown	ajax
branch/rep10_support_service.php	branch	rep10_support_service		rep10 support service	branch user			helper,maintenance_request_type,rep10_maintenance_departments		delete		no	no	hr_session.php,config.php,functions.php,validationForm.php,multiLanguage.php,user.php,paginator.class.php,permissions.link.php,common.php,MyQuery.php,maintenance_type_grap.php	yes	review	outbound-linked	unknown	ajax
branch/rep12_main_section_grap.php	branch	rep12_main_section_grap		rep12 main section grap	branch user			rep12_main_section				no	no	hr_session.php,config.php,functions.php,validationForm.php,multiLanguage.php,user.php,common.php	yes	no	outbound-linked	unknown	session/header guard; ajax
branch/rep12_sub_section_client_grap.php	branch	rep12_sub_section_client_grap		rep12 sub section client grap	branch user			rep12_subsection				no	no	hr_session.php,config.php,multiLanguage.php,common.php	yes	no	outbound-linked	unknown	session/header guard; ajax
branch/rep12_sub_section_employee_grap.php	branch	rep12_sub_section_employee_grap		rep12 sub section employee grap	branch user		branch	comlaints_employees_emails,rep12_subsection				no	no	hr_session.php,config.php,common.php	yes	no	outbound-linked	unknown	session/header guard; ajax
branch/rep12_sub_section_grap.php	branch	rep12_sub_section_grap		rep12 sub section grap	branch user			rep12_subsection				no	no	hr_session.php,config.php	yes	no	outbound-linked	unknown	session/header guard; ajax
branch/rep12_subsection_grap.php	branch	rep12_subsection_grap		rep12 subsection grap	branch user			database,rep12_subsection				no	no	hr_session.php,config.php,functions.php,multiLanguage.php,common.php,MyQuery.php	yes	review	outbound-linked	unknown	ajax
branch/rep15_elevator.php	branch	rep15_elevator		rep15 elevator	branch user					delete		no	no		no	review	unresolved	unknown	
branch/rep15_maintenance_departments_sections_grap.php	branch	rep15_maintenance_departments_sections_grap		rep15 maintenance departments sections grap	branch user			rep15_maintenance_departments_sections				no	no	hr_session.php,config.php,functions.php,validationForm.php,multiLanguage.php,user.php,paginator.class.php,permissions.link.php,common.php,MyQuery.php	yes	review	outbound-linked	unknown	ajax
branch/rep1_amounts_due.php	branch	rep1_amounts_due		rep1 amounts due	branch user			rep1_payment_due_action,rep1_payment_due_reason,rep1_payment_type		delete,approve		no	no	hr_session.php,config.php,functions.php,validationForm.php,multiLanguage.php,user.php,paginator.class.php,permissions.link.php,common.php,MyQuery.php	yes	review	outbound-linked	unknown	ajax
branch/rep1_death_pending.php	branch	rep1_death_pending		rep1 death pending	branch user			rep1_death_pending_action,rep1_death_pending_reason		delete,approve		no	yes	hr_session.php,config.php,functions.php,validationForm.php,multiLanguage.php,user.php,paginator.class.php,permissions.link.php,common.php,MyQuery.php	yes	review	outbound-linked	unknown	ajax; print/pdf
branch/rep1_death_pending_action.php	branch	rep1_death_pending_action		rep1 death pending action	branch user		branch	country,functin,if	<?php echo $pagename; ?>	create,update,delete		no	yes	header.inc.php,rep1_death_pending_action.php,footer.inc.php	yes	no	menu	unknown	session/header guard; form; ajax; print/pdf
branch/rep1_more_than_two_hour.php	branch	rep1_more_than_two_hour		rep1 more than two hour	branch user			approving_bodies,rep1_suspension_reasons		delete,approve		no	no	hr_session.php,config.php,functions.php,validationForm.php,multiLanguage.php,user.php,paginator.class.php,permissions.link.php,common.php,MyQuery.php	yes	review	outbound-linked	unknown	ajax
branch/rep1_patients_signed.php	branch	rep1_patients_signed		rep1 patients signed	branch user			rep1_hospitalization_place,rep1_not_signed_commitment_reason		delete,approve		no	no	hr_session.php,config.php,functions.php,validationForm.php,multiLanguage.php,user.php,paginator.class.php,permissions.link.php,common.php,MyQuery.php	yes	review	outbound-linked	unknown	ajax
branch/rep1_support_service.php	branch	rep1_support_service		rep1 support service	branch user			maintenance_departments,maintenance_request_type		delete		no	no	hr_session.php,config.php,functions.php,validationForm.php,multiLanguage.php,user.php,paginator.class.php,permissions.link.php,common.php,MyQuery.php	yes	review	outbound-linked	unknown	ajax
branch/rep1_visual_screening_form.php	branch	rep1_visual_screening_form		rep1 visual screening form	branch user					delete,send		no	no		no	review	unresolved	unknown	
branch/rep2_ patient_ have_signed_order_bond_.php	branch	rep2_ patient_ have_signed_order_bond_		rep2  patient  have signed order bond 	branch user		branch	branches		delete		no	no	hr_session.php,config.php,functions.php,validationForm.php,multiLanguage.php,user.php,paginator.class.php,permissions.link.php,common.php,MyQuery.php	yes	review	outbound-linked	unknown	ajax
branch/rep2_amounts_due.php	branch	rep2_amounts_due		rep2 amounts due	branch user			rep2_amont_due_reasons,rep2_amount_due_action		delete		no	no	hr_session.php,config.php,functions.php,validationForm.php,multiLanguage.php,user.php,paginator.class.php,permissions.link.php,common.php,MyQuery.php	yes	review	outbound-linked	unknown	ajax
branch/rep2_no_pledge_to_pay.php	branch	rep2_no_pledge_to_pay		rep2 no pledge to pay	branch user		branch	branches,rep2_not_signing_pledge_to_pay_reasons		delete		no	yes	hr_session.php,config.php,functions.php,validationForm.php,multiLanguage.php,user.php,paginator.class.php,permissions.link.php,common.php,MyQuery.php	yes	review	outbound-linked	unknown	ajax; print/pdf
branch/rep2_patient_have_signed_order_bond.php	branch	rep2_patient_have_signed_order_bond		rep2 patient have signed order bond	branch user		branch	branches		delete		no	no	hr_session.php,config.php,functions.php,validationForm.php,multiLanguage.php,user.php,paginator.class.php,permissions.link.php,common.php,MyQuery.php	yes	review	outbound-linked	unknown	ajax
branch/rep2_previous_financial_claims_ paid.php	branch	rep2_previous_financial_claims_ paid		rep2 previous financial claims  paid	branch user		branch	branches		delete		no	no	hr_session.php,config.php,functions.php,validationForm.php,multiLanguage.php,user.php,paginator.class.php,permissions.link.php,common.php,MyQuery.php	yes	review	outbound-linked	unknown	ajax
branch/rep3_cases_filed_general_court.php	branch	rep3_cases_filed_general_court		rep3 cases filed general court	branch user		branch	companies_groups,rep3_payer_name_type,rep3_request_type		delete		no	no	hr_session.php,config.php,functions.php,validationForm.php,multiLanguage.php,user.php,paginator.class.php,permissions.link.php,common.php,MyQuery.php	yes	review	outbound-linked	unknown	ajax
branch/rep3_objection_court_direction.php	branch	rep3_objection_court_direction		rep3 objection court direction	branch user			rep3_objection_court_direction,rep3_orders_type		delete		yes	no	hr_session.php,config.php,functions.php,validationForm.php,multiLanguage.php,user.php,paginator.class.php,permissions.link.php,common.php,MyQuery.php	yes	review	menu	unknown	ajax; file handling/ref
branch/rep5_maintenance_type_grap.php	branch	rep5_maintenance_type_grap		rep5 maintenance type grap	branch user			database,rep5_maintenance_type				no	no	hr_session.php,config.php,functions.php,validationForm.php,multiLanguage.php,user.php,paginator.class.php,permissions.link.php,common.php,MyQuery.php	yes	review	outbound-linked	unknown	ajax
branch/rep5_support_service.php	branch	rep5_support_service		rep5 support service	branch user			maintenance_request_type,rep5_maintenance_departments		delete		no	no	hr_session.php,config.php,functions.php,validationForm.php,multiLanguage.php,user.php,paginator.class.php,permissions.link.php,common.php,MyQuery.php	yes	review	outbound-linked	unknown	ajax
branch/rep6_notice_grap.php	branch	rep6_notice_grap		rep6 notice grap	branch user			database,rep9_notice				no	no	hr_session.php,config.php,functions.php,validationForm.php,multiLanguage.php,user.php,paginator.class.php,permissions.link.php,common.php,MyQuery.php	yes	review	outbound-linked	unknown	ajax
branch/rep7_maintenance_type_grap.php	branch	rep7_maintenance_type_grap		rep7 maintenance type grap	branch user			database,rep7_maintenance_type				no	no	hr_session.php,config.php,functions.php,validationForm.php,multiLanguage.php,user.php,paginator.class.php,permissions.link.php,common.php,MyQuery.php	yes	review	outbound-linked	unknown	ajax
branch/rep7_support_service.php	branch	rep7_support_service		rep7 support service	branch user			maintenance_request_type,rep7_maintenance_departments		delete		no	no	hr_session.php,config.php,functions.php,validationForm.php,multiLanguage.php,user.php,paginator.class.php,permissions.link.php,common.php,MyQuery.php	yes	review	outbound-linked	unknown	ajax
branch/rep8_operation_cancel.php	branch	rep8_operation_cancel		rep8 operation cancel	branch user			rep1_payment_type,rep8_came_from,rep8_operation_cancel_reason,specialization		delete,approve		no	no	hr_session.php,config.php,functions.php,validationForm.php,multiLanguage.php,user.php,paginator.class.php,permissions.link.php,common.php,MyQuery.php	yes	review	outbound-linked	unknown	ajax
branch/rep8_send_sms.php	branch	rep8_send_sms		rep8 send sms	branch user			rep1_payment_due_action,rep1_payment_due_reason,rep1_payment_type		delete,approve		no	no	hr_session.php,config.php,functions.php,validationForm.php,multiLanguage.php,user.php,paginator.class.php,permissions.link.php,common.php,MyQuery.php	yes	review	outbound-linked	unknown	ajax
branch/rep9_action_grap.php	branch	rep9_action_grap		rep9 action grap	branch user			database,rep9_actions				no	no	hr_session.php,config.php,functions.php,validationForm.php,multiLanguage.php,user.php,paginator.class.php,permissions.link.php,common.php,MyQuery.php	yes	review	outbound-linked	unknown	ajax
branch/rep9_notice_grap.php	branch	rep9_notice_grap		rep9 notice grap	branch user			database,rep9_notice				no	no	hr_session.php,config.php,functions.php,validationForm.php,multiLanguage.php,user.php,paginator.class.php,permissions.link.php,common.php,MyQuery.php	yes	review	outbound-linked	unknown	ajax
branch/rep_1.php	branch	rep_1		rep 1	branch user		branch	ac_constraints,amounts_due_1,approving_bodies,branches,branches_departments,companies_groups,dead_body,death_pending_1,duty_period,emergency_pending_approvals_1,employees_attendance,more_than_two_hour_1,non_approval_ehala_1,notice_type,patients_signed_1,ra_users,rep1_death_pending_action,rep1_death_pending_reason,rep1_ehala_non_approval_reason,rep1_hospitalization_place,rep1_keeping_body_in_mortuary,rep1_more_than_two_hours_action,rep1_more_than_two_hours_reasons,rep1_not_signed_commitment_reason,rep1_payment_due_action,rep1_payment_due_reason,rep1_payment_type,rep1_suspension_reasons,report_1,report_1_patient,revenue_deficit_1,support_services_1,visual_screening_form_1	<?php echo $sectionPage;?>	approve,send	1,2	yes	yes	header.inc.php,rep_1.php,index.php,journal_entries.php,header_print.php,footer.inc.php	yes	no	menu	unknown	session/header guard; form; ajax; print/pdf; file handling/ref
branch/rep_10.php	branch	rep_10		rep 10	branch user		branch	ac_constraints,approval_status,approvals_service,approving_bodies,branches,branches_area,branches_service_type,companies_groups,duty_period,employees_attendance,maintenance_request_type,notice_type,pending_orders,ra_users,rep10_maintenance_departments,rep10_maintenance_type,rep10_orders_status,rep10_suspension_actions,rep1_hospitalization_place,rep1_suspension_reasons,report_1,report_10_approvals_status,report_10_patient,report_10_support_services	<?php echo $sectionPage;?>	approve	1,2	yes	yes	header.inc.php,rep_10.php,index.php,journal_entries.php,header_print.php,footer.inc.php	yes	no	menu	unknown	session/header guard; form; ajax; print/pdf; file handling/ref
branch/rep_10_Bk.php	branch	rep_10_Bk		rep 10 Bk	branch user		branch	ac_constraints,branches,branches_area,companies_groups,duty_period,employees_attendance,notice_type,pending_orders,ra_users,rep10_suspension_actions,rep1_suspension_reasons,report_1,report_10_patient	<?php echo $sectionPage;?>	approve	1,2	no	yes	header.inc.php,rep_10.php,index.php,journal_entries.php,header_print.php,footer.inc.php	yes	no	outbound-linked	unknown	session/header guard; form; ajax; print/pdf
branch/rep_11.php	branch	rep_11		rep 11	branch user		branch	ac_constraints,branches,branches_departments,branches_needs,companies_groups,duty_period,employees_attendance,notice_type,ra_users,report_11_needs,report_11_patient,report_5	<?php echo $sectionPage;?>	approve		no	yes	header.inc.php,rep_11.php,index.php,journal_entries.php,header_print.php,footer.inc.php	yes	no	menu	unknown	session/header guard; form; ajax; print/pdf
branch/rep_12.php	branch	rep_12		rep 12	branch user		branch	ac_constraints,branches,companies_groups,duty_period,ra_users,rep_12_complainant_action,rep_12_complainant_classification,rep_12_complainant_reason,rep_12_complainant_side,rep_12_complainant_sms_status,report_12,report_12_complainant,report_12_complainant_sms,report_12_complainant_suspended	<?php echo $sectionPage;?>	reply		no	yes	header.inc.php,rep_12.php,index.php,journal_entries.php,header_print.php,footer.inc.php	yes	no	menu	unknown	session/header guard; form; ajax; print/pdf
branch/rep_12_complainant_sms.php	branch	rep_12_complainant_sms		rep 12 complainant sms	branch user			rep_12_complainant_sms_reason,rep_12_complainant_sms_status		delete	1	no	no	hr_session.php,config.php,functions.php,validationForm.php,multiLanguage.php,user.php,paginator.class.php,permissions.link.php,common.php,MyQuery.php	yes	review	outbound-linked	unknown	ajax
branch/rep_15.php	branch	rep_15		rep 15	branch user		branch	ac_constraints,branches,branches_area,companies_groups,duty_period,ra_users,rep15_maintenance_departments,rep15_maintenance_departments_sections,report_1,report_15_elevator,report_15_support_services	<?php echo $sectionPage;?>	approve		yes	yes	header.inc.php,rep_15.php,index.php,journal_entries.php,header_print.php,footer.inc.php	yes	no	outbound-linked	unknown	session/header guard; form; ajax; print/pdf; file handling/ref
branch/rep_2.php	branch	rep_2		rep 2	branch user		branch	ac_constraints,action_taken,branches,branches_departments,companies_groups,duty_period,employees_attendance,ra_users,rep2_amont_due_reasons,rep2_amount_due_action,report_1,report_2_no_pledge_pay,report_2_owed_amount,report_2_patients_bond_signed,report_2_previous_paid,report_2_revenue_deficit	<?php echo $sectionPage;?>			yes	yes	header.inc.php,rep_2.php,index.php,journal_entries.php,header_print.php,footer.inc.php	yes	no	menu	unknown	session/header guard; form; ajax; print/pdf; file handling/ref
branch/rep_3.php	branch	rep_3		rep 3	branch user		branch	ac_constraints,branches,companies_groups,duty_period,employees_attendance,ra_users,rep3_objection_court_direction,rep3_orders_type,rep3_payer_name_type,rep3_request_type,report_1,report_2_patients_bond_signed,report_2_previous_paid,report_3_case_filed_government,report_3_pending_claims_report,report_3_report_cases_filed_general_court	<?php echo $sectionPage;?>			yes	yes	header.inc.php,rep_3.php,index.php,journal_entries.php,header_print.php,footer.inc.php	yes	no	menu	unknown	session/header guard; form; ajax; print/pdf; file handling/ref
branch/rep_4.php	branch	rep_4		rep 4	branch user		branch	ac_constraints,branches,branches_departments,companies_groups,notice_type,ra_users	<?php echo $sectionPage;?>			no	yes	header.inc.php,rep_4.php,index.php,journal_entries.php,header_print.php,footer.inc.php	yes	no	menu	unknown	session/header guard; form; ajax; print/pdf
branch/rep_5.php	branch	rep_5		rep 5	branch user		branch	ac_constraints,branches,branches_area,companies_groups,duty_period,employees_attendance,maintenance_request_type,notice_type,ra_users,rep10_maintenance_departments,rep10_maintenance_type,report_5,report_5_patient,revenue_deficit,support_services_5	<?php echo $sectionPage;?>	approve		yes	yes	header.inc.php,rep_5.php,index.php,journal_entries.php,header_print.php,footer.inc.php	yes	no	menu	unknown	session/header guard; form; ajax; print/pdf; file handling/ref
branch/rep_5Bk.php	branch	rep_5Bk		rep 5Bk	branch user		branch	ac_constraints,branches,companies_groups,employees_attendance,notice_type,ra_users,report_5_patient	<?php echo $sectionPage;?>			no	yes	header.inc.php,rep_5.php,index.php,journal_entries.php,header_print.php,footer.inc.php	yes	no	outbound-linked	unknown	session/header guard; form; ajax; print/pdf
branch/rep_6.php	branch	rep_6		rep 6	branch user		branch	ac_constraints,branches,companies_groups,duty_period,employees_attendance,notice_type,ra_users,report_6,report_6_patient	<?php echo $sectionPage;?>	approve	1,2	no	yes	header.inc.php,rep_6.php,index.php,journal_entries.php,header_print.php,footer.inc.php	yes	no	menu	unknown	session/header guard; form; ajax; print/pdf
branch/rep_7.php	branch	rep_7	- فرع	rep 7	branch user		branch	ac_constraints,branches,branches_area,companies_groups,duty_period,employees_attendance,ra_users,report_1,report_7_errors_describe,report_7_patient,report_7_reasons,report_7_type,suspending_medical_reports	<?php echo $sectionPage;?>			no	yes	header.inc.php,rep_7.php,index.php,journal_entries.php,header_print.php,footer.inc.php	yes	no	menu	unknown	session/header guard; form; ajax; print/pdf
branch/rep_8.php	branch	rep_8		rep 8	branch user		branch	ac_constraints,branches,companies_groups,employees_attendance,notice_type,ra_users,report_8_patient	<?php echo $sectionPage;?>			no	yes	header.inc.php,rep_8.php,index.php,journal_entries.php,header_print.php,footer.inc.php	yes	no	menu	unknown	session/header guard; form; ajax; print/pdf
branch/rep_9.php	branch	rep_9		rep 9	branch user		branch	ac_constraints,branches,branches_area,branches_departments,companies_groups,duty_period,employees_attendance,maintenance_request_type,ra_users,rep9_actions,rep9_notice,rep9_section,report_1,report_9_report,report_9_support_services,support_services,support_services_departments	<?php echo $sectionPage;?>	approve		yes	yes	header.inc.php,rep_9.php,index.php,journal_entries.php,header_print.php,footer.inc.php	yes	no	menu	unknown	session/header guard; form; ajax; print/pdf; file handling/ref
branch/rep_emp_10.php	branch	rep_emp_10	- فرع	rep emp 10	branch user		branch	ac_constraints,branches,branches_area,branches_service_type,companies_groups,duty_period,employees_attendance,maintenance_request_type,notice_type,pending_emp_10_orders,ra_users,rep10_maintenance_departments,rep10_maintenance_type,rep10_suspension_actions,rep1_suspension_reasons,report_1,report_emp_10_patient,report_emp_10_support_services	<?php echo $sectionPage;?>	approve	1,2	yes	yes	header.inc.php,rep_emp_10.php,index.php,journal_entries.php,header_print.php,footer.inc.php	yes	no	outbound-linked	unknown	session/header guard; form; ajax; print/pdf; file handling/ref
branch/rep_emp_10Bk.php	branch	rep_emp_10Bk		rep emp 10Bk	branch user		branch	ac_constraints,branches,companies_groups,duty_period,employees_attendance,notice_type,pending_orders,ra_users,rep10_suspension_actions,rep1_suspension_reasons,report_1,report_emp_10_patient	<?php echo $sectionPage;?>	approve	1,2	no	yes	header.inc.php,rep_emp_10.php,index.php,journal_entries.php,header_print.php,footer.inc.php	yes	no	outbound-linked	unknown	session/header guard; form; ajax; print/pdf
branch/rep_emp_5.php	branch	rep_emp_5		rep emp 5	branch user		branch	ac_constraints,branches,branches_area,companies_groups,duty_period,employees_attendance,maintenance_request_type,maintenance_type,notice_type,ra_users,rep5_canceling_transferring_reasons,rep5_maintenance_departments,report_5,report_emp_5_canceling_transferring_reasons,report_emp_5_support_services,revenue_deficit_emp_5	<?php echo $sectionPage;?>	approve		yes	yes	header.inc.php,rep_emp_5.php,index.php,journal_entries.php,header_print.php,footer.inc.php	yes	no	outbound-linked	unknown	session/header guard; form; ajax; print/pdf; file handling/ref
branch/rep_emp_5Bk.php	branch	rep_emp_5Bk		rep emp 5Bk	branch user		branch	ac_constraints,branches,companies_groups,duty_period,employees_attendance,notice_type,ra_users,report_5,report_emp_5_patient,revenue_deficit_emp_5	<?php echo $sectionPage;?>	approve		no	yes	header.inc.php,rep_emp_5.php,index.php,journal_entries.php,header_print.php,footer.inc.php	yes	no	outbound-linked	unknown	session/header guard; form; ajax; print/pdf
branch/rep_emp_6.php	branch	rep_emp_6		rep emp 6	branch user		branch	ac_constraints,branches,companies_groups,duty_period,maintenance_request_type,ra_users,rep5_maintenance_departments,rep5_maintenance_type,report_6,report_emp_6_support_services	<?php echo $sectionPage;?>	approve		yes	yes	header.inc.php,rep_emp_6.php,index.php,journal_entries.php,header_print.php,footer.inc.php	yes	no	outbound-linked	unknown	session/header guard; form; ajax; print/pdf; file handling/ref
branch/rep_emp_6Bk.php	branch	rep_emp_6Bk		rep emp 6Bk	branch user		branch	ac_constraints,branches,companies_groups,duty_period,employees_attendance,notice_type,ra_users,report_6,report_emp_6,report_emp_6_patient	<?php echo $sectionPage;?>	approve	1,2	no	yes	header.inc.php,rep_emp_6.php,index.php,journal_entries.php,header_print.php,footer.inc.php	yes	no	outbound-linked	unknown	session/header guard; form; ajax; print/pdf
branch/rep_emp_7.php	branch	rep_emp_7	- فرع	rep emp 7	branch user		branch	ac_constraints,branches,branches_area,companies_groups,duty_period,employees_attendance,ra_users,report_1,report_7_patient,report_7_reasons,report_7_type,suspending_medical_reports	<?php echo $sectionPage;?>			no	yes	header.inc.php,rep_emp_7.php,index.php,journal_entries.php,header_print.php,footer.inc.php	yes	no	outbound-linked	unknown	session/header guard; form; ajax; print/pdf
branch/rep_emp_9.php	branch	rep_emp_9		rep emp 9	branch user		branch	ac_constraints,branches,branches_area,branches_departments,companies_groups,duty_period,employees_attendance,maintenance_request_type,ra_users,rep9_actions,rep9_notice,rep9_section,report_1,report_emp_9_report,report_emp_9_support_services,support_services,support_services_departments	<?php echo $sectionPage;?>	approve		yes	yes	header.inc.php,rep_emp_9.php,index.php,journal_entries.php,header_print.php,footer.inc.php	yes	no	outbound-linked	unknown	session/header guard; form; ajax; print/pdf; file handling/ref
branch/report_1.php	branch	report_1		report 1	branch user		branch	amounts_due_1,approving_bodies,branches_departments,dead_body,death_pending_1,duty_period,ehala,emergency_pending_approvals_1,employees_attendance,helper,maintenance_departments,maintenance_request_type,more_than_two_hour_1,non_approval_ehala_1,notice_type,patients_signed_1,ra_users,rep1_death_pending_action,rep1_death_pending_reason,rep1_ehala_non_approval_reason,rep1_hospitalization_place,rep1_keeping_body_in_mortuary,rep1_more_than_two_hours_action,rep1_more_than_two_hours_reasons,rep1_not_signed_commitment_reason,rep1_payment_due_action,rep1_payment_due_reason,rep1_payment_type,rep1_suspension_action,rep1_suspension_reasons,report_1,report_1_patient,revenue_deficit_1,support_services_1,visual_screening_form_1	report_1.php	create,update,delete,approve,send	4	yes	yes	header.inc.php,report_1.php,emergency_pending_approvals.php,empty.php,sendsoundajax.php,rep1_amounts_due.php,rep1_patients_signed.php,rep1_visual_screening_form.php,rep1_death_pending.php,support_service_item.php,footer.inc.php,maintenance_type_grap.php	yes	no	outbound-linked	unknown	session/header guard; form; ajax; print/pdf; file handling/ref
branch/report_10.php	branch	report_10		report 10	branch user		branch	approval_status,approvals_service,approving_bodies,branches_area,branches_service_type,duty_period,employees_attendance,helper,maintenance_request_type,notice_type,pending_orders,rep10_maintenance_departments,rep10_orders_status,rep10_suspension_actions,rep1_hospitalization_place,report_10,report_10_approvals_status,report_10_patient,report_10_support_services,report_1_patient	report_10.php	create,update,delete,approve,send	1,4	yes	yes	header.inc.php,report_10.php,rep10_support_service.php,empty.php,sendsoundajax.php,footer.inc.php,get_orders_reason.php,rep10_maintenance_type_grap.php,get_orders_status_reason.php	yes	no	outbound-linked	unknown	session/header guard; form; ajax; print/pdf; file handling/ref
branch/report_11.php	branch	report_11		report 11	branch user		branch	employees_attendance,notice_type,report_11,report_11_needs,report_11_patient	report_11.php	create,update,delete		no	yes	header.inc.php,report_11.php,footer.inc.php	yes	no	outbound-linked	unknown	session/header guard; form; ajax; print/pdf
branch/report_12.php	branch	report_12		report 12	branch user		branch	amounts_due_1,approving_bodies,branches_departments,complaints_external_outstanding_pending_approvals_1,dead_body,death_pending_1,ehala,employees_attendance,more_than_two_hour_1,non_approval_ehala_1,notice_type,patients_signed_1,ra_users,rep1_ehala_non_approval_reason,rep1_keeping_body_in_mortuary,rep1_more_than_two_hours_reasons,rep1_suspension_reasons,revenue_deficit_1,visual_screening_form_1	report_1.php	create,update,delete,approve,send	4	no	yes	header.inc.php,report_12.php,report_1.php,emergency_pending_approvals.php,empty.php,sendsoundajax.php,rep1_amounts_due.php,rep1_patients_signed.php,rep1_visual_screening_form.php,rep1_death_pending.php,footer.inc.php	yes	no	outbound-linked	unknown	session/header guard; form; ajax; print/pdf
branch/report_15.php	branch	report_15		report 15	branch user		branch	branches_area,centeral_sections,duty_period,emergency_calls_codes,employees_attendance,helper,maintenance_request_type,rep15_maintenance_departments,report_15,report_15_elevator,report_15_support_services	report_15.php	create,update,delete,send	4	yes	yes	header.inc.php,report_15.php,rep15_elevator.php,empty.php,sendsoundajax.php,rep10_support_service.php,rep15_maintenance_departments_sections_grap.php,emergency_calls_codes_reasons_grap.php,emergency_calls_codes_responsibles_grap.php,footer.inc.php	yes	no	outbound-linked	unknown	session/header guard; form; ajax; print/pdf; file handling/ref
branch/report_2.php	branch	report_2		report 2	branch user							no	no	header.inc.php,report_2.php,footer.inc.php	no	no	outbound-linked	unknown	session/header guard
branch/report_3.php	branch	report_3		report 3	branch user		branch	action_taken,approving_bodies,branches,branches_departments,companies_groups,duty_period,notice_type,ra_users,rep1_ehala_non_approval_reason,rep1_keeping_body_in_mortuary,rep1_more_than_two_hours_reasons,rep1_suspension_reasons,rep2_amont_due_reasons,rep2_amount_due_action,rep2_not_signing_pledge_to_pay_reasons,rep3_objection_court_direction,rep3_orders_type,rep3_payer_name_type,rep3_request_type,report_3_case_filed_government,report_3_pending_claims_report,report_3_report_cases_filed_general_court,report_3_revenue_deficit	<?php echo $pagename;?>	create,delete,approve,send	4	yes	yes	header.inc.php,report_3.php,footer.inc.php,rep3_objection_court_direction.php,empty.php,sendsoundajax.php	yes	no	outbound-linked	unknown	session/header guard; form; ajax; print/pdf; file handling/ref
branch/report_4.php	branch	report_4		report 4	branch user		branch	branches_departments,notice_type,report_1_patient,report_4	report_4.php	create,update,delete		no	yes	header.inc.php,report_4.php,footer.inc.php	yes	no	outbound-linked	unknown	session/header guard; form; ajax; print/pdf
branch/report_5.php	branch	report_5		report 5	branch user		branch	branches_area,duty_period,employees_attendance,helper,maintenance_request_type,notice_type,ra_users,rep5_maintenance_departments,revenue_deficit,support_services_5	report_5.php	create,update,delete,send	4	yes	yes	header.inc.php,report_5.php,rep5_support_service.php,empty.php,sendsoundajax.php,footer.inc.php,rep5_maintenance_type_grap.php	yes	no	outbound-linked	unknown	session/header guard; form; ajax; print/pdf; file handling/ref
branch/report_6.php	branch	report_6		report 6	branch user		branch	employees_attendance,notice_type	<?php echo $pagename; ?>	create,update,delete		no	yes	header.inc.php,report_6.php,footer.inc.php	yes	no	outbound-linked	unknown	session/header guard; form; ajax; print/pdf
branch/report_7.php	branch	report_7		report 7	branch user		branch	branches_area,duty_period,employees_attendance,helper,maintenance_request_type,rep7_maintenance_departments,report_7_errors_describe,report_7_patient,report_7_reasons,report_7_support_services,report_7_type,suspending_medical_reports	<?php echo $pagename; ?>	create,update,delete,send	4	yes	yes	header.inc.php,report_7.php,rep7_support_service.php,empty.php,sendsoundajax.php,rep7_maintenance_type_grap.php	yes	no	outbound-linked	unknown	session/header guard; form; ajax; print/pdf; file handling/ref
branch/report_8.php	branch	report_8		report 8	branch user		branch	employees_attendance,notice_type,report_1_patient,report_8,report_8_patient	report_8.php	create,update,delete		no	yes	header.inc.php,report_8.php,footer.inc.php	yes	no	outbound-linked	unknown	session/header guard; form; ajax; print/pdf
branch/report_9.php	branch	report_9		report 9	branch user		branch	branches_area,branches_service_type,duty_period,employees_attendance,helper,maintenance_request_type,notice_type,rep10_suspension_actions,rep10_suspension_reasons,rep9_section,report_9,report_9_report,report_9_support_services,support_services_departments	report_9.php	create,update,delete,send	4	yes	yes	header.inc.php,report_9.php,rep10_support_service.php,empty.php,sendsoundajax.php,footer.inc.php,support_services_grap.php,rep6_notice_grap.php,rep9_action_grap.php	yes	no	outbound-linked	unknown	session/header guard; form; ajax; print/pdf; file handling/ref
branch/report_absence.php	branch	report_absence		report absence	branch user		branch	absence_notification_service,branches	<?php echo $pagename; ?>			no	yes	header.inc.php,sms_class.php,report_absence.php,report_pdf1.php,report_pdf.php	yes	no	outbound-linked	unknown	session/header guard; form; ajax; print/pdf
branch/report_emp_10.php	branch	report_emp_10		report emp 10	branch user		branch	branches_area,branches_service_type,duty_period,helper,maintenance_request_type,notice_type,pending_emp_10_orders,rep10_maintenance_departments,rep10_suspension_actions,rep10_suspension_reasons,report_1_patient,report_emp_10,report_emp_10_patient,report_emp_10_support_services	report_emp_10.php	create,update,delete,approve,send	4	yes	yes	header.inc.php,report_emp_10.php,rep10_support_service.php,empty.php,sendsoundajax.php,rep10_maintenance_type_grap.php	yes	no	outbound-linked	unknown	session/header guard; form; ajax; print/pdf; file handling/ref
branch/report_emp_5.php	branch	report_emp_5		report emp 5	branch user		branch	branches_area,duty_period,helper,maintenance_request_type,notice_type,ra_users,rep5_canceling_transferring_reasons,rep5_maintenance_departments,report_emp_5_canceling_transferring_reasons,report_emp_5_support_services,revenue_deficit_emp_5,specialization	<?php echo $pagename; ?>	create,update,delete,send	4	yes	yes	header.inc.php,report_emp_5.php,footer.inc.php,rep5_support_service.php,empty.php,sendsoundajax.php,rep5_maintenance_type_grap.php	yes	no	outbound-linked	unknown	session/header guard; form; ajax; print/pdf; file handling/ref
branch/report_emp_5Bk.php	branch	report_emp_5Bk		report emp 5Bk	branch user		branch	notice_type,ra_users,revenue_deficit_emp_5	report_emp_5.php	create,update,delete		no	yes	header.inc.php,report_emp_5.php	yes	no	outbound-linked	unknown	session/header guard; form; ajax; print/pdf
branch/report_emp_6.php	branch	report_emp_6		report emp 6	branch user		branch	employees_attendance,notice_type	<?php echo $pagename; ?>	create,update,delete		no	yes	header.inc.php,report_6.php,footer.inc.php	yes	no	outbound-linked	unknown	session/header guard; form; ajax; print/pdf
branch/report_emp_9.php	branch	report_emp_9		report emp 9	branch user		branch	branches_area,branches_service_type,duty_period,employees_attendance,helper,maintenance_request_type,notice_type,rep10_suspension_actions,rep10_suspension_reasons,rep9_section,report_emp_9,report_emp_9_report,report_emp_9_support_services,support_services_departments	report_emp_9.php	create,update,delete,send	4	yes	yes	header.inc.php,report_emp_9.php,rep10_support_service.php,empty.php,sendsoundajax.php,support_services_grap.php,rep9_notice_grap.php,rep9_action_grap.php	yes	no	outbound-linked	unknown	session/header guard; form; ajax; print/pdf; file handling/ref
branch/report_inqure.php	branch	report_inqure	HH-GovernmentـreportsAnswer	report inqure	branch user		branch	branches,inquiries_and_services	<?php echo $pagename; ?>			no	yes	hr_session.php,config.php,functions.php,validationForm.php,multiLanguage.php,user.php,paginator.class.php,permissions.link.php,common.php,MyQuery.php,clientContract.php,clientVacations.php,sms_class.php,Shortener.class.php,OpensslEncryptDecrypt.php,report_inqure.php,reports_pdf.php,footer.inc.php	yes	review	outbound-linked	unknown	form; ajax; print/pdf
branch/report_pdf.php	branch	report_pdf		report pdf	branch user		branch	absence_notification_service,companies_groups,html,ra_users				yes	yes	autoload.php,hr_session.php,config.php,functions.php,multiLanguage.php,common.php,MyQuery.php,index.php,complaints_pdf.php	yes	no	outbound-linked	unknown	session/header guard; ajax; print/pdf; file handling/ref
branch/report_pdf1.php	branch	report_pdf1		report pdf1	branch user		branch	absence_notification_service,companies_groups,html,ra_users				yes	yes	autoload.php,hr_session.php,config.php,functions.php,multiLanguage.php,common.php,MyQuery.php,index.php,complaints_pdf.php	yes	no	outbound-linked	unknown	session/header guard; ajax; print/pdf; file handling/ref
branch/reports_absence.php	branch	reports_absence		reports absence	branch user		branch	absence_notification_service,branches	<?php echo $pagename; ?>			no	yes	header.inc.php,sms_class.php,reports_absence.php,report_pdf1.php,report_pdf.php	yes	no	outbound-linked	unknown	session/header guard; form; ajax; print/pdf
branch/reports_absences.php	branch	reports_absences		reports absences	branch user							no	no		no	review	unresolved	unknown	
branch/reports_pdf.php	branch	reports_pdf		reports pdf	branch user		branch	branches,companies_groups,html,inquiries_and_services,job_titles,ra_users			3	yes	yes	autoload.php,hr_session.php,config.php,functions.php,multiLanguage.php,common.php,MyQuery.php,index.php,complaints_pdf.php	yes	no	outbound-linked	unknown	session/header guard; ajax; print/pdf; file handling/ref
branch/reportss_pdf.php	branch	reportss_pdf		reportss pdf	branch user		branch	companies_groups,lawsuit,lawsuit_status				yes	yes	autoload.php,hr_session.php,config.php,functions.php,multiLanguage.php,common.php,MyQuery.php	yes	review	outbound-linked	unknown	ajax; print/pdf; file handling/ref
branch/reportsss_pdf.php	branch	reportsss_pdf		reportsss pdf	branch user		branch	bottom,companies_groups,html,report		update		yes	yes	autoload.php,hr_session.php,config.php,functions.php,common.php,BriefingـNotice.php,G.php,Government_reportss_pdf.php,tcpdf_include.php,tcpdf_config_alt.php,tcpdf.php	yes	review	outbound-linked	unknown	ajax; print/pdf; file handling/ref
branch/resignation.php	branch	resignation		resignation	branch user		branch	functin,if,ra_users,resignation_branch_reply,resignation_request	<?php echo $pagename; ?>	create,update,delete,send,reply	4	no	yes	header.inc.php,resignation.php,sendsoundajax.php,footer.inc.php	yes	no	outbound-linked	unknown	session/header guard; form; ajax; print/pdf
branch/resignation_pdf.php	branch	resignation_pdf		resignation pdf	branch user		branch	bottom,branches,html,personnel_manager,ra_users,resignation_request		update,reply		yes	yes	hr_session.php,config.php,functions.php,multiLanguage.php,common.php,MyQuery.php,login.php,logout.php,index.php,resignations_pdf.php,tcpdf_include.php,tcpdf_config_alt.php,tcpdf.php	yes	no	outbound-linked	unknown	session/header guard; ajax; print/pdf; file handling/ref
branch/resignation_request.php	branch	resignation_request	طلب إستقالة	resignation request	branch user		branch	city,functin,if,resignation_request	<?php echo $pagename; ?>	create,update,delete,approve,send,reply	4,2	no	yes	header.inc.php,resignation_request.php,sendsoundajax.php,resignation_pdf.php,footer.inc.php	yes	no	outbound-linked	unknown	session/header guard; form; ajax; print/pdf
branch/revision-notice-pdf.php	branch	revision-notice-pdf		revision notice pdf	branch user		company,branch	booking_period,bottom,branches,companies_groups,data,html,ra_users,revision_notice,room_type		update,reply		yes	yes	hr_session.php,config.php,functions.php,multiLanguage.php,common.php,MyQuery.php,login.php,index.php,complaints_pdf.php,revision_notice_pdf.php,tcpdf_include.php,tcpdf_config_alt.php,tcpdf.php	yes	no	outbound-linked	unknown	session/header guard; ajax; print/pdf; file handling/ref
branch/revision_notice.php	branch	revision_notice	إشعار مراجعه	revision notice	branch user		branch	functin,if,ra_users,revision_notice	<?php echo $pagename; ?>	create,update,delete,send,reply	4	no	yes	header.inc.php,revision_notice.php,sendsoundajax.php,revision_notice_pdf.php,footer.inc.php	yes	no	outbound-linked	unknown	session/header guard; form; ajax; print/pdf
branch/revision_notice_pdf.php	branch	revision_notice_pdf		revision notice pdf	branch user		company,branch	booking_period,bottom,branches,companies_groups,data,html,ra_users,revision_notice,room_type		update,reply		yes	yes	hr_session.php,config.php,functions.php,multiLanguage.php,common.php,MyQuery.php,login.php,logout.php,index.php,complaints_pdf.php,revision_notice_pdf.php,tcpdf_include.php,tcpdf_config_alt.php,tcpdf.php	yes	no	outbound-linked	unknown	session/header guard; ajax; print/pdf; file handling/ref
branch/s.php	branch	s		s	branch user							no	yes		no	review	unresolved	unknown	print/pdf
branch/sales_invoice.php	branch	sales_invoice	فاتورة مبيعات	sales invoice	branch user		branch	ac_constraints,ac_journal,accounts_tree,moving_average,products,purchase_sales_invoices,sales_invoices,sales_invoices_items	sales_invoice.php	create,update,delete,approve		no	yes	header.inc.php,sales_invoice.php,sales_invoices_view.php,purchases_invoices_view.php,footer.inc.php	yes	no	outbound-linked	unknown	session/header guard; form; ajax; print/pdf
branch/service_coverage_memo.php	branch	service_coverage_memo	إشعار حالة الموافقة على تغطية الخدمات الطبية	service coverage memo	branch user		branch	certificate_upload,functin,if,memo,memo_attachments,ra_users,service_coverage_memo,service_coverage_memo_send_to,service_coverage_memo_types,sms_archive,sms_sender_name	./complaints.php,<?php echo $pagename; ?>	create,update,delete,send,reply	4	yes	yes	header.inc.php,service_coverage_memo.php,sms_class.php,Shortener.class.php,coverage.php,SL.php,sendsoundajax.php,complaints.php,service_coverage_memo_form.php,service_coverage_memo_reciever.php,service_coverage_memo_pdf.php,footer.inc.php	yes	review	outbound-linked	unknown	session/header guard; form; ajax; print/pdf; file handling/ref
branch/service_coverage_memo_form.php	branch	service_coverage_memo_form		service coverage memo form	branch user					create		no	no	hr_session.php,config.php	no	review	outbound-linked	unknown	
branch/service_coverage_memo_pdf.php	branch	service_coverage_memo_pdf		service coverage memo pdf	branch user		branch	branches,companies_groups,html,ra_users,service_coverage_memo,service_coverage_memo_send_to,service_coverage_memo_types		send		yes	yes	hr_session.php,autoload.php,config.php,functions.php,multiLanguage.php,common.php,MyQuery.php,index.php	yes	no	outbound-linked	unknown	session/header guard; ajax; print/pdf; file handling/ref
branch/service_coverage_memo_reciever.php	branch	service_coverage_memo_reciever		service coverage memo reciever	branch user		branch	companies_groups,service_coverage_memo,service_coverage_memo_send_to		send		no	no	hr_session.php,config.php,functions.php,yakeen_v1.class.php	yes	review	outbound-linked	unknown	ajax
branch/service_details.php	branch	service_details		service details	branch user			service_packages,service_packages_attachments,services_sections	<?php echo $pagename; ?>?id=<?php echo $id;?>			yes	yes	header.inc.php,service_details.php,footer.inc.php	yes	no	outbound-linked	unknown	session/header guard; form; ajax; print/pdf; file handling/ref
branch/service_packages.php	branch	service_packages		service packages	branch user		branch	central_ext_phone,service_packages,services_sections	service_packages.php	create,send		yes	yes	header.inc.php,SimpleXLSX.php,service_packages.php,footer.inc.php	yes	no	outbound-linked	unknown	session/header guard; form; ajax; print/pdf; file handling/ref
branch/service_packages_details.php	branch	service_packages_details		service packages details	branch user		branch	certificate_upload,functin,helper,if,service_packages,service_packages_attachments,services_sections	<?php echo $pagename; ?>,<?php echo 	create,update,delete,send	4	yes	yes	header.inc.php,SimpleXLSX.php,service_packages_details.php,city_grap.php,sendsoundajax.php,payment_guarantee.php,footer.inc.php	yes	no	outbound-linked	unknown	session/header guard; form; ajax; print/pdf; file handling/ref
branch/services.php	branch	services		services	branch user			certificate_upload,helper,service_packages,service_packages_attachments,services_sections	<?php echo $pagename; ?>?id=<?php echo $service_id;?>,<?php echo $pagename; ?>,<?php echo 	create,update,delete,send	4	yes	yes	header.inc.php,services.php,SimpleXLSX.php,city_grap.php,sendsoundajax.php,payment_guarantee.php,footer.inc.php	yes	no	outbound-linked	unknown	session/header guard; form; ajax; print/pdf; file handling/ref
branch/services_locations_details.php	branch	services_locations_details		services locations details	branch user			insurance_companies,services_locations,services_locations_packages				no	yes	header.inc.php,footer.inc.php	yes	no	outbound-linked	unknown	session/header guard; ajax; print/pdf
branch/settings.php	branch	settings		settings	branch user		branch			send		no	no	header.inc.php,comlaints_subsctions.php,comlaints_subsctions_emails.php,comlaints_sender_email.php,government_circulars_sections.php,government_circulars_sections_administrators.php,government_circulars_issuing_authority.php,government_circulars_issuing_authority_classification.php,government_circulars_receiving_mechanism.php,nationality.php,incident_report_form_doctors.php,emergency_unidentified_case_side.php,emergency_escape_report_side.php,death_reason.php,relatives.php,contacts_informations.php,centeral_floors.php,centeral_sections.php,central_ext_phone.php,emergency_calls_codes.php,emergency_calls_codes_reasons.php,emergency_calls_codes_responsibles.php,clinics.php,shift_schedule_add.php,central_duty_time.php,clinicians_services.php,country.php,specialized_clinics.php,clinics_support_services_details.php,floors.php	no	no	outbound-linked	unknown	session/header guard
branch/shift_schedule.php	branch	shift_schedule		shift schedule	branch user			a,api,app,calender,clinician_hospitals,clinicians,currentevents,event,existing,shift_schedule,specialized_clinics,there		create,update,delete	200,201	no	yes	header.inc.php,shift_schedule.php,footer.inc.php,update_shift_schedule.php,delete_shift_schedule.php,add_shift_schedule.php	yes	no	outbound-linked	unknown	session/header guard; ajax; print/pdf
branch/shift_schedule_add.php	branch	shift_schedule_add		shift schedule add	branch user		branch	clinician_hospitals,clinicians,functin,if,shift_schedule,specialized_clinics	<?php echo $pagename; ?>?id=<?php echo $id; ?>	create,update,delete,send	4	no	yes	header.inc.php,shift_schedule_add.php,sendsoundajax.php,footer.inc.php	yes	no	outbound-linked	unknown	session/header guard; form; ajax; print/pdf
branch/shortlink.php	branch	shortlink		shortlink	branch user							no	no	hr_session.php,config.php,functions.php,validationForm.php,multiLanguage.php,user.php,paginator.class.php,permissions.link.php,common.php,MyQuery.php,Shortener.class.php	no	review	outbound-linked	unknown	
branch/signature.php	branch	signature	Signature Pad	signature	branch user			signatuers		create		yes	no	header.inc.php,signature.php,footer.inc.php	yes	no	outbound-linked	unknown	session/header guard; form; ajax; file handling/ref
branch/sms_12.php	branch	sms_12		sms 12	branch user		branch	ra_users,sms_archive,sms_sender_name	<?php echo $page_name; ?>	create,update,delete,send	0,1,2,3,4,5,6,7,8,9,10,12,11,100000	no	yes	header.inc.php,sms_12.php,sms_class.php,sms_get_mobile.php,get_name.php,footer.inc.php,sms_12_pdf.php	yes	no	outbound-linked	unknown	session/header guard; form; ajax; print/pdf
branch/sms_12_pdf.php	branch	sms_12_pdf		sms 12 pdf	branch user		branch	bottom,html,ra_users,sms_archive		update		yes	yes	hr_session.php,config.php,functions.php,multiLanguage.php,common.php,MyQuery.php,login.php,index.php,complaints_pdf.php,sms_archive_pdf.php,tcpdf_include.php,tcpdf_config_alt.php,tcpdf.php	yes	no	outbound-linked	unknown	session/header guard; ajax; print/pdf; file handling/ref
branch/sms_15.php	branch	sms_15		sms 15	branch user		branch	ra_users,sms_archivees,sms_sender_name	sms_15.php,<?php echo $page_name;?>,<?php echo $page_name; ?>	create,update,delete,send	0,1,2,3,4,5,6,7,8,9,10,11	yes	yes	header.inc.php,sms_15.php,sms_get_mobile.php,get_name.php,footer.inc.php,inquiries_and_services.php,sms_15_pdf.php	yes	no	outbound-linked	unknown	session/header guard; form; ajax; print/pdf; file handling/ref
branch/sms_15_pdf.php	branch	sms_15_pdf		sms 15 pdf	branch user		branch	companies_groups,html,ra_users,sms_archive				yes	yes	autoload.php,hr_session.php,config.php,functions.php,multiLanguage.php,common.php,MyQuery.php,login.php,index.php,complaints_pdf.php,sms_archive_pdf.php	yes	no	outbound-linked	unknown	session/header guard; ajax; print/pdf; file handling/ref
branch/sms_2.php	branch	sms_2		sms 2	branch user		branch	ra_users,sms_archive,sms_sender_name	 sms_2.php,<?php echo $page_name;?>,<?php echo $page_name; ?>	create,update,delete,send	0,1	yes	yes	header.inc.php,sms_class.php,sms_get_mobile.php,get_name.php,footer.inc.php,inquiries_and_services.php	yes	no	outbound-linked	unknown	session/header guard; form; ajax; print/pdf; file handling/ref
branch/sms_2_pdf.php	branch	sms_2_pdf		sms 2 pdf	branch user		branch	bottom,html,ra_users,sms_archive		update		yes	yes	hr_session.php,config.php,functions.php,multiLanguage.php,common.php,MyQuery.php,login.php,index.php,complaints_pdf.php,sms_archive_pdf.php,tcpdf_include.php,tcpdf_config_alt.php,tcpdf.php	yes	no	outbound-linked	unknown	session/header guard; ajax; print/pdf; file handling/ref
branch/sms_5.php	branch	sms_5		sms 5	branch user		branch	ra_users,sms_archive,sms_sender_name	sms_5.php,<?php echo $page_name;?>,<?php echo $page_name; ?>	create,update,delete,send	0,1,2,3,4	yes	yes	header.inc.php,sms_5.php,sms_class.php,sms_get_mobile.php,get_name.php,footer.inc.php,inquiries_and_services.php,sms_5_pdf.php	yes	no	outbound-linked	unknown	session/header guard; form; ajax; print/pdf; file handling/ref
branch/sms_5_pdf.php	branch	sms_5_pdf		sms 5 pdf	branch user		branch	bottom,html,ra_users,sms_archive		update		yes	yes	hr_session.php,config.php,functions.php,multiLanguage.php,common.php,MyQuery.php,login.php,index.php,complaints_pdf.php,sms_archive_pdf.php,tcpdf_include.php,tcpdf_config_alt.php,tcpdf.php	yes	no	outbound-linked	unknown	session/header guard; ajax; print/pdf; file handling/ref
branch/sms_8.php	branch	sms_8		sms 8	branch user		branch	ra_users,sms_archive,sms_sender_name	sms_8.php,<?php echo $page_name;?>,<?php echo $page_name; ?>	create,update,delete,send	0,1,2	yes	yes	header.inc.php,sms_8.php,sms_class.php,sms_get_mobile.php,get_name.php,footer.inc.php,inquiries_and_services.php,sms_8_pdf.php	yes	no	outbound-linked	unknown	session/header guard; form; ajax; print/pdf; file handling/ref
branch/sms_8_pdf.php	branch	sms_8_pdf		sms 8 pdf	branch user		branch	bottom,html,ra_users,sms_archive		update		yes	yes	hr_session.php,config.php,functions.php,multiLanguage.php,common.php,MyQuery.php,login.php,index.php,complaints_pdf.php,sms_archive_pdf.php,tcpdf_include.php,tcpdf_config_alt.php,tcpdf.php	yes	no	outbound-linked	unknown	session/header guard; ajax; print/pdf; file handling/ref
branch/sms_archive_pdf.php	branch	sms_archive_pdf		sms archive pdf	branch user			companies_groups,html,ra_users,sms_archive				yes	yes	autoload.php,hr_session.php,config.php,functions.php,multiLanguage.php,common.php,MyQuery.php,sms_archive_pdf.php	yes	review	outbound-linked	unknown	ajax; print/pdf; file handling/ref
branch/sms_outpatient_clinics.php	branch	sms_outpatient_clinics		sms outpatient clinics	branch user		branch	helper,sms_outpatient_clinics_archive,sms_sender_name	sms_outpatient_clinics.php	create,update,delete,send		no	yes	header.inc.php,sms_send_one.php,sms_outpatient_clinics.php,sms_class.php,sms_get_mobile.php,get_name.php,maintenance_type_grap.php	yes	no	outbound-linked	unknown	session/header guard; form; ajax; print/pdf
branch/social_intervention.php	branch	social_intervention		social intervention	branch user							no	no		no	review	unresolved	unknown	
branch/specialized_clinics.php	branch	specialized_clinics		specialized clinics	branch user		branch	clinicians,functin,if,specialized_clinics	<?php echo $pagename; ?>	create,update,delete,send	4	no	no	header.inc.php,specialized_clinics.php,sendsoundajax.php,footer.inc.php	yes	no	outbound-linked	unknown	session/header guard; form; ajax
branch/support_service_item.php	branch	support_service_item		support service item	branch user			maintenance_request_type,rep5_maintenance_departments		delete		no	no	hr_session.php,config.php,functions.php,validationForm.php,multiLanguage.php,user.php,paginator.class.php,permissions.link.php,common.php,MyQuery.php	yes	review	outbound-linked	unknown	ajax
branch/support_services_details.php	branch	support_services_details		support services details	branch user			clinics,clinics_support_services_details,insurance_companies	<?php echo $pagename; ?>?id=<?php echo $id; ?>			no	yes	header.inc.php,support_services_details.php,support_services_section.php,footer.inc.php	yes	no	outbound-linked	unknown	session/header guard; form; ajax; print/pdf
branch/support_services_grap.php	branch	support_services_grap		support services grap	branch user			database,support_services				no	no	hr_session.php,config.php,functions.php,validationForm.php,multiLanguage.php,user.php,paginator.class.php,permissions.link.php,common.php,MyQuery.php	yes	review	outbound-linked	unknown	ajax
branch/support_services_section.php	branch	support_services_section		support services section	branch user			clinics_support_services_section				no	yes	header.inc.php,support_services_details.php,footer.inc.php	yes	no	outbound-linked	unknown	session/header guard; ajax; print/pdf
branch/technical_failure_notice.php	branch	technical_failure_notice		technical failure notice	branch user		branch	branches,companies_groups,department_sender_email,functin,if,ra_users,sms_sender_name,technical_failure_notice,technical_failure_notice_mobile,technical_failure_notice_platform,technical_failure_notice_process,technical_failure_notice_sections,technical_failure_notice_service_type,technical_failure_notice_status	<?php echo $pagename; ?>,../complaints.php	create,update,delete,send,reply	4,3,1,0	yes	yes	header.inc.php,sms_class.php,OpensslEncryptDecrypt.php,autoload.php,technical_failure_notice.php,crisis_management_pdf.php,technical_failure_pdf.php,footer.inc.php,sendsoundajax.php,complaints.php,technical_failure_notice_view.php,technical_failure_notice_pdf.php	yes	no	menu	unknown	session/header guard; form; ajax; print/pdf; file handling/ref
branch/technical_failure_notice_other_textbox.php	branch	technical_failure_notice_other_textbox		technical failure notice other textbox	branch user							no	no		no	review	unresolved	unknown	
branch/technical_failure_notice_pdf.php	branch	technical_failure_notice_pdf		technical failure notice pdf	branch user		company,branch	booking_period,branches,companies_groups,html,ra_users,room_type,technical_failure_notice,technical_failure_notice_platform,technical_failure_notice_service_type,technical_failure_notice_type		reply		yes	yes	autoload.php,hr_session.php,config.php,functions.php,multiLanguage.php,common.php,MyQuery.php,login.php,logout.php,index.php,complaints_pdf.php,technical_failure_pdf.php,barcode.php	yes	no	outbound-linked	unknown	session/header guard; ajax; print/pdf; file handling/ref
branch/technical_failure_notice_platform_grap.php	branch	technical_failure_notice_platform_grap		technical failure notice platform grap	branch user		branch	technical_failure_notice_service_type				no	no	hr_session.php,config.php,functions.php	yes	no	outbound-linked	unknown	session/header guard; ajax
branch/technical_failure_notice_service_type_grap.php	branch	technical_failure_notice_service_type_grap		technical failure notice service type grap	branch user			database,technical_failure_notice_service_type				no	no	hr_session.php,config.php,functions.php,validationForm.php,multiLanguage.php,user.php,paginator.class.php,permissions.link.php,common.php,MyQuery.php	yes	review	outbound-linked	unknown	ajax
branch/technical_failure_notice_view.php	branch	technical_failure_notice_view		technical failure notice view	branch user		branch	ra_users,technical_failure_notice,technical_failure_notice_process,technical_failure_notice_status		reply		no	yes	header.inc.php,index.php,complaints_pdf.php,footer.inc.php	yes	no	outbound-linked	unknown	session/header guard; ajax; print/pdf
branch/technical_failure_pdf.php	branch	technical_failure_pdf		technical failure pdf	branch user		company,branch	booking_period,branches,companies_groups,html,ra_users,room_type,technical_failure_notice,technical_failure_notice_platform,technical_failure_notice_service_type,technical_failure_notice_type		reply		yes	yes	autoload.php,hr_session.php,config.php,functions.php,multiLanguage.php,common.php,MyQuery.php,index.php,complaints_pdf.php,technical_failure_pdf.php	yes	no	outbound-linked	unknown	session/header guard; ajax; print/pdf; file handling/ref
branch/term_data.php	branch	term_data		term data	branch user			medical_terminology				no	no	config.php	yes	review	outbound-linked	unknown	ajax
branch/tern_index.php	branch	tern_index	maribelajarcoding.com - Membuat Autocomplete JQuery Database Mysql PHP	tern index	branch user							no	no	config.php,tern_index.php,term_data.php	no	review	outbound-linked	unknown	
branch/thank.php	branch	thank		thank	branch user		branch			create,update,delete,send,reply		no	no		no	review	unresolved	unknown	
branch/trainingPlan.php	branch	trainingPlan		trainingPlan	branch user		company,branch					no	no		no	review	unresolved	unknown	
branch/training_confirmation.php	branch	training_confirmation		training confirmation	branch user		company,branch			create,update,delete,send,reply		yes	no		no	review	unresolved	unknown	file handling/ref
branch/training_confirmationNew.php	branch	training_confirmationNew		training confirmationNew	branch user		company,branch			create,update,delete,send,reply		yes	no		no	review	unresolved	unknown	file handling/ref
branch/training_confirmation_all.php	branch	training_confirmation_all		training confirmation all	branch user		company,branch			create,update,delete,send,reply		yes	no		no	review	unresolved	unknown	file handling/ref
branch/training_confirmation_coordinator.php	branch	training_confirmation_coordinator		training confirmation coordinator	branch user		company,branch			create,update,delete,send,reply		yes	no		no	review	unresolved	unknown	file handling/ref
branch/training_confirmation_coordinatorNew.php	branch	training_confirmation_coordinatorNew		training confirmation coordinatorNew	branch user		company,branch			create,update,delete,send,reply		yes	no		no	review	unresolved	unknown	file handling/ref
branch/training_confirmation_editing_for_all.php	branch	training_confirmation_editing_for_all		training confirmation editing for all	branch user					create,update,reply		no	no		no	review	unresolved	unknown	
branch/training_confirmation_editing_for_all_preview.php	branch	training_confirmation_editing_for_all_preview		training confirmation editing for all preview	branch user		branch			send		no	no		no	review	unresolved	unknown	
branch/training_confirmation_forms.php	branch	training_confirmation_forms		training confirmation forms	branch user		branch					no	no		no	review	unresolved	unknown	
branch/training_confirmation_pdf.php	branch	training_confirmation_pdf		training confirmation pdf	branch user		branch	training_confirmation				yes	yes	hr_session.php,config.php,functions.php,multiLanguage.php,common.php,MyQuery.php,login.php,logout.php,index.php	yes	review	outbound-linked	unknown	ajax; print/pdf; file handling/ref
branch/training_confirmation_status_details.php	branch	training_confirmation_status_details		training confirmation status details	branch user							no	no		no	review	unresolved	unknown	
branch/training_confirmation_timeline.php	branch	training_confirmation_timeline		training confirmation timeline	branch user		branch					no	no		no	review	unresolved	unknown	
branch/training_declarations.php	branch	training_declarations		training declarations	branch user		branch			create,update,delete,send		no	no		no	review	unresolved	unknown	
branch/training_declarations_all.php	branch	training_declarations_all		training declarations all	branch user		branch			create,update,delete,send		no	no		no	review	unresolved	unknown	
branch/training_declarations_clauses.php	branch	training_declarations_clauses		training declarations clauses	branch user		branch			create,update,delete,send		no	no		no	review	unresolved	unknown	
branch/training_declarations_clauses_all.php	branch	training_declarations_clauses_all		training declarations clauses all	branch user		branch			create,update,send		no	no		no	review	unresolved	unknown	
branch/training_declarations_statements.php	branch	training_declarations_statements		training declarations statements	branch user		branch			create,update,delete,send		no	no		no	review	unresolved	unknown	
branch/training_evaluation.php	branch	training_evaluation		training evaluation	branch user		company,branch					no	no		no	review	unresolved	unknown	
branch/training_evaluation1.php	branch	training_evaluation1		training evaluation1	branch user		company,branch					no	no		no	review	unresolved	unknown	
branch/training_evaluation1BK.php	branch	training_evaluation1BK		training evaluation1BK	branch user		company,branch					no	no		no	review	unresolved	unknown	
branch/training_evaluation6.php	branch	training_evaluation6		training evaluation6	branch user		company,branch					no	no		no	review	unresolved	unknown	
branch/training_evaluation7.php	branch	training_evaluation7		training evaluation7	branch user		company,branch					no	no		no	review	unresolved	unknown	
branch/training_plans.php	branch	training_plans		training plans	branch user							no	no		no	review	unresolved	unknown	
branch/transferal.php	branch	transferal		transferal	branch user		branch			create,update,delete,approve,send,reply		yes	no		no	review	unresolved	unknown	file handling/ref
branch/transferal_home.php	branch	transferal_home	تحويل حالة	transferal home	branch user							no	no	header.inc.php,transferal.php,received_transferal.php,footer.inc.php	no	no	outbound-linked	unknown	session/header guard
branch/transferal_pdf.php	branch	transferal_pdf		transferal pdf	branch user		company,branch			update,approve,reply		no	yes		no	review	unresolved	unknown	print/pdf
branch/transferal_refused_pdf.php	branch	transferal_refused_pdf		transferal refused pdf	branch user		company,branch			update,approve,reply		no	yes		no	review	unresolved	unknown	print/pdf
branch/transferal_timeline.php	branch	transferal_timeline		transferal timeline	branch user		branch			approve,reply		no	no		no	review	unresolved	unknown	
branch/update_shift_schedule.php	branch	update_shift_schedule		update shift schedule	branch user			shift_schedule		create,update,delete		no	no	hr_session.php,config.php,functions.php,login.php	no	no	outbound-linked	unknown	session/header guard
branch/upload/ajax.php	branch	ajax		ajax	branch user			ads,given,invoice_items_attachment,the		create		yes	yes	session.php,config.php,functions.php,class.uploadImages.php,invoice_items.php	no	no	outbound-linked	unknown	session/header guard; print/pdf; file handling/ref
branch/upload/ajax_pic_to_add.php	branch	ajax_pic_to_add		ajax pic to add	branch user			ad_attachment,ads,given,the		create		yes	yes	functions.php,session.php,config.php,database.php,user_client.php,database_object.php,class.uploadImages.php	no	no	outbound-linked	unknown	session/header guard; print/pdf; file handling/ref
branch/upload/govermental_serves_forms.php	branch	govermental_serves_forms		govermental serves forms	branch user							no	no	hr_session.php,config.php,govermental_serves_medical_forms.php,govermental_serves_marriage_forms.php,payment_guarantee_hijri.php,payment_guarantee_gregorian.php,govermental_serves_representative_forms.php	no	review	outbound-linked	unknown	
branch/upload/index.php	branch	index		index	branch user				https://www.paypal.com/	delete,send		yes	no	ajax.php	yes	review	menu	unknown	form; ajax; file handling/ref
branch/upload/php/class.uploadImages.php	branch	class.uploadImages		class.uploadImages	branch user							yes	no		yes	review	unresolved	unknown	ajax; file handling/ref
branch/upload_pic.php	branch	upload_pic		upload pic	branch user			resume		update,delete,send		yes	no	header.inc.php,ajax.php	yes	no	outbound-linked	unknown	session/header guard; ajax; file handling/ref
branch/usernameadmincheck.php	branch	usernameadmincheck		usernameadmincheck	branch user			ra_users				no	no	config.php	no	review	outbound-linked	unknown	
branch/usernamecheck.php	branch	usernamecheck		usernamecheck	branch user		branch	branch_users				no	no	config.php	no	review	outbound-linked	unknown	
branch/users.php	branch	users		users	branch user		branch	branches,job_titles,ra_users,roles,user_groups,user_role	<?php echo $pagename; ?>	create,update,delete,send	4	no	yes	header.inc.php,users.php,footer.inc.php,sendsoundajax.php,usernameadmincheck.php,emp_evaluation.php,change_my_pass.php,change_user_pass.php	yes	no	menu	unknown	session/header guard; form; ajax; print/pdf
branch/vacation_balance.php	branch	vacation_balance		vacation balance	branch user							no	no	header.inc.php,footer.inc.php	no	no	outbound-linked	unknown	session/header guard
branch/vacation_request.php	branch	vacation_request		vacation request	branch user		branch	city,emp_vacations,functin,holydays_type,if	<?php echo $pagename; ?>	create,update,delete,approve,send,reply	4,2	no	yes	header.inc.php,vacation_request.php,sendsoundajax.php,vacations_pdf.php,footer.inc.php	yes	no	outbound-linked	unknown	session/header guard; form; ajax; print/pdf
branch/vacations.php	branch	vacations		vacations	branch user		branch	client_vacations_branch_reply,emp_vacations,functin,holydays_type,if,ra_users	<?php echo $pagename; ?>	create,update,delete,approve,send,reply	4	no	yes	header.inc.php,vacations.php,sendsoundajax.php,footer.inc.php	yes	no	menu	unknown	session/header guard; form; ajax; print/pdf
branch/vacationsBk.php	branch	vacationsBk		vacationsBk	branch user		branch	client_vacations_branch_reply,emp_vacations,functin,holydays_type,if,ra_users	<?php echo $pagename; ?>	create,update,delete,approve,send,reply	4	no	yes	header.inc.php,vacationsBk.php,sendsoundajax.php,footer.inc.php	yes	no	outbound-linked	unknown	session/header guard; form; ajax; print/pdf
branch/vacations_pdf.php	branch	vacations_pdf		vacations pdf	branch user		branch	bottom,branches,emp_vacations,holydays_type,html,ra_users		update,reply		yes	yes	hr_session.php,config.php,functions.php,multiLanguage.php,common.php,MyQuery.php,login.php,logout.php,index.php,complaints_pdf.php,tcpdf_include.php,tcpdf_config_alt.php,tcpdf.php	yes	no	outbound-linked	unknown	session/header guard; ajax; print/pdf; file handling/ref
branch/view_post.php	branch	view_post	Hello, how can we help?	view post	branch user		branch	new_post,ra_users,users_readed_post		create,send		yes	yes	header.inc.php,index.php,footer.inc.php	yes	no	outbound-linked	unknown	session/header guard; ajax; print/pdf; file handling/ref
branch/yakeen_v1.class.php	branch	yakeen_v1.class		yakeen v1.class	branch user							no	no	yakeen_v1_login.class.php	no	no	outbound-linked	unknown	session/header guard
branch/zakat_response.php	branch	zakat_response		zakat response	branch user		company					no	yes		no	review	unresolved	unknown	print/pdf
branch_user_groups.php	root	branch_user_groups		branch user groups	authenticated/unknown		branch	country,functin,if,user_groups_permission	<?php echo $pagename; ?>	create,update,delete		no	yes	header.inc.php,branch_user_groups.php,branch_user_groups_permissins.php,footer.inc.php	yes	no	outbound-linked	unknown	session/header guard; form; ajax; print/pdf
branches_emails.php	root	branches_emails		branches emails	authenticated/unknown		branch	branches,branches_emails,functin,if	<?php echo $pagename; ?>	create,update,delete,send	4	no	yes	header.inc.php,branches_emails.php,sendsoundajax.php,rep12_main_section_grap.php,rep12_sub_section_grap.php,footer.inc.php	yes	no	outbound-linked	unknown	session/header guard; form; ajax; print/pdf
centeral_floors.php	root	centeral_floors		centeral floors	authenticated/unknown		branch	centeral_floors,complaints,functin,if	<?php echo centeral_floors_h($pagename); ?>	create,update,delete,send	4	no	no	header.inc.php,centeral_floors.php,sendsoundajax.php,footer.inc.php	yes	no	outbound-linked	unknown	session/header guard; form; ajax
centeral_sections.php	root	centeral_sections		centeral sections	authenticated/unknown		branch	centeral_sections,complaints,functin,if	<?php echo centeral_sections_h($pagename); ?>	create,update,delete,send	4	no	no	header.inc.php,centeral_sections.php,sendsoundajax.php,footer.inc.php	yes	no	outbound-linked	unknown	session/header guard; form; ajax
central-follow-up.php	root	central-follow-up		central follow up	authenticated/unknown		branch	functin,if	<?php echo $pagename;?>,<?php echo central_follow_up_h($pagename); ?>	create,update,delete	0	no	yes	header.inc.php,sms_class.php,central-follow-up.php,footer.inc.php,inquiries_sms.php,rate.php	yes	no	outbound-linked	unknown	session/header guard; form; ajax; print/pdf
centralSections.php	root	centralSections		centralSections	authenticated/unknown			centeral_floors,centeral_sections,central_ext_phone,outpatient_clinics				no	yes	header.inc.php,central_details.php,outpatient_clinics_sections.php,footer.inc.php	yes	no	outbound-linked	unknown	session/header guard; ajax; print/pdf
central_details.php	root	central_details		central details	authenticated/unknown			centeral_floors,centeral_sections,central_duty_time,central_ext_phone,insurance_companies				no	yes	header.inc.php,centralSections.php,central_details.php,footer.inc.php	yes	no	outbound-linked	unknown	session/header guard; ajax; print/pdf
central_duty_time.php	root	central_duty_time		central duty time	authenticated/unknown		branch	centeral_floors,centeral_sections,central_duty_time,functin,helper,if	<?php echo htmlspecialchars($pagename, ENT_QUOTES, ,<?php echo $pagename; ?>	create,update,delete,send	4	yes	yes	header.inc.php,SimpleXLSX.php,central_duty_time.php,city_grap.php,sendsoundajax.php,footer.inc.php	yes	no	outbound-linked	unknown	session/header guard; form; ajax; print/pdf; file handling/ref
central_ext.php	root	central_ext	السنترال	central ext	authenticated/unknown							no	no	header.inc.php,footer.inc.php	no	no	outbound-linked	unknown	session/header guard
central_ext_data.php	root	central_ext_data		central ext data	authenticated/unknown			centeral_sections,central_ext_phone,clinician_hospitals,clinicians				no	no	hr_session.php,config.php	yes	review	outbound-linked	unknown	ajax
central_ext_phone.php	root	central_ext_phone		central ext phone	authenticated/unknown		branch	centeral_floors,centeral_sections,central_ext_phone,functin,helper,if	<?php echo $pagename; ?>,<?php echo htmlspecialchars($pagename, ENT_QUOTES, 	create,update,delete,send	4	yes	yes	header.inc.php,SimpleXLSX.php,central_ext_phone.php,city_grap.php,sendsoundajax.php,footer.inc.php	yes	review	outbound-linked	unknown	session/header guard; form; ajax; print/pdf; file handling/ref
changePassword.php	root	changePassword		changePassword	authenticated/unknown			ra_users	./changePassword.php	update		no	no	header.inc.php,pageChangePass.php,changePassword.php,footer.inc.php	no	no	outbound-linked	unknown	session/header guard; form
change_duty_time_pdf.php	root	change_duty_time_pdf		change duty time pdf	authenticated/unknown		branch	bottom,branches,change_duty_time_request,holydays_type,html,ra_users		update,reply		yes	yes	hr_session.php,config.php,functions.php,multiLanguage.php,common.php,MyQuery.php,login.php,index.php,complaints_pdf.php,tcpdf_include.php,tcpdf_config_alt.php,tcpdf.php	yes	no	outbound-linked	unknown	session/header guard; ajax; print/pdf; file handling/ref
change_duty_time_request.php	root	change_duty_time_request	طلب تغيير وقت الدوام	change duty time request	authenticated/unknown		branch	change_duty_time_request,city,functin,if	<?php echo $pagename; ?>	create,update,delete,approve,send,reply	4,2	no	yes	header.inc.php,change_duty_time_request.php,sendsoundajax.php,change_duty_time_pdf.php,footer.inc.php	yes	no	outbound-linked	unknown	session/header guard; form; ajax; print/pdf
change_my_pass.php	root	change_my_pass		change my pass	authenticated/unknown			ra_users	./change_my_pass.php	update		no	no	header.inc.php,change_my_pass.php,footer.inc.php	no	no	outbound-linked	unknown	session/header guard; form
change_user_pass.php	root	change_user_pass		change user pass	authenticated/unknown			ra_users	change_user_pass.php?id=<?php echo $id; ?>	update		no	no	header.inc.php,users.php,change_user_pass.php,footer.inc.php	no	no	outbound-linked	unknown	session/header guard; form
claim_sheets_pdf.php	root	claim_sheets_pdf		claim sheets pdf	authenticated/unknown		branch	companies_groups,country_yakeen,html,lawsuit,lawsuit_payment_type,lawsuit_rejected_reason,lawsuit_request_status,ra_users,room_type		reject,reply		yes	yes	autoload.php,hr_session.php,config.php,functions.php,multiLanguage.php,common.php,MyQuery.php,index.php,medicalReport_pdf.php	yes	review	outbound-linked	unknown	ajax; print/pdf; file handling/ref
claimingAgainstOthers.php	root	claimingAgainstOthers	ALHAMMADI	claimingAgainstOthers	authenticated/unknown		company,branch	branches,claiming_against_others,companies_groups,countries,injury_type,output,ra_users,room_type,sms_archive	claimingAgainstOthers.php?t=<?php echo $claiming_h($claimingToken);?>	create,update,approve,send,reply	1	yes	yes	hr_session.php,config.php,functions.php,validationForm.php,multiLanguage.php,user.php,paginator.class.php,permissions.link.php,common.php,MyQuery.php,clientContract.php,clientVacations.php,sms_class.php,utility_claiming_aginest_others_en.php,utility_claiming_aginest_others.php,claimingAgainstOthersPrint.php,claimingAgainstOthers.php,umalquraCal.class.php,guaranteeAgreement_result.php	yes	no	outbound-linked	unknown	session/header guard; form; ajax; print/pdf; file handling/ref
claimingAgainstOthersPrint.php	root	claimingAgainstOthersPrint		claimingAgainstOthersPrint	authenticated/unknown			claiming_against_others,payment_guarantee				no	yes	hr_session.php,config.php	yes	review	outbound-linked	unknown	ajax; print/pdf
client_balance.php	root	client_balance		client balance	authenticated/unknown		branch			update		no	yes	header.inc.php,client_balance.php,footer.inc.php	yes	no	outbound-linked	unknown	session/header guard; ajax; print/pdf
client_funds.php	root	client_funds		client funds	authenticated/unknown		branch	clients_transfer_funds		update		no	yes	header.inc.php,client_funds.php,footer.inc.php	yes	no	outbound-linked	unknown	session/header guard; ajax; print/pdf
client_orders.php	root	client_orders		client orders	authenticated/unknown		branch	clients,order_status,order_status_add		update		no	yes	header.inc.php,client_orders.php,order_report.php,footer.inc.php	yes	no	outbound-linked	unknown	session/header guard; ajax; print/pdf
client_payments.php	root	client_payments		client payments	authenticated/unknown		branch					no	yes	header.inc.php,clients_payments.php,footer.inc.php	yes	no	outbound-linked	unknown	session/header guard; ajax; print/pdf
clinic_details.php	root	clinic_details	الفروع	clinic details	authenticated/unknown			clinics,companies_groups,country,specialized_clinics				no	yes	header.inc.php,clinicians_details.php,footer.inc.php	yes	no	outbound-linked	unknown	session/header guard; ajax; print/pdf
clinicians.php	root	clinicians		clinicians	authenticated/unknown		branch	clinician_hospitals,clinicians,clinics,companies_groups,country,specialized_clinics	clinicians.php	create,send		yes	yes	header.inc.php,clinicians.php,footer.inc.php	yes	review	outbound-linked	unknown	session/header guard; form; ajax; print/pdf; file handling/ref
cliniciansForm.php	root	cliniciansForm	ALHAMMADI	cliniciansForm	authenticated/unknown		branch	clinicians,clinicians_status_actions,country	cliniciansForm.php?t=<?php echo $t; ?>	create,update	1,4,2	yes	yes	hr_session.php,config.php,functions.php,validationForm.php,multiLanguage.php,user.php,paginator.class.php,permissions.link.php,common.php,MyQuery.php,clientContract.php,clientVacations.php,cliniciansFormResult.php,cliniciansForm.php,rep12_sub_section_client_grap.php,rep12_main_section_grap.php	yes	review	outbound-linked	unknown	form; ajax; print/pdf; file handling/ref
cliniciansFormResult.php	root	cliniciansFormResult	ALHAMMADI | NEWBORNS	cliniciansFormResult	authenticated/unknown							yes	no	hr_session.php,config.php,functions.php,validationForm.php,multiLanguage.php,user.php,paginator.class.php,permissions.link.php,common.php,MyQuery.php,clientContract.php,clientVacations.php	no	review	outbound-linked	unknown	file handling/ref
clinicians_data.php	root	clinicians_data		clinicians data	authenticated/unknown		branch	clinician_hospitals,clinicians,clinics,companies_groups,country,specialized_clinics	<?php echo $pagename; ?>			no	yes	header.inc.php,clinicians_details.php,footer.inc.php	yes	review	outbound-linked	unknown	session/header guard; form; ajax; print/pdf
clinicians_details.php	root	clinicians_details		clinicians details	authenticated/unknown		branch	clinician_hospitals,clinicians,clinics,companies_groups,country,specialized_clinics	<?php echo $pagename; ?>			no	yes	header.inc.php,clinicians_details.php,footer.inc.php	yes	review	outbound-linked	unknown	session/header guard; form; ajax; print/pdf
clinicians_edit.php	root	clinicians_edit		clinicians edit	authenticated/unknown		branch	clinician_hospitals,clinicians,clinics,companies_groups,country,specialized_clinics	clinicians_edit.php	create,update,delete,send		yes	yes	header.inc.php,clinicians_edit.php,footer.inc.php,clinicians_view.php	yes	review	outbound-linked	unknown	session/header guard; form; ajax; print/pdf; file handling/ref
clinicians_services.php	root	clinicians_services		clinicians services	authenticated/unknown		branch	certificate_upload,clinicians,clinicians_action,clinicians_action_type,clinicians_attachments,functin,if,ra_users,sms_sender_name,specialized_clinics	<?php echo $pagename; ?>	create,update,delete,send	0,1,4,2	yes	yes	header.inc.php,sms_class.php,Shortener.class.php,clinicians_services.php,clinicians.php,footer.inc.php,gmf.php,SL.php,govermental_serves_forms.php,sendsoundajax.php,clinicians_timeline.php,clinicians_grap.php,rep12_main_section_grap.php,inquired_section_grap.php	yes	no	outbound-linked	unknown	session/header guard; form; ajax; print/pdf; file handling/ref
clinicians_view.php	root	clinicians_view		clinicians view	authenticated/unknown		branch	clinician_hospitals,clinicians,clinics,companies_groups,specialized_clinics	<?php echo $pagename; ?>	delete		no	yes	header.inc.php,clinicians_edit.php,clinicians_view.php,clinicians.php,footer.inc.php	yes	review	outbound-linked	unknown	session/header guard; form; ajax; print/pdf
clinics_support_services_details.php	root	clinics_support_services_details		clinics support services details	authenticated/unknown		branch	clinics_support_services_details,functin,helper,if,outpatient_clinics	<?php echo $pagename; ?>	create,update,delete,send	4	yes	yes	header.inc.php,SimpleXLSX.php,clinics_support_services_details.php,city_grap.php,sendsoundajax.php,footer.inc.php	yes	no	outbound-linked	unknown	session/header guard; form; ajax; print/pdf; file handling/ref
code_data.php	root	code_data		code data	authenticated/unknown			services_codes				no	no	config.php	yes	review	outbound-linked	unknown	ajax
codes_section.php	root	codes_section		codes section	authenticated/unknown			codes_sections,insurance_companies,specialized_clinics				no	yes	header.inc.php,insurance_companies.php,packages_details.php,footer.inc.php	yes	no	outbound-linked	unknown	session/header guard; ajax; print/pdf
com_form.php	root	com_form		com form	authenticated/unknown					create		no	no	hr_session.php,config.php	no	review	outbound-linked	unknown	
comlaints_employees_emails.php	root	comlaints_employees_emails		comlaints employees emails	authenticated/unknown		branch	branches_departments,comlaints_employees_emails,complaints,functin,if,rep12_main_section,rep12_subsection	<?php echo $pagename; ?>	create,update,delete,send	4	no	yes	header.inc.php,form_token.php,comlaints_employees_emails.php,sendsoundajax.php,rep12_main_section_grap.php,rep12_sub_section_grap.php,footer.inc.php	yes	no	outbound-linked	unknown	session/header guard; form; ajax; print/pdf
comlaints_sender_email.php	root	comlaints_sender_email		comlaints sender email	authenticated/unknown		branch	comlaints_sender_email,if	<?php echo $pagename; ?>	create,update,delete,send		no	no	header.inc.php,form_token.php,OpensslEncryptDecrypt.php,comlaints_sender_email.php,footer.inc.php	yes	no	outbound-linked	unknown	session/header guard; form; ajax
comlaints_subsctions.php	root	comlaints_subsctions		comlaints subsctions	authenticated/unknown		branch	branches_departments,complaints,functin,if,rep12_main_section,rep12_subsection	<?php echo $pagename; ?>	create,update,delete,send	4	no	yes	header.inc.php,form_token.php,comlaints_subsctions.php,sendsoundajax.php,rep12_main_section_grap.php,footer.inc.php	yes	no	outbound-linked	unknown	session/header guard; form; ajax; print/pdf
comlaints_subsctions_emails.php	root	comlaints_subsctions_emails		comlaints subsctions emails	authenticated/unknown		branch	branches_departments,comlaints_subsctions_emails,functin,if,rep12_main_section,rep12_subsection	<?php echo $pagename; ?>	create,update,delete,send	4	no	yes	header.inc.php,form_token.php,comlaints_subsctions_emails.php,sendsoundajax.php,rep12_main_section_grap.php,rep12_sub_section_grap.php,footer.inc.php	yes	no	outbound-linked	unknown	session/header guard; form; ajax; print/pdf
commercial_cases.php	root	commercial_cases	Al Hammadi Hospitals Group	commercial cases	authenticated/unknown		branch	alhammadi_companies,branches,branches_departments,branches_emails,commercial_cases,commercial_cases_actions,commercial_cases_attachments,commercial_cases_payment_type,commercial_cases_reconciliation_installment,commercial_cases_required_documents_attachments,commercial_cases_statement_request,commercial_cases_status,commercial_cases_suspend_case_request,commercial_cases_suspend_case_request_status,date,department_sender_email,executive_title,executive_title_actions,functin,if,lawsuit_users_mobile,ra_users,sms_sender_name	<?php echo $pagename; ?>,<?php echo 	create,update,delete,reject,send,reply	0,1,4,11,16,9,14,5,6,7	yes	yes	header.inc.php,sms_class.php,OpensslEncryptDecrypt.php,form_token.php,PHPMailer.php,SMTP.php,Exception.php,commercial_cases.php,lawsuit_sessions_schedule.php,commercial_casesCheck.php,commercial_cases_reply_form.php,footer.inc.php,commercial_cases_forms.php,sendsoundajax.php,commercial_cases_reconciliation_pdf.php,commercial_cases_status_details.php,commercial_cases_pdf.php,commercial_cases_timeline.php,commercial_cases_suspend_case_request_pdf.php,commercial_cases_request_waiver_case.php,commercial_casesCheckٍReply.php,commercial_cases_session_pdf.php,commercial_cases_grap.php,rep12_main_section_grap.php,inquired_section_grap.php	yes	no	outbound-linked	unknown	session/header guard; form; ajax; print/pdf; file handling/ref
commercial_casesCheck.php	root	commercial_casesCheck		commercial casesCheck	authenticated/unknown		branch	branches,commercial_cases,commercial_cases_payment_type,commercial_cases_rejected_reason,commercial_cases_request_status,commercial_cases_statement_request,companies_groups,html,ra_users		reject,reply		yes	yes	autoload.php,hr_session.php,config.php,functions.php,multiLanguage.php,common.php,MyQuery.php,index.php,commercial_cases_reply_form_result.php,medicalReport_pdf.php	yes	review	outbound-linked	unknown	ajax; print/pdf; file handling/ref
commercial_casesCheckٍReply.php	root	commercial_casesCheckٍReply		commercial casesCheckٍReply	authenticated/unknown		branch	branches,commercial_cases,commercial_cases_payment_type,commercial_cases_rejected_reason,commercial_cases_request_status,commercial_cases_statement_request,companies_groups,html,ra_users		reject,reply		yes	yes	autoload.php,hr_session.php,config.php,functions.php,multiLanguage.php,common.php,MyQuery.php,index.php,commercial_cases_reply_form_result.php,medicalReport_pdf.php	yes	review	outbound-linked	unknown	ajax; print/pdf; file handling/ref
commercial_cases_details.php	root	commercial_cases_details		commercial cases details	authenticated/unknown		branch	branches,commercial_cases_actions,commercial_cases_reconciliation_status		reply	4,1	no	no	config.php,empty.php,commercial_cases_next_session.php,commercial_cases_reconciliation_options.php	yes	review	outbound-linked	unknown	ajax
commercial_cases_form_other.php	root	commercial_cases_form_other		commercial cases form other	authenticated/unknown							no	no	config.php	no	review	outbound-linked	unknown	
commercial_cases_forms.php	root	commercial_cases_forms		commercial cases forms	authenticated/unknown			alhammadi_companies				yes	no	hr_session.php,config.php,commercial_cases_form_other.php,empty.php,commercial_cases_next_session.php	yes	review	outbound-linked	unknown	ajax; file handling/ref
commercial_cases_next_session.php	root	commercial_cases_next_session		commercial cases next session	authenticated/unknown							no	no		no	review	unresolved	unknown	
commercial_cases_pdf.php	root	commercial_cases_pdf		commercial cases pdf	authenticated/unknown		branch	commercial_cases,commercial_cases_payment_type,commercial_cases_rejected_reason,commercial_cases_request_status,companies_groups,html,ra_users		reject,reply		yes	yes	autoload.php,hr_session.php,config.php,functions.php,multiLanguage.php,common.php,MyQuery.php,index.php,medicalReport_pdf.php	yes	review	outbound-linked	unknown	ajax; print/pdf; file handling/ref
commercial_cases_reconciliation_installment.php	root	commercial_cases_reconciliation_installment		commercial cases reconciliation installment	authenticated/unknown							no	no	config.php	no	review	outbound-linked	unknown	
commercial_cases_reconciliation_options.php	root	commercial_cases_reconciliation_options		commercial cases reconciliation options	authenticated/unknown							no	no	config.php,commercial_cases_reconciliation_installment.php	no	review	outbound-linked	unknown	
commercial_cases_reconciliation_pdf.php	root	commercial_cases_reconciliation_pdf		commercial cases reconciliation pdf	authenticated/unknown		branch	commercial_cases,commercial_cases_actions,commercial_cases_payment_type,commercial_cases_reconciliation_installment,commercial_cases_reconciliation_status,commercial_cases_rejected_reason,commercial_cases_request_status,companies_groups,country_yakeen,html,ra_users		reject,reply	16	yes	yes	autoload.php,hr_session.php,config.php,functions.php,multiLanguage.php,common.php,MyQuery.php,index.php,medicalReport_pdf.php	yes	review	outbound-linked	unknown	ajax; print/pdf; file handling/ref
commercial_cases_reply_form.php	root	commercial_cases_reply_form	ALHAMMADI	commercial cases reply form	authenticated/unknown		branch	commercial_cases,commercial_cases_actions,commercial_cases_attachments,commercial_cases_statement_request	commercial_cases_reply_form.php	create,update,delete,reply	14	yes	no	hr_session.php,config.php,functions.php,validationForm.php,multiLanguage.php,user.php,paginator.class.php,permissions.link.php,common.php,MyQuery.php,clientContract.php,clientVacations.php,form_token.php,commercial_cases_reply_form.php,commercial_cases_reply_form_result.php,rep12_sub_section_client_grap.php,rep12_main_section_grap.php	yes	no	outbound-linked	unknown	session/header guard; form; ajax; file handling/ref
commercial_cases_reply_form_result.php	root	commercial_cases_reply_form_result	ALHAMMADI | NEWBORNS	commercial cases reply form result	authenticated/unknown			commercial_cases_statement_request		update,reply		yes	no	hr_session.php,config.php,functions.php,validationForm.php,multiLanguage.php,user.php,paginator.class.php,permissions.link.php,common.php,MyQuery.php,clientContract.php,clientVacations.php,complaint_reply_form.php	yes	review	outbound-linked	unknown	ajax; file handling/ref
commercial_cases_session_pdf.php	root	commercial_cases_session_pdf		commercial cases session pdf	authenticated/unknown		branch	commercial_cases,commercial_cases_actions,companies_groups,html,ra_users		reject,reply	4	yes	yes	autoload.php,hr_session.php,config.php,functions.php,multiLanguage.php,common.php,MyQuery.php,index.php,medicalReport_pdf.php	yes	review	outbound-linked	unknown	ajax; print/pdf; file handling/ref
commercial_cases_status_details.php	root	commercial_cases_status_details		commercial cases status details	authenticated/unknown		branch	branches,commercial_cases_actions,commercial_cases_reconciliation_status		reply	4,1	no	no	config.php,empty.php,commercial_cases_next_session.php,commercial_cases_reconciliation_options.php	yes	review	outbound-linked	unknown	ajax
commercial_cases_timeline.php	root	commercial_cases_timeline		commercial cases timeline	authenticated/unknown		branch	branches,commercial_cases,commercial_cases_actions,commercial_cases_statement_request,commercial_cases_status,ra_users		reply	9,14,4	no	no	header.inc.php,birth_notification.php,footer.inc.php	yes	no	outbound-linked	unknown	session/header guard; ajax
complains_add_more_subsction.php	root	complains_add_more_subsction		complains add more subsction	authenticated/unknown		branch	branches_departments,rep12_main_section,rep12_subsection				no	no	hr_session.php,config.php,functions.php,validationForm.php,multiLanguage.php,user.php,paginator.class.php,permissions.link.php,common.php,MyQuery.php,rep12_main_section_grap.php,rep12_sub_section_client_grap.php,rep12_sub_section_employee_grap.php	yes	review	outbound-linked	unknown	ajax
complaintCheck.php	root	complaintCheck		complaintCheck	authenticated/unknown		branch	branches_departments,comlaints_employees_emails,companies_groups,complaints,complaints_reply,html,ra_users,rep12_main_section,rep12_subsection,rep_12_complainant_side		update,reply		no	yes	autoload.php,hr_session.php,config.php,functions.php,multiLanguage.php,common.php,MyQuery.php,index.php,complaints_pdf.php,complaintCheck_en.php,complaintCheck.php,barcode.php	yes	review	outbound-linked	unknown	ajax; print/pdf
complaintCheck_en.php	root	complaintCheck_en		complaintCheck en	authenticated/unknown		branch	bottom,branches_departments,comlaints_employees_emails,companies_groups,complaints,complaints_reply,html,ra_users,rep12_main_section,rep12_subsection,rep_12_complainant_side		update,reply		yes	yes	config.php,functions.php,index.php,complaints_pdf.php,tcpdf_include.php,tcpdf_config_alt.php,tcpdf.php,complaintCheck.php,barcode.php	yes	no	outbound-linked	unknown	session/header guard; ajax; print/pdf; file handling/ref
complaintCheckkTCPDF.php	root	complaintCheckkTCPDF		complaintCheckkTCPDF	authenticated/unknown		branch	bottom,branches_departments,comlaints_employees_emails,complaints,complaints_reply,html,ra_users,rep12_main_section,rep12_subsection,rep_12_complainant_side		update,reply		yes	yes	config.php,functions.php,index.php,complaints_pdf.php,complaintCheck_en.php,tcpdf_include.php,tcpdf_config_alt.php,tcpdf.php,complaintCheck.php	yes	no	outbound-linked	unknown	session/header guard; ajax; print/pdf; file handling/ref
complaintForm.php	root	complaintForm	ALHAMMADI	complaintForm	authenticated/unknown		branch	branches_departments,companies_groups,complaints,complaints_numbers,complaints_reply,rep_12_complainant_side	complaintForm.php	create,update,reply		yes	no	hr_session.php,config.php,functions.php,validationForm.php,multiLanguage.php,user.php,paginator.class.php,permissions.link.php,common.php,MyQuery.php,clientContract.php,clientVacations.php,form_token.php,complaintForm.php,complaint_form_result.php,complaint_form.php,rep12_sub_section_client_grap.php,rep12_main_section_grap.php	yes	review	outbound-linked	unknown	form; ajax; file handling/ref
complaint_closing_reasons_other.php	root	complaint_closing_reasons_other		complaint closing reasons other	authenticated/unknown							no	no	config.php	no	review	outbound-linked	unknown	
complaint_form.php	root	complaint_form	ALHAMMADI	complaint form	authenticated/unknown		branch	branches_departments,complaints,complaints_reply,ra_users,rep_12_complainant_side	complaint_form.php?t=<?php echo hh_html($_GET[	create,update,send,reply		yes	no	sms_class.php,Shortener.class.php,hr_session.php,config.php,functions.php,validationForm.php,multiLanguage.php,user.php,paginator.class.php,permissions.link.php,common.php,MyQuery.php,clientContract.php,clientVacations.php,form_token.php,complaint_form_result.php,complaint_form.php,rep12_sub_section_client_grap.php,rep12_main_section_grap.php	yes	review	outbound-linked	unknown	form; ajax; file handling/ref
complaint_form_result.php	root	complaint_form_result	ALHAMMADI	complaint form result	authenticated/unknown							yes	no	hr_session.php,config.php,functions.php,validationForm.php,multiLanguage.php,user.php,paginator.class.php,permissions.link.php,common.php,MyQuery.php,clientContract.php,clientVacations.php	no	review	outbound-linked	unknown	file handling/ref
complaint_letter_approval.php	root	complaint_letter_approval	ALHAMMADI | NEWBORNS	complaint letter approval	authenticated/unknown		branch	branches_departments,complaints,complaints_letter_issuance,rep12_main_section,rep12_subsection,rep_12_complainant_side	<?php echo $pagename; ?>,complaint_letter_approval.php?t=<?php echo hh_html($approval_token);?>	update,approve,send	1,2,4	yes	yes	hr_session.php,config.php,functions.php,validationForm.php,multiLanguage.php,user.php,paginator.class.php,permissions.link.php,common.php,MyQuery.php,clientContract.php,clientVacations.php,sms_class.php,form_token.php,utility.php,complaint_letter_approval.php,complaintsApprovalPdf.php,complaints_letter_approval_pdf.php,complaints.php,sendsoundajax.php,guaranteeAgreement.php	yes	review	outbound-linked	unknown	form; ajax; print/pdf; file handling/ref
complaint_letter_approval1.php	root	complaint_letter_approval1	ALHAMMADI | NEWBORNS	complaint letter approval1	authenticated/unknown		branch	branches_departments,complaints,complaints_letter_issuance,rep12_main_section,rep12_subsection,rep_12_complainant_side		update,approve	1,2	yes	yes	hr_session.php,config.php,functions.php,validationForm.php,multiLanguage.php,user.php,paginator.class.php,permissions.link.php,common.php,MyQuery.php,clientContract.php,clientVacations.php,sms_class.php,utility.php,complaint_letter_approval.php,complaintsApprovalPdf.php,complaints_letter_approval_pdf.php,complaints.php	yes	review	outbound-linked	unknown	ajax; print/pdf; file handling/ref
complaint_reply_form.php	root	complaint_reply_form	ALHAMMADI	complaint reply form	authenticated/unknown		branch	com_reson,complaints,complaints_reply	complaint_reply_form.php	create,update,send,reply	7	yes	no	hr_session.php,config.php,functions.php,validationForm.php,multiLanguage.php,user.php,paginator.class.php,permissions.link.php,common.php,MyQuery.php,clientContract.php,clientVacations.php,form_token.php,complaint_reply_form.php,complaint_reply_form_result.php,index.php,rep12_sub_section_client_grap.php,rep12_main_section_grap.php	yes	review	outbound-linked	unknown	form; ajax; file handling/ref
complaint_reply_form_result.php	root	complaint_reply_form_result	ALHAMMADI | NEWBORNS	complaint reply form result	authenticated/unknown			complaints,complaints_reply		update,reply	7	yes	no	hr_session.php,config.php,functions.php,validationForm.php,multiLanguage.php,user.php,paginator.class.php,permissions.link.php,common.php,MyQuery.php,clientContract.php,clientVacations.php,complaint_reply_form.php	yes	review	outbound-linked	unknown	ajax; file handling/ref
complaint_report.php	root	complaint_report		complaint report	authenticated/unknown		company,branch	branches_departments,complaints_status,maintenance_request_type,notice_type,ra_users,rep12_main_section,rep12_subsection,rep_12_complainant_side,report_12,report_12_patient,support_services,support_services_all,support_services_departments	<?php echo $pagename; ?>	update,delete	0,1,2	yes	yes	header.inc.php,sms_class.php,Shortener.class.php,form_token.php,complaint_report.php,rep12_main_section_grap.php,rep12_sub_section_grap.php,footer.inc.php	yes	no	outbound-linked	unknown	session/header guard; form; ajax; print/pdf; file handling/ref
complaint_request.php	root	complaint_request		complaint request	authenticated/unknown		branch	branches_departments,com_attitude,comlaints_employees_emails,complaints,complaints_numbers,ra_users,rep12_main_section,rep12_subsection,rep_12_complainant_side,sms_archive,sms_sender_name,transferal	<?php echo $pagename; ?>	create,update,delete,send	0,4	no	yes	header.inc.php,sms_class.php,Shortener.class.php,form_token.php,complaint_request.php,footer.inc.php,complaint_form.php,SL.php,complaint_request_pdf.php,complaints_request_action_input.php,sendsoundajax.php,rep12_main_section_grap.php,rep12_sub_section_client_grap.php,rep12_sub_section_employee_grap.php	yes	no	outbound-linked	unknown	session/header guard; form; ajax; print/pdf
complaint_request_pdf.php	root	complaint_request_pdf		complaint request pdf	authenticated/unknown		branch	bottom,branches_departments,companies_groups,complaints,complaints_reply,html,ra_users,rep12_main_section,rep12_subsection,rep_12_complainant_side		update,reply		yes	yes	hr_session.php,config.php,functions.php,common.php,login.php,index.php,complaints_pdf.php,tcpdf_include.php,tcpdf_config_alt.php,tcpdf.php	yes	review	outbound-linked	unknown	ajax; print/pdf; file handling/ref
complaint_request_pdf_en.php	root	complaint_request_pdf_en		complaint request pdf en	authenticated/unknown		branch	bottom,companies_groups,complaints,complaints_reply,html,rep12_main_section,rep12_subsection,rep_12_complainant_side		update,reply		yes	yes	hr_session.php,config.php,functions.php,common.php,login.php,index.php,complaints_pdf.php,tcpdf_include.php,tcpdf_config_alt.php,tcpdf.php	yes	review	outbound-linked	unknown	ajax; print/pdf; file handling/ref
complaint_third_party_subsection_grap.php	root	complaint_third_party_subsection_grap		complaint third party subsection grap	authenticated/unknown			complaint_letter_receiver				no	no	hr_session.php,config.php	yes	no	outbound-linked	unknown	session/header guard; ajax
complaints.php	root	complaints	Al Hammadi Hospitals Group	complaints	authenticated/unknown		branch	branches_departments,com_attitude,comlaints_employees_emails,comlaints_sender_email,comlaints_subsctions_emails,complaint_letter_receiver,complaints,complaints_letter_issuance,complaints_numbers,complaints_reply,complaints_status,functin,id,if,ra_users,rep12_main_section,rep12_subsection,rep_12_complainant_side,sms_archive,sms_sender_name,the,transferal	./complaints.php,<?php echo $pagename; ?>	create,update,delete,approve,send,reply	1,9,3,2,8,5,6,4,0,7	yes	yes	header.inc.php,sms_class.php,OpensslEncryptDecrypt.php,form_token.php,PHPMailer.php,SMTP.php,Exception.php,autoload.php,complaints.php,footer.inc.php,rep12_main_section_grap.php,rep12_sub_section_grap.php,rep12_employees_grap.php,complaintCheck.php,complaint_reply_form.php,complaint_reply_form11.php,complaint_letter_approval.php,SL.php,complaint_letter_approval1.php,rep12_sub_section_employee_grap.php,rep12_sub_section_client_grap.php,com_form.php,complaints_status_input.php,sendsoundajax.php,complaints_view.php,complaints_pdf.php,complaint_request_pdf.php,complaint_request_pdf_en.php,complaints_pdf1.php,complaints_letter_pdf.php	yes	no	menu	unknown	session/header guard; form; ajax; print/pdf; file handling/ref
complaintsApprovalPdf.php	root	complaintsApprovalPdf		complaintsApprovalPdf	authenticated/unknown		branch	branches_departments,comlaints_employees_emails,companies_groups,complaints,complaints_reply,html,ra_users,rep12_main_section,rep12_subsection,rep_12_complainant_side		update,reply	1	no	yes	autoload.php,hr_session.php,config.php,functions.php,multiLanguage.php,common.php,MyQuery.php,index.php,complaints_pdf.php,complaintCheck.php	yes	review	outbound-linked	unknown	ajax; print/pdf
complaints_confirm.php	root	complaints_confirm		complaints confirm	authenticated/unknown		branch	branches_departments,complaints,complaints_letter_issuance,complaints_reply,complaints_status,functin,if,rep12_main_section,rep12_subsection,rep_12_complainant_side,sms_archive,transferal	<?php echo $pagename; ?>	create,update,delete,send,reply	0,1,5,6,2,4	yes	yes	header.inc.php,sms_class.php,form_token.php,complaints_confirm.php,footer.inc.php,complaints_pdf.php,complaints_view.php,complaint_request_pdf.php,complaints_letter_pdf.php,complaints_letter_input.php,sendsoundajax.php,rep12_sub_section_grap.php	yes	no	outbound-linked	unknown	session/header guard; form; ajax; print/pdf; file handling/ref
complaints_letter.php	root	complaints_letter		complaints letter	authenticated/unknown		branch	branches_departments,companies_groups,complaint_letter_receiver,complaints,complaints_letter_issuance,html,ra_users,rep12_main_section,rep12_subsection,rep_12_complainant_side		reply		yes	yes	autoload.php,hr_session.php,config.php,functions.php,index.php,complaints_pdf.php,complaints_letter.php,barcode.php	yes	review	outbound-linked	unknown	ajax; print/pdf; file handling/ref
complaints_letter_approval_pdf.php	root	complaints_letter_approval_pdf		complaints letter approval pdf	authenticated/unknown		branch	branches_departments,companies_groups,complaint_letter_receiver,complaints,complaints_letter_issuance,html,ra_users,rep12_main_section,rep12_subsection,rep_12_complainant_side		reply		yes	yes	autoload.php,hr_session.php,config.php,functions.php,index.php,complaints_pdf.php,complaints_letter.php,barcode.php	yes	review	outbound-linked	unknown	ajax; print/pdf; file handling/ref
complaints_letter_pdf.php	root	complaints_letter_pdf		complaints letter pdf	authenticated/unknown		branch	branches_departments,companies_groups,complaint_letter_receiver,complaints,complaints_letter_issuance,html,ra_users,rep12_main_section,rep12_subsection,rep_12_complainant_side		reply		yes	yes	autoload.php,hr_session.php,config.php,functions.php,login.php,index.php,complaints_pdf.php,complaints_letter.php,barcode.php	yes	review	outbound-linked	unknown	ajax; print/pdf; file handling/ref
complaints_pdf.php	root	complaints_pdf		complaints pdf	authenticated/unknown		branch	branches_departments,comlaints_employees_emails,companies_groups,complaints,complaints_reply,html,ra_users,rep12_main_section,rep12_subsection,rep_12_complainant_side		update,reply	1,0	yes	yes	autoload.php,hr_session.php,config.php,functions.php,multiLanguage.php,common.php,MyQuery.php,login.php,index.php,complaints_pdf.php,complaintCheck.php,barcode.php	yes	review	outbound-linked	unknown	ajax; print/pdf; file handling/ref
complaints_request_action_input.php	root	complaints_request_action_input		complaints request action input	authenticated/unknown			rep12_main_section				no	no	hr_session.php,config.php,functions.php,validationForm.php,multiLanguage.php,common.php	yes	review	outbound-linked	unknown	ajax
complaints_status_input.php	root	complaints_status_input		complaints status input	authenticated/unknown			com_h_p,com_s,complaint_closing_reasons,complaints_reply,rep12_main_section		reply		no	yes	hr_session.php,config.php,functions.php,validationForm.php,multiLanguage.php,common.php,complaints_status_input_english_name.php,complaint_closing_reasons_other.php	yes	review	outbound-linked	unknown	ajax; print/pdf
complaints_status_input_english_name.php	root	complaints_status_input_english_name		complaints status input english name	authenticated/unknown			complaints				no	no	hr_session.php,config.php,functions.php,validationForm.php,multiLanguage.php,common.php	yes	review	outbound-linked	unknown	ajax
complaints_tcpdf.php	root	complaints_tcpdf		complaints tcpdf	authenticated/unknown		branch	bottom,branches_departments,comlaints_employees_emails,complaints,complaints_reply,html,ra_users,rep12_main_section,rep12_subsection,rep_12_complainant_side		update,reply	1	yes	yes	hr_session.php,config.php,functions.php,common.php,login.php,index.php,complaints_pdf.php,tcpdf_include.php,tcpdf_config_alt.php,tcpdf.php,complaintCheck.php	yes	review	outbound-linked	unknown	ajax; print/pdf; file handling/ref
complaints_v_pdf.php	root	complaints_v_pdf		complaints v pdf	authenticated/unknown		branch	bottom,branches_departments,companies_groups,complaints,complaints_reply,html,ra_users,rep12_main_section,rep12_subsection,rep_12_complainant_side		update,reply		yes	yes	hr_session.php,config.php,functions.php,common.php,login.php,index.php,complaints_pdf.php,tcpdf_include.php,tcpdf_config_alt.php,tcpdf.php,complaintCheck.php	yes	review	outbound-linked	unknown	ajax; print/pdf; file handling/ref
complaints_view.php	root	complaints_view		complaints view	authenticated/unknown		branch	branches_departments,complaints,complaints_letter_issuance,complaints_reply,complaints_status,ra_users,rep12_main_section,rep12_subsection,rep_12_complainant_side		update,reply	1,2	no	yes	header.inc.php,index.php,complaints_pdf.php,footer.inc.php	yes	no	outbound-linked	unknown	session/header guard; ajax; print/pdf
complaints_view_pdf.php	root	complaints_view_pdf		complaints view pdf	authenticated/unknown		branch	bottom,companies_groups,complaints,complaints_reply,complaints_status,html,ra_users		update,reply		yes	yes	hr_session.php,config.php,functions.php,common.php,login.php,index.php,complaints_pdf.php,tcpdf_include.php,tcpdf_config_alt.php,tcpdf.php	yes	review	outbound-linked	unknown	ajax; print/pdf; file handling/ref
contractSadq_pdf.php	root	contractSadq_pdf		contractSadq pdf	authenticated/unknown		branch	medical_services_agreement_sadq_transactions,payment_guarantee				no	yes	hr_session.php,config.php,functions.php,multiLanguage.php,common.php,MyQuery.php,login.php,index.php	yes	review	outbound-linked	unknown	ajax; print/pdf
corporate_communications.php	root	corporate_communications	Al Hammadi Hospitals Group	corporate communications	authenticated/unknown		branch	branches_departments,certificate_upload,companies_groups,corporate_communications,corporate_communications_action,corporate_communications_attachments,corporate_communications_deliver_to_agency,corporate_communications_deliver_to_postal,corporate_communications_receipt_reports,corporate_communications_replies,corporate_communications_replies_attachments,corporate_communications_return_delivering_letter_by_employee,corporate_communications_return_shipment,corporate_communications_sectors,corporate_communications_sendertitle,corporate_communications_shipment_request_document,corporate_communications_status,corporate_communications_timeline,department_sender_email,functin,government_circulars_issuing_authority,government_circulars_receiving_mechanism,government_circulars_sections,government_circulars_sections_administrators,if	<?php echo $pagename; ?>	create,update,delete,send	0,1,2,12,4,6,8,7,9,10,5,3,11	yes	yes	header.inc.php,sms_class.php,Shortener.class.php,OpensslEncryptDecrypt.php,form_token.php,PHPMailer.php,SMTP.php,Exception.php,corporate_communications.php,corporate_communications_form.php,SL.php,corporate_communications_deliver_to_agency_fotm.php,corporate_communications_form_returned.php,corporate_communications_cc_form.php,government_inspection_visits_cc_form.php,corporate_communications_get_date.php,empty.php,corporate_communications_status_input.php,sendsoundajax.php,corporate_communications_receipt_report.php,corporate_communications_timeline.php,corporate_communications_pdf_form.php,corporate_communications_automatic_reminder_pdf.php,corporate_communications_automatic_elevator_pdf.php,corporate_communications_department_statement_pdf.php,corporate_communications_draft_letter.php,corporate_communications_form_returned_pdf.php,corporate_communications_letter.php,corporate_communications_letter_no_header.php,corporate_communications_shipment_request_pdf.php	yes	no	outbound-linked	unknown	session/header guard; form; ajax; print/pdf; file handling/ref
corporate_communications_automatic_elevator_pdf.php	root	corporate_communications_automatic_elevator_pdf		corporate communications automatic elevator pdf	authenticated/unknown		branch	companies_groups_general,corporate_communications,corporate_communications_sectors,corporate_communications_sendertitle,corporate_communications_timeline,government_circulars_issuing_authority,government_circulars_issuing_authority_classification,government_circulars_receiving_mechanism,government_circulars_sections,government_circulars_sections_administrators,html,ra_users		send,reply	12	yes	yes	hr_session.php,autoload.php,config.php,functions.php,multiLanguage.php,common.php,MyQuery.php,OpensslEncryptDecrypt.php,index.php,corporate_communications_form.php,corporate_communications_form_reply.php,barcode.php	yes	no	outbound-linked	unknown	session/header guard; ajax; print/pdf; file handling/ref
corporate_communications_automatic_reminder_pdf.php	root	corporate_communications_automatic_reminder_pdf		corporate communications automatic reminder pdf	authenticated/unknown		branch	companies_groups_general,corporate_communications,corporate_communications_sectors,corporate_communications_sendertitle,corporate_communications_timeline,government_circulars_issuing_authority,government_circulars_issuing_authority_classification,government_circulars_receiving_mechanism,government_circulars_sections,government_circulars_sections_administrators,html,ra_users		send,reply	2	yes	yes	hr_session.php,autoload.php,config.php,functions.php,multiLanguage.php,common.php,MyQuery.php,OpensslEncryptDecrypt.php,index.php,corporate_communications_form.php,corporate_communications_form_reply.php,barcode.php	yes	no	outbound-linked	unknown	session/header guard; ajax; print/pdf; file handling/ref
corporate_communications_cc_form.php	root	corporate_communications_cc_form		corporate communications cc form	authenticated/unknown		branch	companies_groups_general,corporate_communications,corporate_communications_attachments,corporate_communications_receipt_reports,corporate_communications_sectors,corporate_communications_sendertitle,government_circulars_issuing_authority,government_circulars_issuing_authority_classification,government_circulars_receiving_mechanism,government_circulars_sections,government_circulars_sections_administrators,html,ra_users		update,send,reply	2,1	yes	yes	hr_session.php,autoload.php,config.php,functions.php,multiLanguage.php,common.php,MyQuery.php,OpensslEncryptDecrypt.php,index.php,corporate_communications_form.php,corporate_communications_form_reply.php,barcode.php	yes	no	outbound-linked	unknown	session/header guard; ajax; print/pdf; file handling/ref
corporate_communications_deliver_to_agency_fotm.php	root	corporate_communications_deliver_to_agency_fotm		corporate communications deliver to agency fotm	authenticated/unknown		branch	companies_groups_general,corporate_communications,corporate_communications_action,corporate_communications_deliver_to_agency,corporate_communications_deliver_to_postal,corporate_communications_sectors,corporate_communications_sendertitle,corporate_communications_shipment_request_document,government_circulars_issuing_authority,government_circulars_issuing_authority_classification,government_circulars_receiving_mechanism,government_circulars_sections,government_circulars_sections_administrators,html,ra_users		send,reply	4	yes	yes	hr_session.php,autoload.php,config.php,functions.php,multiLanguage.php,common.php,MyQuery.php,OpensslEncryptDecrypt.php,index.php,corporate_communications_form.php,corporate_communications_form_reply.php,barcode.php	yes	no	outbound-linked	unknown	session/header guard; ajax; print/pdf; file handling/ref
corporate_communications_deliver_to_agency_pdf.php	root	corporate_communications_deliver_to_agency_pdf		corporate communications deliver to agency pdf	authenticated/unknown		branch	companies_groups_general,corporate_communications,corporate_communications_action,corporate_communications_deliver_to_agency,corporate_communications_deliver_to_postal,corporate_communications_sectors,corporate_communications_sendertitle,corporate_communications_shipment_request_document,government_circulars_issuing_authority,government_circulars_issuing_authority_classification,government_circulars_receiving_mechanism,government_circulars_sections,government_circulars_sections_administrators,html,ra_users		send,reply	4	yes	yes	hr_session.php,autoload.php,config.php,functions.php,multiLanguage.php,common.php,MyQuery.php,OpensslEncryptDecrypt.php,index.php,corporate_communications_form.php,corporate_communications_form_reply.php,barcode.php	yes	no	outbound-linked	unknown	session/header guard; ajax; print/pdf; file handling/ref
corporate_communications_deliver_to_postal_pdf.php	root	corporate_communications_deliver_to_postal_pdf		corporate communications deliver to postal pdf	authenticated/unknown		branch	companies_groups_general,corporate_communications,corporate_communications_action,corporate_communications_deliver_to_postal,corporate_communications_sectors,corporate_communications_sendertitle,corporate_communications_shipment_request_document,government_circulars_issuing_authority,government_circulars_issuing_authority_classification,government_circulars_receiving_mechanism,government_circulars_sections,government_circulars_sections_administrators,html,ra_users		send,reply	4	yes	yes	hr_session.php,autoload.php,config.php,functions.php,multiLanguage.php,common.php,MyQuery.php,OpensslEncryptDecrypt.php,index.php,corporate_communications_form.php,corporate_communications_form_reply.php,barcode.php	yes	no	outbound-linked	unknown	session/header guard; ajax; print/pdf; file handling/ref
corporate_communications_department_statement_pdf.php	root	corporate_communications_department_statement_pdf		corporate communications department statement pdf	authenticated/unknown		branch	companies_groups_general,corporate_communications,corporate_communications_replies,corporate_communications_sectors,corporate_communications_sendertitle,government_circulars_issuing_authority,government_circulars_issuing_authority_classification,government_circulars_receiving_mechanism,government_circulars_sections,government_circulars_sections_administrators,html,ra_users		send,reply		yes	yes	hr_session.php,autoload.php,config.php,functions.php,multiLanguage.php,common.php,MyQuery.php,OpensslEncryptDecrypt.php,index.php,corporate_communications_form.php,corporate_communications_form_reply.php,corporate_communications_pdf_form.php,corporate_communications_draft_letter.php,barcode.php	yes	no	outbound-linked	unknown	session/header guard; ajax; print/pdf; file handling/ref
corporate_communications_draft_letter.php	root	corporate_communications_draft_letter	'.$contente.'	corporate communications draft letter	authenticated/unknown		branch	companies_groups_general,corporate_communications,corporate_communications_replies,corporate_communications_sectors,corporate_communications_sendertitle,government_circulars_issuing_authority,government_circulars_issuing_authority_classification,government_circulars_receiving_mechanism,government_circulars_sections,government_circulars_sections_administrators,html,ra_users		send,reply		yes	yes	hr_session.php,autoload.php,config.php,functions.php,multiLanguage.php,common.php,MyQuery.php,OpensslEncryptDecrypt.php,index.php,corporate_communications_form.php,barcode.php	yes	review	outbound-linked	unknown	ajax; print/pdf; file handling/ref
corporate_communications_form.php	root	corporate_communications_form		corporate communications form	authenticated/unknown		branch	companies_groups_general,corporate_communications,corporate_communications_receipt_reports,corporate_communications_sectors,corporate_communications_sendertitle,government_circulars_issuing_authority,government_circulars_issuing_authority_classification,government_circulars_receiving_mechanism,government_circulars_sections,government_circulars_sections_administrators,html,ra_users		update,send,reply	2	yes	yes	hr_session.php,autoload.php,config.php,functions.php,multiLanguage.php,common.php,MyQuery.php,OpensslEncryptDecrypt.php,index.php,corporate_communications_form.php,corporate_communications_form_reply.php,barcode.php	yes	no	outbound-linked	unknown	session/header guard; ajax; print/pdf; file handling/ref
corporate_communications_form_reply.php	root	corporate_communications_form_reply	ALHAMMADI	corporate communications form reply	authenticated/unknown			complaints,corporate_communications,corporate_communications_action,corporate_communications_attachments,corporate_communications_replies,corporate_communications_replies_attachments,corporate_communications_timeline	corporate_communications_form_reply.php?id=<?php echo hh_html($_GET[	create,update,delete,reply	3,2,5	yes	no	hr_session.php,config.php,functions.php,validationForm.php,multiLanguage.php,user.php,paginator.class.php,permissions.link.php,common.php,MyQuery.php,clientContract.php,clientVacations.php,OpensslEncryptDecrypt.php,form_token.php,corporate_communications_form_reply.php,index.php,corporate_communications_form_reply_result.php,corporate_communications_reletter.php,corporate_communications_letter_preview.php	yes	no	outbound-linked	unknown	session/header guard; form; ajax; file handling/ref
corporate_communications_form_reply_result.php	root	corporate_communications_form_reply_result	ALHAMMADI | NEWBORNS	corporate communications form reply result	authenticated/unknown			complaints,complaints_reply		update,reply		yes	no	hr_session.php,config.php,functions.php,validationForm.php,multiLanguage.php,user.php,paginator.class.php,permissions.link.php,common.php,MyQuery.php,clientContract.php,clientVacations.php,complaint_reply_form.php	yes	review	outbound-linked	unknown	ajax; file handling/ref
corporate_communications_form_returned.php	root	corporate_communications_form_returned		corporate communications form returned	authenticated/unknown		branch	companies_groups_general,corporate_communications,corporate_communications_action,corporate_communications_receipt_reports,corporate_communications_sectors,corporate_communications_sendertitle,government_circulars_issuing_authority,government_circulars_issuing_authority_classification,government_circulars_receiving_mechanism,government_circulars_sections,government_circulars_sections_administrators,html,ra_users		update,send,reply	5	yes	yes	hr_session.php,autoload.php,config.php,functions.php,multiLanguage.php,common.php,MyQuery.php,OpensslEncryptDecrypt.php,index.php,corporate_communications_form.php,corporate_communications_form_reply.php,barcode.php	yes	no	outbound-linked	unknown	session/header guard; ajax; print/pdf; file handling/ref
corporate_communications_form_returned_direction_pdf.php	root	corporate_communications_form_returned_direction_pdf		corporate communications form returned direction pdf	authenticated/unknown		branch	companies_groups_general,corporate_communications,corporate_communications_action,corporate_communications_replies,corporate_communications_sectors,corporate_communications_sendertitle,corporate_communications_shipment_request_document,government_circulars_issuing_authority,government_circulars_issuing_authority_classification,government_circulars_receiving_mechanism,government_circulars_sections,government_circulars_sections_administrators,html,ra_users		send,reply	9,4,7	yes	yes	hr_session.php,autoload.php,config.php,functions.php,multiLanguage.php,common.php,MyQuery.php,OpensslEncryptDecrypt.php,index.php,corporate_communications_form.php,barcode.php	yes	review	outbound-linked	unknown	ajax; print/pdf; file handling/ref
corporate_communications_form_returned_pdf.php	root	corporate_communications_form_returned_pdf		corporate communications form returned pdf	authenticated/unknown		branch	companies_groups,corporate_communications,corporate_communications_action,corporate_communications_sectors,corporate_communications_sendertitle,government_circulars_issuing_authority,government_circulars_issuing_authority_classification,government_circulars_receiving_mechanism,government_circulars_sections,html,ra_users		send,reply	5	yes	yes	hr_session.php,autoload.php,config.php,functions.php,multiLanguage.php,common.php,MyQuery.php,OpensslEncryptDecrypt.php,index.php,corporate_communications_form.php,barcode.php	yes	review	outbound-linked	unknown	ajax; print/pdf; file handling/ref
corporate_communications_get_date.php	root	corporate_communications_get_date		corporate communications get date	authenticated/unknown							no	no		no	review	unresolved	unknown	
corporate_communications_letter.php	root	corporate_communications_letter	'.$contente.'	corporate communications letter	authenticated/unknown		branch	companies_groups_general,corporate_communications,corporate_communications_replies,corporate_communications_sectors,corporate_communications_sendertitle,government_circulars_issuing_authority,government_circulars_issuing_authority_classification,government_circulars_receiving_mechanism,government_circulars_sections,government_circulars_sections_administrators,html,ra_users		send,reply	1	yes	yes	hr_session.php,autoload.php,config.php,functions.php,multiLanguage.php,common.php,MyQuery.php,OpensslEncryptDecrypt.php,index.php,corporate_communications_form.php,barcode.php	yes	review	outbound-linked	unknown	ajax; print/pdf; file handling/ref
corporate_communications_letter_no_header.php	root	corporate_communications_letter_no_header	'.$contente.'	corporate communications letter no header	authenticated/unknown		branch	companies_groups_general,corporate_communications,corporate_communications_replies,corporate_communications_sectors,corporate_communications_sendertitle,government_circulars_issuing_authority,government_circulars_issuing_authority_classification,government_circulars_receiving_mechanism,government_circulars_sections,government_circulars_sections_administrators,html,ra_users		send,reply	1	yes	yes	hr_session.php,autoload.php,config.php,functions.php,multiLanguage.php,common.php,MyQuery.php,OpensslEncryptDecrypt.php,index.php,corporate_communications_form.php,barcode.php	yes	review	outbound-linked	unknown	ajax; print/pdf; file handling/ref
corporate_communications_letter_preview.php	root	corporate_communications_letter_preview	'.$contente.'	corporate communications letter preview	authenticated/unknown		branch	companies_groups_general,corporate_communications,corporate_communications_sectors,corporate_communications_sendertitle,government_circulars_issuing_authority,government_circulars_issuing_authority_classification,government_circulars_receiving_mechanism,html,ra_users	corporate_communications_letter_preview.php?id=<?php echo $ex[0]; ?>|2	send,reply	1	yes	yes	hr_session.php,autoload.php,config.php,functions.php,multiLanguage.php,common.php,MyQuery.php,OpensslEncryptDecrypt.php,index.php,corporate_communications_letter_preview.php,corporate_communications_form.php,barcode.php	yes	review	outbound-linked	unknown	form; ajax; print/pdf; file handling/ref
corporate_communications_outgoing_letters.php	root	corporate_communications_outgoing_letters	Al Hammadi Hospitals Group	corporate communications outgoing letters	authenticated/unknown		company,branch	and,branches,branches_departments,certificate_upload,companies_groups,corporate_communications_outgoing_letters,corporate_communications_outgoing_letters_action,corporate_communications_outgoing_letters_attachments,corporate_communications_outgoing_letters_deliver_to_agency,corporate_communications_outgoing_letters_deliver_to_postal,corporate_communications_outgoing_letters_replies,corporate_communications_outgoing_letters_return_by_employee,corporate_communications_outgoing_letters_return_shipment,corporate_communications_outgoing_letters_shipment_request_docum,corporate_communications_outgoing_letters_status,corporate_communications_outgoing_letters_supplementary,corporate_communications_outgoing_letters_template,corporate_communications_outgoing_letters_timeline,corporate_communications_sectors,department_sender_email,functin,government_circulars_issuing_authority,government_circulars_sections_administrators,if,ra_users	<?php echo $pagename; ?>	create,update,delete,send	0,1,4,5,6,8,7,9,10,13,11,2	yes	yes	header.inc.php,sms_class.php,Shortener.class.php,OpensslEncryptDecrypt.php,form_token.php,PHPMailer.php,SMTP.php,Exception.php,corporate_communications_outgoing_letters.php,corporate_communications_outgoing_letters_modal.php,sendsoundajax.php,corporate_communications_outgoing_letters_status_input.php,corporate_communications_outgoing_letters_confirm.php,corporate_communications_outgoing_letters_timeline.php,corporate_communications_outgoing_letters_pdf_form.php,corporate_communications_outgoing_letters_letter.php,corporate_communications_outgoing_letters_letter_no_header.php,corporate_communications_outgoing_letters_shipment_request_pdf.php,corporate_communications_outgoing_letters_deliver_to_postal_pdf.php,corporate_communications_outgoing_letters_deliver_to_agency_pdf.php,corporate_communications_outgoing_letters_return_shipment_pdf.php,corporate_communications_outgoing_letters_return_by_employee_pdf.php,corporate_communications_outgoing_letters_supplementary_letter.php,corporate_communications_outgoing_letters_supplementary_letter_no_header.php,corporate_communications_outgoing_letters_returned_pdf.php,footer.inc.php,government_circulars_issuing_authority_grap.php	yes	no	outbound-linked	unknown	session/header guard; form; ajax; print/pdf; file handling/ref
corporate_communications_outgoing_lettersBk.php	root	corporate_communications_outgoing_lettersBk		corporate communications outgoing lettersBk	authenticated/unknown		branch	branches,branches_departments,certificate_upload,companies_groups,corporate_communications_outgoing_letters,corporate_communications_outgoing_letters_action,corporate_communications_outgoing_letters_attachments,corporate_communications_outgoing_letters_deliver_to_agency,corporate_communications_outgoing_letters_deliver_to_postal,corporate_communications_outgoing_letters_replies,corporate_communications_outgoing_letters_return_by_employee,corporate_communications_outgoing_letters_return_shipment,corporate_communications_outgoing_letters_shipment_request_docum,corporate_communications_outgoing_letters_status,corporate_communications_outgoing_letters_timeline,corporate_communications_sectors,corporate_communications_sendertitle,department_sender_email,functin,government_circulars_issuing_authority,government_circulars_sections_administrators,if	<?php echo $pagename; ?>	create,update,delete,send	0,1,4,6,8,7,9,10,11,3,2,5	yes	yes	header.inc.php,sms_class.php,Shortener.class.php,OpensslEncryptDecrypt.php,form_token.php,PHPMailer.php,SMTP.php,Exception.php,corporate_communications_outgoing_letters.php,corporate_communications_outgoing_letters_status_input.php,sendsoundajax.php,corporate_communications_outgoing_letters_receipt_report.php,corporate_communications_outgoing_letters_timeline.php,corporate_communications_outgoing_letters_pdf_form.php,corporate_communications_outgoing_letters_automatic_reminder_pdf.php,corporate_communications_outgoing_letters_automatic_elevator_pdf.php,corporate_communications_outgoing_letters_department_statement_pdf.php,corporate_communications_outgoing_letters_draft_letter.php,corporate_communications_outgoing_letters_form_returned_pdf.php,corporate_communications_outgoing_letters_letter.php,corporate_communications_outgoing_letters_shipment_request_pdf.php,corporate_communications_outgoing_letters_deliver_to_postal_pdf.php,corporate_communications_outgoing_letters_deliver_to_agency_pdf.php,corporate_communications_outgoing_letters_return_shipment_pdf.php,corporate_communications_outgoing_letters_return_by_employee_pdf.php,footer.inc.php,government_circulars_issuing_authority_grap.php	yes	no	outbound-linked	unknown	session/header guard; form; ajax; print/pdf; file handling/ref
corporate_communications_outgoing_letters_confirm.php	root	corporate_communications_outgoing_letters_confirm	Al Hammadi Hospitals Group	corporate communications outgoing letters confirm	authenticated/unknown		branch	branches,corporate_communications_outgoing_letters,corporate_communications_outgoing_letters_timeline,department_sender_email	corporate_communications_outgoing_letters_confirm.php?id=<?php echo $id; ?>&t=<?php echo hh_html($sms_tocken); ?>	create,update,send,reply	2,1	yes	no	hr_session.php,config.php,functions.php,validationForm.php,multiLanguage.php,user.php,PHPMailer.php,SMTP.php,Exception.php,paginator.class.php,permissions.link.php,common.php,MyQuery.php,clientContract.php,clientVacations.php,OpensslEncryptDecrypt.php,form_token.php,corporate_communications_outgoing_letters_confirm.php,index.php,corporate_communications_outgoing_letters.php,corporate_communications_form_reply_result.php,corporate_communications_outgoing_letters_view.php	yes	no	outbound-linked	unknown	session/header guard; form; ajax; file handling/ref
corporate_communications_outgoing_letters_deliver_to_agency_pdf.php	root	corporate_communications_outgoing_letters_deliver_to_agency_pdf		corporate communications outgoing letters deliver to agency pdf	authenticated/unknown		branch	branches,companies_groups_general,corporate_communications_outgoing_letters,corporate_communications_outgoing_letters_action,corporate_communications_outgoing_letters_deliver_to_agency,corporate_communications_outgoing_letters_deliver_to_postal,corporate_communications_outgoing_letters_shipment_request_docum,corporate_communications_sectors,corporate_communications_sendertitle,government_circulars_issuing_authority,government_circulars_receiving_mechanism,html,ra_users		send,reply	4	yes	yes	hr_session.php,autoload.php,config.php,functions.php,multiLanguage.php,common.php,MyQuery.php,index.php,corporate_communications_outgoing_letters_form.php,corporate_communications_outgoing_letters_form_reply.php,barcode.php	yes	review	outbound-linked	unknown	ajax; print/pdf; file handling/ref
corporate_communications_outgoing_letters_deliver_to_postal_pdf.php	root	corporate_communications_outgoing_letters_deliver_to_postal_pdf		corporate communications outgoing letters deliver to postal pdf	authenticated/unknown		branch	branches,companies_groups_general,corporate_communications_outgoing_letters,corporate_communications_outgoing_letters_action,corporate_communications_outgoing_letters_deliver_to_postal,corporate_communications_outgoing_letters_shipment_request_docum,corporate_communications_sectors,corporate_communications_sendertitle,government_circulars_issuing_authority,government_circulars_receiving_mechanism,html,ra_users		send,reply	4	yes	yes	hr_session.php,autoload.php,config.php,functions.php,multiLanguage.php,common.php,MyQuery.php,index.php,corporate_communications_outgoing_letters_form.php,corporate_communications_outgoing_letters_form_reply.php,barcode.php	yes	review	outbound-linked	unknown	ajax; print/pdf; file handling/ref
corporate_communications_outgoing_letters_letter.php	root	corporate_communications_outgoing_letters_letter	'.$letter_content.'	corporate communications outgoing letters letter	authenticated/unknown		branch	branches,companies_groups_general,corporate_communications_outgoing_letters,corporate_communications_outgoing_letters_action,corporate_communications_outgoing_letters_attachments,corporate_communications_replies,corporate_communications_sectors,corporate_communications_sendertitle,government_circulars_issuing_authority,government_circulars_issuing_authority_classification,government_circulars_receiving_mechanism,government_circulars_sections,government_circulars_sections_administrators,html,ra_users		send	0,1,5,4	yes	yes	hr_session.php,autoload.php,config.php,functions.php,multiLanguage.php,common.php,MyQuery.php,OpensslEncryptDecrypt.php,login.php,index.php,corporate_communications_form.php,barcode.php	yes	review	outbound-linked	unknown	ajax; print/pdf; file handling/ref
corporate_communications_outgoing_letters_letter_no_header.php	root	corporate_communications_outgoing_letters_letter_no_header	'.$letter_content.'	corporate communications outgoing letters letter no header	authenticated/unknown		branch	branches,companies_groups_general,corporate_communications_outgoing_letters,corporate_communications_outgoing_letters_action,corporate_communications_outgoing_letters_attachments,corporate_communications_replies,corporate_communications_sectors,corporate_communications_sendertitle,government_circulars_issuing_authority,government_circulars_issuing_authority_classification,government_circulars_receiving_mechanism,government_circulars_sections,government_circulars_sections_administrators,html,ra_users		send	0,1,5,4	yes	yes	hr_session.php,autoload.php,config.php,functions.php,multiLanguage.php,common.php,MyQuery.php,OpensslEncryptDecrypt.php,login.php,index.php,corporate_communications_form.php,barcode.php	yes	review	outbound-linked	unknown	ajax; print/pdf; file handling/ref
corporate_communications_outgoing_letters_modal.php	root	corporate_communications_outgoing_letters_modal		corporate communications outgoing letters modal	authenticated/unknown			corporate_communications_sendertitle		send		no	no	hr_session.php,config.php	yes	review	outbound-linked	unknown	ajax
corporate_communications_outgoing_letters_pdf_form.php	root	corporate_communications_outgoing_letters_pdf_form		corporate communications outgoing letters pdf form	authenticated/unknown		branch	branches,companies_groups_general,corporate_communications_outgoing_letters,corporate_communications_outgoing_letters_timeline,corporate_communications_sectors,corporate_communications_sendertitle,government_circulars_issuing_authority,government_circulars_receiving_mechanism,html,ra_users		send,reply	2	yes	yes	hr_session.php,autoload.php,config.php,functions.php,multiLanguage.php,common.php,MyQuery.php,index.php,corporate_communications_form.php,barcode.php	yes	review	outbound-linked	unknown	ajax; print/pdf; file handling/ref
corporate_communications_outgoing_letters_preview.php	root	corporate_communications_outgoing_letters_preview	'.$contente.'	corporate communications outgoing letters preview	authenticated/unknown		branch	companies_groups_general,corporate_communications_outgoing_letters,corporate_communications_outgoing_letters_attachments,corporate_communications_sectors,corporate_communications_sendertitle,government_circulars_issuing_authority,government_circulars_issuing_authority_classification,government_circulars_receiving_mechanism,html,ra_users	corporate_communications_outgoing_letters_preview.php?id=<?php echo $ex[0]; ?>|2	send,reply	1	yes	yes	hr_session.php,autoload.php,config.php,functions.php,multiLanguage.php,common.php,MyQuery.php,OpensslEncryptDecrypt.php,index.php,corporate_communications_outgoing_letters_preview.php,corporate_communications_form.php,barcode.php	yes	review	outbound-linked	unknown	form; ajax; print/pdf; file handling/ref
corporate_communications_outgoing_letters_return_by_employee_pdf.php	root	corporate_communications_outgoing_letters_return_by_employee_pdf		corporate communications outgoing letters return by employee pdf	authenticated/unknown		branch	branches,companies_groups_general,corporate_communications_outgoing_letters,corporate_communications_outgoing_letters_action,corporate_communications_outgoing_letters_deliver_to_agency,corporate_communications_outgoing_letters_return_by_employee,corporate_communications_sectors,corporate_communications_sendertitle,government_circulars_issuing_authority,government_circulars_receiving_mechanism,government_circulars_sections,government_circulars_sections_administrators,html,ra_users		send,reply	4	yes	yes	hr_session.php,autoload.php,config.php,functions.php,multiLanguage.php,common.php,MyQuery.php,index.php,corporate_communications_form.php,corporate_communications_form_reply.php,barcode.php	yes	no	outbound-linked	unknown	session/header guard; ajax; print/pdf; file handling/ref
corporate_communications_outgoing_letters_return_shipment_pdf.php	root	corporate_communications_outgoing_letters_return_shipment_pdf		corporate communications outgoing letters return shipment pdf	authenticated/unknown		branch	branches,companies_groups_general,corporate_communications_outgoing_letters,corporate_communications_outgoing_letters_action,corporate_communications_outgoing_letters_deliver_to_agency,corporate_communications_outgoing_letters_deliver_to_postal,corporate_communications_outgoing_letters_return_shipment,corporate_communications_outgoing_letters_shipment_request_docum,corporate_communications_sectors,corporate_communications_sendertitle,government_circulars_issuing_authority,government_circulars_receiving_mechanism,government_circulars_sections,government_circulars_sections_administrators,html,ra_users		send,reply	4	yes	yes	hr_session.php,autoload.php,config.php,functions.php,multiLanguage.php,common.php,MyQuery.php,OpensslEncryptDecrypt.php,index.php,corporate_communications_outgoing_letters_form.php,corporate_communications_outgoing_letters_form_reply.php,barcode.php	yes	no	outbound-linked	unknown	session/header guard; ajax; print/pdf; file handling/ref
corporate_communications_outgoing_letters_shipment_request_pdf.php	root	corporate_communications_outgoing_letters_shipment_request_pdf		corporate communications outgoing letters shipment request pdf	authenticated/unknown		branch	branches,companies_groups_general,corporate_communications_outgoing_letters,corporate_communications_outgoing_letters_action,corporate_communications_outgoing_letters_shipment_request_docum,corporate_communications_sectors,corporate_communications_sendertitle,government_circulars_issuing_authority,government_circulars_receiving_mechanism,html,ra_users		send,reply	4	yes	yes	hr_session.php,autoload.php,config.php,functions.php,multiLanguage.php,common.php,MyQuery.php,OpensslEncryptDecrypt.php,index.php,corporate_communications_outgoing_letters_form.php,corporate_communications_outgoing_letters_form_reply.php,barcode.php	yes	review	outbound-linked	unknown	ajax; print/pdf; file handling/ref
corporate_communications_outgoing_letters_status_input.php	root	corporate_communications_outgoing_letters_status_input		corporate communications outgoing letters status input	authenticated/unknown			corporate_communications_outgoing_letters,government_inspection_visits_abuses_and_notes				no	no	hr_session.php,config.php,functions.php,validationForm.php,multiLanguage.php,common.php	yes	review	outbound-linked	unknown	ajax
corporate_communications_outgoing_letters_supplementary_letter.php	root	corporate_communications_outgoing_letters_supplementary_letter	'.$content.'	corporate communications outgoing letters supplementary letter	authenticated/unknown		branch	companies_groups_general,corporate_communications_outgoing_letters,corporate_communications_outgoing_letters_action,corporate_communications_outgoing_letters_attachments,corporate_communications_outgoing_letters_supplementary,corporate_communications_replies,corporate_communications_sectors,corporate_communications_sendertitle,government_circulars_issuing_authority,government_circulars_issuing_authority_classification,government_circulars_receiving_mechanism,government_circulars_sections,government_circulars_sections_administrators,html,ra_users		send	1,5	yes	yes	hr_session.php,autoload.php,config.php,functions.php,multiLanguage.php,common.php,MyQuery.php,OpensslEncryptDecrypt.php,login.php,index.php,corporate_communications_form.php,barcode.php	yes	review	outbound-linked	unknown	ajax; print/pdf; file handling/ref
corporate_communications_outgoing_letters_supplementary_letter_no_header.php	root	corporate_communications_outgoing_letters_supplementary_letter_no_header	'.$content.'	corporate communications outgoing letters supplementary letter no header	authenticated/unknown		branch	branches,companies_groups_general,corporate_communications_outgoing_letters,corporate_communications_outgoing_letters_action,corporate_communications_outgoing_letters_attachments,corporate_communications_outgoing_letters_supplementary,corporate_communications_replies,corporate_communications_sectors,corporate_communications_sendertitle,government_circulars_issuing_authority,government_circulars_issuing_authority_classification,government_circulars_receiving_mechanism,government_circulars_sections,government_circulars_sections_administrators,html,ra_users		send	1,5	yes	yes	hr_session.php,autoload.php,config.php,functions.php,multiLanguage.php,common.php,MyQuery.php,OpensslEncryptDecrypt.php,login.php,index.php,corporate_communications_form.php,barcode.php	yes	review	outbound-linked	unknown	ajax; print/pdf; file handling/ref
corporate_communications_outgoing_letters_template.php	root	corporate_communications_outgoing_letters_template		corporate communications outgoing letters template	authenticated/unknown			corporate_communications_outgoing_letters_template				no	no	hr_session.php,config.php,functions.php,validationForm.php,multiLanguage.php,user.php,paginator.class.php,permissions.link.php,common.php,MyQuery.php	yes	review	outbound-linked	unknown	ajax
corporate_communications_outgoing_letters_template_form.php	root	corporate_communications_outgoing_letters_template_form		corporate communications outgoing letters template form	authenticated/unknown		branch		<?php echo outgoing_letters_template_h($pagename); ?>	create,update,delete		no	no	header.inc.php,form_token.php,corporate_communications_outgoing_letters_template_form.php,footer.inc.php	yes	no	outbound-linked	unknown	session/header guard; form; ajax
corporate_communications_outgoing_letters_timeline.php	root	corporate_communications_outgoing_letters_timeline		corporate communications outgoing letters timeline	authenticated/unknown		branch	administrative_directors,branches,corporate_communications_outgoing_letters,corporate_communications_outgoing_letters_status,corporate_communications_outgoing_letters_timeline,government_circulars_issuing_authority,government_circulars_sections,government_circulars_sections_administrators,ra_users			2,12	no	yes	header.inc.php,footer.inc.php	yes	no	outbound-linked	unknown	session/header guard; ajax; print/pdf
corporate_communications_outgoing_letters_view.php	root	corporate_communications_outgoing_letters_view	'.$letter_content.'	corporate communications outgoing letters view	authenticated/unknown		branch	companies_groups_general,corporate_communications_outgoing_letters,corporate_communications_outgoing_letters_attachments,corporate_communications_replies,corporate_communications_sectors,corporate_communications_sendertitle,government_circulars_issuing_authority,government_circulars_issuing_authority_classification,government_circulars_receiving_mechanism,government_circulars_sections,government_circulars_sections_administrators,html,ra_users		send,reply	1	yes	yes	hr_session.php,autoload.php,config.php,functions.php,multiLanguage.php,common.php,MyQuery.php,OpensslEncryptDecrypt.php,index.php,corporate_communications_form.php,barcode.php	yes	review	outbound-linked	unknown	ajax; print/pdf; file handling/ref
corporate_communications_pdf_form.php	root	corporate_communications_pdf_form		corporate communications pdf form	authenticated/unknown		branch	companies_groups_general,corporate_communications,corporate_communications_attachments,corporate_communications_sectors,corporate_communications_sendertitle,government_circulars_issuing_authority,government_circulars_issuing_authority_classification,government_circulars_receiving_mechanism,government_circulars_sections,government_circulars_sections_administrators,html,ra_users		send,reply	2	yes	yes	hr_session.php,autoload.php,config.php,functions.php,multiLanguage.php,common.php,MyQuery.php,OpensslEncryptDecrypt.php,index.php,corporate_communications_form.php,barcode.php	yes	no	outbound-linked	unknown	session/header guard; ajax; print/pdf; file handling/ref
corporate_communications_receipt_report.php	root	corporate_communications_receipt_report		corporate communications receipt report	authenticated/unknown			corporate_communications,corporate_communications_receipt_reports,government_circulars_issuing_authority,government_circulars_issuing_authority_classification,government_circulars_sections,government_circulars_sections_administrators				no	no	header.inc.php,footer.inc.php	yes	no	outbound-linked	unknown	session/header guard; ajax
corporate_communications_reletter.php	root	corporate_communications_reletter	'.$contente.'	corporate communications reletter	authenticated/unknown		branch	companies_groups_general,corporate_communications,corporate_communications_replies,corporate_communications_sectors,corporate_communications_sendertitle,government_circulars_issuing_authority,government_circulars_issuing_authority_classification,government_circulars_receiving_mechanism,government_circulars_sections,government_circulars_sections_administrators,html,ra_users		send,reply	1	yes	yes	hr_session.php,autoload.php,config.php,functions.php,multiLanguage.php,common.php,MyQuery.php,OpensslEncryptDecrypt.php,index.php,corporate_communications_form.php,barcode.php	yes	review	outbound-linked	unknown	ajax; print/pdf; file handling/ref
corporate_communications_return_delivering_letter_by_employee_pdf.php	root	corporate_communications_return_delivering_letter_by_employee_pdf		corporate communications return delivering letter by employee pdf	authenticated/unknown		branch	companies_groups_general,corporate_communications,corporate_communications_action,corporate_communications_deliver_to_agency,corporate_communications_return_delivering_letter_by_employee,corporate_communications_sectors,corporate_communications_sendertitle,government_circulars_issuing_authority,government_circulars_issuing_authority_classification,government_circulars_receiving_mechanism,government_circulars_sections,government_circulars_sections_administrators,html,ra_users		send,reply	4	yes	yes	hr_session.php,autoload.php,config.php,functions.php,multiLanguage.php,common.php,MyQuery.php,OpensslEncryptDecrypt.php,index.php,corporate_communications_form.php,corporate_communications_form_reply.php,barcode.php	yes	no	outbound-linked	unknown	session/header guard; ajax; print/pdf; file handling/ref
corporate_communications_return_shipment_pdf.php	root	corporate_communications_return_shipment_pdf		corporate communications return shipment pdf	authenticated/unknown		branch	companies_groups_general,corporate_communications,corporate_communications_action,corporate_communications_deliver_to_agency,corporate_communications_deliver_to_postal,corporate_communications_return_shipment,corporate_communications_sectors,corporate_communications_sendertitle,corporate_communications_shipment_request_document,government_circulars_issuing_authority,government_circulars_issuing_authority_classification,government_circulars_receiving_mechanism,government_circulars_sections,government_circulars_sections_administrators,html,ra_users		send,reply	4	yes	yes	hr_session.php,autoload.php,config.php,functions.php,multiLanguage.php,common.php,MyQuery.php,OpensslEncryptDecrypt.php,index.php,corporate_communications_form.php,corporate_communications_form_reply.php,barcode.php	yes	no	outbound-linked	unknown	session/header guard; ajax; print/pdf; file handling/ref
corporate_communications_senderTitle.php	root	corporate_communications_senderTitle		corporate communications senderTitle	authenticated/unknown		branch	complaints,corporate_communications_sendertitle,functin,if	<?php echo $pagename; ?>	create,update,delete,send	4	no	no	header.inc.php,form_token.php,corporate_communications_senderTitle.php,sendsoundajax.php,footer.inc.php	yes	no	outbound-linked	unknown	session/header guard; form; ajax
corporate_communications_shipment_request_pdf.php	root	corporate_communications_shipment_request_pdf		corporate communications shipment request pdf	authenticated/unknown		branch	companies_groups_general,corporate_communications,corporate_communications_action,corporate_communications_sectors,corporate_communications_sendertitle,corporate_communications_shipment_request_document,government_circulars_issuing_authority,government_circulars_issuing_authority_classification,government_circulars_receiving_mechanism,government_circulars_sections,government_circulars_sections_administrators,html,ra_users		send,reply	4	yes	yes	hr_session.php,autoload.php,config.php,functions.php,multiLanguage.php,common.php,MyQuery.php,OpensslEncryptDecrypt.php,index.php,corporate_communications_form.php,corporate_communications_form_reply.php,barcode.php	yes	no	outbound-linked	unknown	session/header guard; ajax; print/pdf; file handling/ref
corporate_communications_status_input.php	root	corporate_communications_status_input		corporate communications status input	authenticated/unknown			government_inspection_visits_abuses_and_notes				no	no	hr_session.php,config.php,functions.php,validationForm.php,multiLanguage.php,common.php	no	review	outbound-linked	unknown	
corporate_communications_timeline.php	root	corporate_communications_timeline		corporate communications timeline	authenticated/unknown		branch	administrative_directors,branches,corporate_communications,corporate_communications_status,corporate_communications_timeline,government_circulars_issuing_authority,government_circulars_sections,government_circulars_sections_administrators,ra_users			2,12	no	yes	header.inc.php,footer.inc.php	yes	no	outbound-linked	unknown	session/header guard; ajax; print/pdf
country.php	root	country		country	authenticated/unknown		branch	complaints,country,functin,if	<?php echo $pagename; ?>	create,update,delete,send	4	no	no	header.inc.php,form_token.php,country.php,sendsoundajax.php,footer.inc.php	yes	no	outbound-linked	unknown	session/header guard; form; ajax
course_registration_step2.php	root	course_registration_step2	مركز عدل للتدريب القانوني	course registration step2	authenticated/unknown		company		index.html			no	no		no	review	unresolved	unknown	form
coverage.php	root	coverage		coverage	authenticated/unknown		branch	branches,companies_groups,html,ra_users,service_coverage_memo,service_coverage_memo_send_to,service_coverage_memo_types		update,send		yes	yes	autoload.php,hr_session.php,config.php,functions.php,multiLanguage.php,common.php,MyQuery.php,memo_v_result.php,index.php	yes	no	outbound-linked	unknown	session/header guard; ajax; print/pdf; file handling/ref
crisis_management_pdf.php	root	crisis_management_pdf		crisis management pdf	authenticated/unknown		company,branch	booking_period,companies_groups,crisis_management,ehala_case_apology_type,forms_contacts,html,ra_users,room_type		reply		yes	yes	autoload.php,hr_session.php,config.php,functions.php,multiLanguage.php,common.php,MyQuery.php,index.php,complaints_pdf.php,crisis_management_pdf.php,barcode.php	yes	no	outbound-linked	unknown	session/header guard; ajax; print/pdf; file handling/ref
crisis_management_pdfBk.php	root	crisis_management_pdfBk		crisis management pdfBk	authenticated/unknown		branch	booking_period,bottom,crisis_management,data,ehala_case_apology_type,html,ra_users,room_type		update,reply		yes	yes	hr_session.php,config.php,functions.php,multiLanguage.php,common.php,MyQuery.php,index.php,complaints_pdf.php,crisis_management_pdf.php,tcpdf_include.php,tcpdf_config_alt.php,tcpdf.php	yes	no	outbound-linked	unknown	session/header guard; ajax; print/pdf; file handling/ref
crisis_management_tcpdf.php	root	crisis_management_tcpdf		crisis management tcpdf	authenticated/unknown		company,branch	booking_period,bottom,companies_groups,crisis_management,data,ehala_case_apology_type,forms_contacts,html,ra_users,room_type		update,reply		yes	yes	hr_session.php,config.php,functions.php,multiLanguage.php,common.php,MyQuery.php,index.php,complaints_pdf.php,crisis_management_pdf.php,tcpdf_include.php,tcpdf_config_alt.php,tcpdf.php	yes	no	outbound-linked	unknown	session/header guard; ajax; print/pdf; file handling/ref
death_reason.php	root	death_reason		death reason	authenticated/unknown		branch	complaints,death_reason,functin,if	<?php echo $pagename; ?>	create,update,delete,send	4	no	no	header.inc.php,form_token.php,death_reason.php,sendsoundajax.php,footer.inc.php	yes	no	menu	unknown	session/header guard; form; ajax
department_sender_email.php	root	department_sender_email		department sender email	authenticated/unknown		branch	department_sender_email,if	<?php echo $pagename; ?>	create,update,delete,send		no	no	header.inc.php,OpensslEncryptDecrypt.php,form_token.php,department_sender_email.php,footer.inc.php	yes	no	outbound-linked	unknown	session/header guard; form; ajax
direct_codes.php	root	direct_codes		direct codes	authenticated/unknown			direct_code,insurance_companies				no	yes	header.inc.php,footer.inc.php	yes	no	outbound-linked	unknown	session/header guard; ajax; print/pdf
docoters_guarantee_arabic_on_behalf_contractor_yakeen_step2.php	root	docoters_guarantee_arabic_on_behalf_contractor_yakeen_step2		docoters guarantee arabic on behalf contractor yakeen step2	authenticated/unknown			country_yakeen				no	no	hr_session.php,config.php,functions.php,validationForm.php,multiLanguage.php,user.php,paginator.class.php,permissions.link.php,common.php,MyQuery.php,umalquraCal.class.php,payment_guarantee_arabic_get_contractor_yakeen.php	yes	review	outbound-linked	unknown	ajax
doctor_guarantee_arabic_get_yakeen.php	root	doctor_guarantee_arabic_get_yakeen		doctor guarantee arabic get yakeen	authenticated/unknown		branch	country_yakeen				no	yes	hr_session.php,config.php,yakeen_v1.class.php,umalquraCal.class.php,doctor_guarantee_arabic_get_yakeen.php,payment_guarantee_arabic_get_yakeen.php	yes	review	outbound-linked	unknown	ajax; print/pdf
doctors_guarantee_arabic_yakeen_step2.php	root	doctors_guarantee_arabic_yakeen_step2		doctors guarantee arabic yakeen step2	authenticated/unknown			country_yakeen				no	no	hr_session.php,config.php,functions.php,validationForm.php,multiLanguage.php,user.php,paginator.class.php,permissions.link.php,common.php,MyQuery.php,umalquraCal.class.php,payment_guarantee_arabic_get_yakeen.php,doctor_guarantee_arabic_get_yakeen.php	yes	review	outbound-linked	unknown	ajax
doctors_search.php	root	doctors_search	البحث عن الاطباء	doctors search	authenticated/unknown							no	no	header.inc.php,footer.inc.php	no	no	outbound-linked	unknown	session/header guard
doctors_search_data.php	root	doctors_search_data		doctors search data	authenticated/unknown			clinician_hospitals,clinicians				no	no	hr_session.php,config.php	yes	review	outbound-linked	unknown	ajax
dscEmailTest.php	root	dscEmailTest		dscEmailTest	authenticated/unknown		branch	comlaints_sender_email		send		no	no	hr_session.php,config.php,functions.php,OpensslEncryptDecrypt.php,PHPMailer.php,Exception.php,SMTP.php,C:\PHPMailer\src\SMTP.php	yes	review	outbound-linked	unknown	ajax
dscEmailTestNk.php	root	dscEmailTestNk		dscEmailTestNk	authenticated/unknown		branch	comlaints_sender_email		send,reply		no	no	hr_session.php,config.php,functions.php,OpensslEncryptDecrypt.php,PHPMailer.php,Exception.php,SMTP.php,C:\PHPMailer\src\SMTP.php	yes	review	outbound-linked	unknown	ajax
ehala_case_apology_pdf.php	root	ehala_case_apology_pdf		ehala case apology pdf	authenticated/unknown		company,branch	companies_groups,countries,ehala_case_apology,ehala_case_apology_type,forms_contacts,html,ra_users				yes	yes	autoload.php,hr_session.php,config.php,functions.php,multiLanguage.php,common.php,MyQuery.php,index.php,complaints_pdf.php,ehala_case_apology_pdf.php,barcode.php	yes	no	outbound-linked	unknown	session/header guard; ajax; print/pdf; file handling/ref
ehala_case_apology_tcpdf.php	root	ehala_case_apology_tcpdf		ehala case apology tcpdf	authenticated/unknown		company,branch	bottom,companies_groups,countries,data,ehala_case_apology,ehala_case_apology_type,forms_contacts,html,ra_users		update		yes	yes	hr_session.php,config.php,functions.php,multiLanguage.php,common.php,MyQuery.php,index.php,complaints_pdf.php,ehala_case_apology_pdf.php,tcpdf_include.php,tcpdf_config_alt.php,tcpdf.php	yes	no	outbound-linked	unknown	session/header guard; ajax; print/pdf; file handling/ref
emailTest.php	root	emailTest		emailTest	authenticated/unknown		branch	comlaints_sender_email,file		send,reply		yes	yes	hr_session.php,config.php,functions.php,OpensslEncryptDecrypt.php,PHPMailer.php,SMTP.php,Exception.php,autoload.php,complaints.php,C:\PHPMailer\src\SMTP.php	yes	review	outbound-linked	unknown	ajax; print/pdf; file handling/ref
emda.php	root	emda		emda	authenticated/unknown			payment_guarantee				yes	no	hr_session.php,config.php,functions.php,multiLanguage.php,common.php,MyQuery.php	yes	review	outbound-linked	unknown	ajax; file handling/ref
emdha/claimingAgainstOthers.php	emdha	claimingAgainstOthers	ALHAMMADI	claimingAgainstOthers	authenticated/unknown		company,branch	branches,claiming_against_others,companies_groups,countries,injury_type,output,payment_guarantee,ra_users,room_type,sms_archive	claimingAgainstOthers.php?t=<?php echo $_GET[	create,update,approve,send,reply	1	yes	yes	hr_session.php,config.php,functions.php,validationForm.php,multiLanguage.php,user.php,paginator.class.php,permissions.link.php,common.php,MyQuery.php,clientContract.php,clientVacations.php,sms_class.php,utility.php,utility_claiming_aginest_others_en.php,utility_claiming_aginest_others.php,claimingAgainstOthersPrint.php,claimingAgainstOthers.php,umalquraCal.class.php,guaranteeAgreement_result.php	yes	no	outbound-linked	unknown	session/header guard; form; ajax; print/pdf; file handling/ref
emdha/claimingAgainstOthersBk.php	emdha	claimingAgainstOthersBk	ALHAMMADI	claimingAgainstOthersBk	authenticated/unknown		company,branch	alhammadi,any,branches,claiming_against_others,companies_groups,injury_type,nationality,output,presenting,ra_users,relative_relation,room_type,signatuers,sms_archive	claimingAgainstOthers.php?t=<?php echo $_GET[	create,update,approve,send,reply	1	yes	yes	hr_session.php,config.php,functions.php,validationForm.php,multiLanguage.php,user.php,paginator.class.php,permissions.link.php,common.php,MyQuery.php,clientContract.php,clientVacations.php,sms_class.php,utility_claiming_aginest_others.php,claimingAgainstOthers.php,claiming_against_others_pdf.php,guaranteeAgreement_result.php	yes	no	outbound-linked	unknown	session/header guard; form; ajax; print/pdf; file handling/ref
emdha/eSignEMDHASample.php	emdha	eSignEMDHASample		eSignEMDHASample	authenticated/unknown			output			1	yes	yes		no	review	unresolved	unknown	print/pdf; file handling/ref
emdha/emda.php	emdha	emda		emda	authenticated/unknown			payment_guarantee				yes	no	hr_session.php,config.php,functions.php,multiLanguage.php,common.php,MyQuery.php	yes	review	outbound-linked	unknown	ajax; file handling/ref
emdha/execTestCode.php	emdha	execTestCode		execTestCode	authenticated/unknown							no	yes		no	review	unresolved	unknown	print/pdf
emdha/guaranteeAgreement.php	emdha	guaranteeAgreement	ALHAMMADI	guaranteeAgreement	authenticated/unknown		company,branch	alhammadi,any,branches,companies_groups,esignemdhalogo,output,payment_guarantee,payment_guarantee_pdfbase64,presenting,ra_users,relative_relation,relatives,signatuers,sms_archive	guaranteeAgreement.php?t=<?php echo $_GET[	create,update,approve,send,reply	1	yes	yes	hr_session.php,config.php,functions.php,validationForm.php,multiLanguage.php,user.php,paginator.class.php,permissions.link.php,common.php,MyQuery.php,clientContract.php,clientVacations.php,sms_class.php,utility.php,guaranteeAgreement_result.php,guaranteeAgreemenPrint.php,guaranteeAgreement.php,umalquraCal.class.php	yes	no	outbound-linked	unknown	session/header guard; form; ajax; print/pdf; file handling/ref
emdha/index.php	emdha	index		index	authenticated/unknown			output			1	yes	yes	utility.php	no	review	menu	unknown	print/pdf; file handling/ref
emdha/paymentGuarantee.php	emdha	paymentGuarantee	إتفاقية تقديم خدمات طبية	paymentGuarantee	authenticated/unknown		company,branch	alhammadi,any,bottom,branches,certificate_upload,companies_groups,data,functin,html,if,payment_guarantee,payment_guarantee_attachments,payment_guarantee_pdfbase64,presenting,ra_users,relative_relation,relatives,signatuers,sms_archive,sms_sender_name	<?php echo $pagename; ?>,./complaints.php	create,update,delete,approve,send,reply	4	yes	yes	header.inc.php,sms_class.php,Shortener.class.php,paymentGuarantee.php,sendsoundajax.php,guaranteeAgreemenPrint.php,tcpdf_include.php,tcpdf_config_alt.php,tcpdf.php,guaranteeAgreement.php,SL.php,payment_guarantee_arabic.php,payment_guarantee_english.php,complaints.php,emdha_pdf.php,payment_guarantee_pdf.php,paymentGuarantee_timeline.php,footer.inc.php	yes	no	outbound-linked	unknown	session/header guard; form; ajax; print/pdf; file handling/ref
emdha/receivingTheCorpse.php	emdha	receivingTheCorpse	ALHAMMADI	receivingTheCorpse	authenticated/unknown		company,branch	branches,companies_groups,countries,death_reason,nationality,output,ra_users,receiving_the_corpse,relatives,sms_archive	receivingTheCorpse.php?t=<?php echo $_GET[	create,update,approve,send,reply	1	yes	yes	hr_session.php,config.php,functions.php,validationForm.php,multiLanguage.php,user.php,paginator.class.php,permissions.link.php,common.php,MyQuery.php,clientContract.php,clientVacations.php,sms_class.php,utility.php,utility_receiving_the_corpse_en.php,utility_receiving_the_corpse.php,receiving_the_corpsePrint.php,receivingTheCorpse.php,umalquraCal.class.php,guaranteeAgreement_result.php	yes	no	outbound-linked	unknown	session/header guard; form; ajax; print/pdf; file handling/ref
emdha/receiving_the_corpse.php	emdha	receiving_the_corpse	إقرار إستلام الجثمان و تصريح دفن	receiving the corpse	authenticated/unknown		company,branch	bottom,branches,certificate_upload,companies_groups,countries,death_reason,functin,html,if,nationality,ra_users,receiving_the_corpse,receiving_the_corpse_attachments,relatives,room_type,sms_archive,sms_sender_name	./complaints.php,<?php echo $pagename; ?>,<?php echo 	create,update,delete,approve,send,reply	0,4,1	yes	yes	header.inc.php,sms_class.php,Shortener.class.php,receiving_the_corpse.php,sendsoundajax.php,receiving_the_corpsePrint.php,tcpdf_config_alt.php,tcpdf.php,receivingTheCorpse.php,SL.php,paymentGuarantee.php,complaints.php,receiving_the_corpse_data.php,receiving_the_corpse_view.php,footer.inc.php	yes	no	outbound-linked	unknown	session/header guard; form; ajax; print/pdf; file handling/ref
emdha/receiving_the_corpsePrint.php	emdha	receiving_the_corpsePrint		receiving the corpsePrint	authenticated/unknown			payment_guarantee,receiving_the_corpse				no	yes	hr_session.php,config.php,functions.php,multiLanguage.php,common.php,MyQuery.php,index.php	yes	review	outbound-linked	unknown	ajax; print/pdf
emdha/receiving_the_corpse_data.php	emdha	receiving_the_corpse_data		receiving the corpse data	authenticated/unknown			countries,death_reason,relatives				no	no	hr_session.php,config.php,functions.php,validationForm.php,multiLanguage.php,user.php,paginator.class.php,permissions.link.php,common.php,MyQuery.php,payment_guarantee_hijri.php,payment_guarantee_gregorian.php	yes	review	outbound-linked	unknown	ajax
emdha/restoreData.php	emdha	restoreData		restoreData	authenticated/unknown			payment_guarantee		update,approve	1	yes	no	hr_session.php,config.php,functions.php,validationForm.php,multiLanguage.php,user.php,paginator.class.php,permissions.link.php,common.php,MyQuery.php,clientContract.php,clientVacations.php,sms_class.php,utility.php,guaranteeAgreement.php	no	review	outbound-linked	unknown	file handling/ref
emdha/utility.php	emdha	utility		utility	authenticated/unknown							yes	yes		no	review	unresolved	unknown	print/pdf; file handling/ref
emdha/utilityProduction.php	emdha	utilityProduction		utilityProduction	authenticated/unknown							yes	yes		no	review	unresolved	unknown	print/pdf; file handling/ref
emdha/utility_claiming_aginest_others.php	emdha	utility_claiming_aginest_others		utility claiming aginest others	authenticated/unknown							yes	yes		no	review	unresolved	unknown	print/pdf; file handling/ref
emdha/utility_claiming_aginest_othersBk.php	emdha	utility_claiming_aginest_othersBk		utility claiming aginest othersBk	authenticated/unknown							no	yes		no	review	unresolved	unknown	print/pdf
emdha/utility_claiming_aginest_others_en.php	emdha	utility_claiming_aginest_others_en		utility claiming aginest others en	authenticated/unknown							yes	yes		no	review	unresolved	unknown	print/pdf; file handling/ref
emdha/utility_receiving_the_corpse.php	emdha	utility_receiving_the_corpse		utility receiving the corpse	authenticated/unknown							yes	yes		no	review	unresolved	unknown	print/pdf; file handling/ref
emdha/utility_receiving_the_corpse_en.php	emdha	utility_receiving_the_corpse_en		utility receiving the corpse en	authenticated/unknown							yes	yes		no	review	unresolved	unknown	print/pdf; file handling/ref
emdha_pdf.php	root	emdha_pdf		emdha pdf	authenticated/unknown		branch	payment_guarantee				no	yes	hr_session.php,config.php,functions.php,multiLanguage.php,common.php,MyQuery.php,login.php,index.php	yes	review	outbound-linked	unknown	ajax; print/pdf
emdha_statistic.php	root	emdha_statistic		emdha statistic	authenticated/unknown			2023,payment_guarantee				no	no	header.inc.php,footer.inc.php	no	no	outbound-linked	unknown	session/header guard
emergency_calls_codes_reasons_grap.php	root	emergency_calls_codes_reasons_grap		emergency calls codes reasons grap	authenticated/unknown			database,emergency_calls_codes_reasons				no	no	hr_session.php,config.php	yes	review	outbound-linked	unknown	ajax
emergency_calls_codes_responsibles_grap.php	root	emergency_calls_codes_responsibles_grap		emergency calls codes responsibles grap	authenticated/unknown			database,emergency_calls_codes_responsibles				no	no	hr_session.php,config.php,functions.php,validationForm.php,multiLanguage.php,user.php,paginator.class.php,permissions.link.php,common.php,MyQuery.php	yes	review	outbound-linked	unknown	ajax
emergency_new_call.php	root	emergency_new_call		emergency new call	authenticated/unknown		branch	branches_area,centeral_sections,duty_period,emergency_calls_codes,emergency_new_call,emergency_new_call_responsibles,helper,maintenance_request_type,rep15_maintenance_departments	emergency_new_call.php	create,update,delete,send	4	no	no	header.inc.php,form_token.php,emergency_new_call.php,emergency_new_call_view.php,emergency_calls_codes_responsibles_grap.php,footer.inc.php,rep15_maintenance_departments_sections_grap.php,emergency_calls_codes_reasons_grap.php,sendsoundajax.php	yes	review	outbound-linked	unknown	session/header guard; form; ajax
emergency_new_call_view.php	root	emergency_new_call_view		emergency new call view	authenticated/unknown		branch	branches,branches_departments,centeral_sections,emergency_calls_codes,emergency_calls_codes_reasons,emergency_calls_codes_responsibles,emergency_new_call,emergency_new_call_responsibles,functin,helper,if,inquiries_and_services_reply,ra_users,rep12_main_section	./complaints.php,<?php echo $pagename; ?>	create,update,delete,send,reply	0,4	yes	yes	header.inc.php,form_token.php,emergency_new_call_view.php,complaints.php,footer.inc.php,emergency_new_call.php,rep12_subsection_grap.php,sendsoundajax.php	yes	no	outbound-linked	unknown	session/header guard; form; ajax; print/pdf; file handling/ref
emergency_unidentified_case_side.php	root	emergency_unidentified_case_side		emergency unidentified case side	authenticated/unknown		branch	branches_departments,comlaints_employees_emails,complaints,functin,if,rep12_main_section,rep12_subsection	<?php echo $pagename; ?>	create,update,delete,send	4	no	yes	header.inc.php,form_token.php,comlaints_employees_emails.php,sendsoundajax.php,rep12_main_section_grap.php,rep12_sub_section_grap.php,footer.inc.php	yes	no	outbound-linked	unknown	session/header guard; form; ajax; print/pdf
emp_evaluation_view.php	root	emp_evaluation_view		emp evaluation view	authenticated/unknown			emp_evaluation,ra_users	<?php echo $pagename;?>	create,send		no	yes	header.inc.php,form_token.php,emp_evaluation_view.php,footer.inc.php	yes	no	outbound-linked	unknown	session/header guard; form; ajax; print/pdf
employee_mandate.php	root	employee_mandate	إنتداب الموظف	employee mandate	authenticated/unknown		branch	clients,employee_mandate,helper		update,approve		no	yes	header.inc.php,employee_mandate.php,footer.inc.php,city_grap.php	yes	no	outbound-linked	unknown	session/header guard; ajax; print/pdf
empty.php	root	empty		empty	authenticated/unknown							no	no		no	review	unresolved	unknown	
entities_training_service.php	root	entities_training_service	الانتساب لدورة تدريبية	entities training service	authenticated/unknown		company	city,entities_training_service	entities_training_service.php	create		no	no	header.php,form_token.php,entities_training_service.php,index.php,services.php,footer.php	yes	review	outbound-linked	unknown	form; ajax
escape_report_form_pdf.php	root	escape_report_form_pdf		escape report form pdf	authenticated/unknown		company,branch	branches,companies_groups,emergency_escape_report_side,escape_report_form,forms_contacts,gender,html,nationality,ra_users				yes	yes	autoload.php,hr_session.php,config.php,functions.php,multiLanguage.php,common.php,MyQuery.php,escape_report_form_pdf.php,barcode.php	yes	no	outbound-linked	unknown	session/header guard; ajax; print/pdf; file handling/ref
escape_report_form_tcpdf.php	root	escape_report_form_tcpdf		escape report form tcpdf	authenticated/unknown		company,branch	bottom,branches,companies_groups,emergency_escape_report_side,escape_report_form,forms_contacts,gender,html,nationality,ra_users		update		yes	yes	hr_session.php,config.php,functions.php,multiLanguage.php,common.php,MyQuery.php,escape_report_form_pdf.php,tcpdf_include.php,tcpdf_config_alt.php,tcpdf.php	yes	no	outbound-linked	unknown	session/header guard; ajax; print/pdf; file handling/ref
executive_title.php	root	executive_title		executive title	authenticated/unknown		company,branch	branches_departments,certificate_upload,country_yakeen,executive_title,executive_title_actions,executive_title_attachments,executive_title_payment_type,executive_title_required_documents,executive_title_required_documents_attachments,executive_title_statement_request,executive_title_status,executive_title_suspend_case_request,functin,if,ra_users	<?php echo $pagename; ?>,<?php echo 	create,update,delete,approve,reject,send,reply	0,1,4,9,14,8,6,7	yes	yes	header.inc.php,form_token.php,executive_title.php,executive_title_sessions_schedule.php,footer.inc.php,payment_guarantee_hijri.php,payment_guarantee_gregorian.php,executive_title_status_details.php,sendsoundajax.php,executive_title_pdf.php,executive_title_timeline.php,executive_title_grap.php,rep12_main_section_grap.php,inquired_section_grap.php	yes	no	outbound-linked	unknown	session/header guard; form; ajax; print/pdf; file handling/ref
executive_title_complete_documents.php	root	executive_title_complete_documents		executive title complete documents	authenticated/unknown		branch	executive_title,executive_title_approval_status,executive_title_required_documents,executive_title_required_documents_attachments,the	<?php echo 	update,approve,reply	0,14	yes	yes	header.inc.php,form_token.php,executive_title_complete_documents.php,executive_title_documents_pdf.php,footer.inc.php	yes	no	outbound-linked	unknown	session/header guard; form; ajax; print/pdf; file handling/ref
executive_title_pdf.php	root	executive_title_pdf		executive title pdf	authenticated/unknown		company,branch	companies_groups,country_yakeen,executive_title,executive_title_payment_type,html,ra_users				yes	yes	autoload.php,hr_session.php,config.php,functions.php,multiLanguage.php,common.php,MyQuery.php,index.php,medicalReport_pdf.php	yes	review	outbound-linked	unknown	ajax; print/pdf; file handling/ref
executive_title_rcomplete_documents.php	root	executive_title_rcomplete_documents		executive title rcomplete documents	authenticated/unknown		branch	executive_title,executive_title_approval_status,executive_title_payment_type,executive_title_required_documents,executive_title_required_documents_attachments,the	<?php echo 	update,approve,reply	0,14	yes	yes	header.inc.php,form_token.php,executive_title_complete_documents.php,executive_title_documents_pdf.php,footer.inc.php	yes	no	outbound-linked	unknown	session/header guard; form; ajax; print/pdf; file handling/ref
executive_title_status_details.php	root	executive_title_status_details		executive title status details	authenticated/unknown			executive_title_required_documents				no	no	config.php	yes	review	outbound-linked	unknown	ajax
executive_title_timeline.php	root	executive_title_timeline		executive title timeline	authenticated/unknown		branch	branches,executive_title,executive_title_actions,executive_title_required_documents,executive_title_required_documents_attachments,executive_title_status,ra_users		reply		yes	no	header.inc.php,birth_notification.php,footer.inc.php	yes	no	outbound-linked	unknown	session/header guard; ajax; file handling/ref
financial.php	root	financial	HH	financial	authenticated/unknown		branch	financial_claim_notice,g_branch,g_files,g_users,incident_report_form_doctors,sms_archive	financial.php?id=	create,update,send		yes	yes	hr_session.php,config.php,functions.php,validationForm.php,multiLanguage.php,user.php,paginator.class.php,permissions.link.php,common.php,MyQuery.php,clientContract.php,clientVacations.php,sms_class.php,Shortener.class.php,OpensslEncryptDecrypt.php,form_token.php,PHPMailer.php,SMTP.php,Exception.php,GovernmentـreportsAnswer.php,Government_mas.php,financial.php,financial_claim_notice_pdfff.php,financial_claim_notice_pdff.php,financial_claim_notice_pdf.php	yes	no	outbound-linked	unknown	session/header guard; form; ajax; print/pdf; file handling/ref
financial_claim_notice.php	root	financial_claim_notice		financial claim notice	authenticated/unknown		branch	branches,branches_departments,financial_claim_notice_content,functin,if,rep12_main_section,sms_archive,sms_sender_name	./complaints.php,<?php echo $pagename; ?>	create,update,delete,send	0,4	no	yes	header.inc.php,sms_class.php,form_token.php,financial_claim_notice.php,complaints.php,footer.inc.php,financial.php,financial_claim_notice_pdfff.php,financial_claim_notice_pdff.php,financial_claim_notice_pdf.php,financial_fltier.php,sendsoundajax.php,contract_type_grap.php,rep12_main_section_grap.php	yes	no	outbound-linked	unknown	session/header guard; form; ajax; print/pdf
financial_claim_notice_contract_type.php	root	financial_claim_notice_contract_type		financial claim notice contract type	authenticated/unknown							no	no		no	review	unresolved	unknown	
financial_claim_notice_pdf.php	root	financial_claim_notice_pdf		financial claim notice pdf	authenticated/unknown		company,branch	companies_groups,financial_claim_notice,html,ra_users				no	yes	autoload.php,hr_session.php,config.php,functions.php,multiLanguage.php,common.php,MyQuery.php,index.php,complaints_pdf.php,financial_claim_notice_pdf.php,barcode.php	yes	review	outbound-linked	unknown	ajax; print/pdf
financial_claim_notice_pdff.php	root	financial_claim_notice_pdff		financial claim notice pdff	authenticated/unknown		company,branch	companies_groups,financial_claim_notice,html,ra_users				no	yes	autoload.php,hr_session.php,config.php,functions.php,multiLanguage.php,common.php,MyQuery.php,index.php,complaints_pdf.php,financial_claim_notice_pdf.php,barcode.php	yes	review	outbound-linked	unknown	ajax; print/pdf
financial_claim_notice_pdfff.php	root	financial_claim_notice_pdfff		financial claim notice pdfff	authenticated/unknown		company,branch	companies_groups,financial_claim_notice,html,ra_users				no	yes	autoload.php,hr_session.php,config.php,functions.php,multiLanguage.php,common.php,MyQuery.php,index.php,complaints_pdf.php,financial_claim_notice_pdf.php,barcode.php	yes	review	outbound-linked	unknown	ajax; print/pdf
financial_fltier.php	root	financial_fltier		financial fltier	authenticated/unknown			country_yakeen,gender				no	no	hr_session.php,config.php,empty.php,financial_claim_notice_contract_type.php,payment_guarantee_hijri.php,payment_guarantee_gregorian.php,govermental_serves_representative_forms.php	yes	review	outbound-linked	unknown	ajax
fliter_reportss.php	root	fliter_reportss		fliter reportss	authenticated/unknown		branch	comlaints_employees_emails,g_sectionsub,rep12_subsection				no	no	hr_session.php,config.php,common.php	yes	no	outbound-linked	unknown	session/header guard; ajax
floors_details.php	root	floors_details		floors details	authenticated/unknown			floors,floors_details,insurance_companies				no	yes	header.inc.php,footer.inc.php	yes	no	outbound-linked	unknown	session/header guard; ajax; print/pdf
floors_sections.php	root	floors_sections		floors sections	authenticated/unknown			floors				no	yes	header.inc.php,floors_details.php,footer.inc.php	yes	no	outbound-linked	unknown	session/header guard; ajax; print/pdf
fonts/complaints_letter_pdf.php	fonts	complaints_letter_pdf		complaints letter pdf	authenticated/unknown		branch	branches_departments,complaint_letter_receiver,complaints,complaints_letter_issuance,html,ra_users,rep12_main_section,rep12_subsection,rep_12_complainant_side		reply		no	yes	autoload.php,hr_session.php,config.php,functions.php,login.php,index.php,complaints_pdf.php,complaints_letter.php	yes	review	outbound-linked	unknown	ajax; print/pdf
fonts/mpdf/complaints_letter_pdf.php	fonts	complaints_letter_pdf		complaints letter pdf	authenticated/unknown		branch	branches_departments,complaint_letter_receiver,complaints,complaints_letter_issuance,html,ra_users,rep12_main_section,rep12_subsection,rep_12_complainant_side		reply		no	yes	autoload.php,hr_session.php,config.php,functions.php,login.php,index.php,complaints_pdf.php,complaints_letter.php	yes	review	outbound-linked	unknown	ajax; print/pdf
fonts/purchases_invoices_view.php	fonts	purchases_invoices_view		purchases invoices view	authenticated/unknown		branch	ac_constraints,ac_journal,account_suppliers,accounts_tree,branch_users,costcenter,moving_average,products,purchase_invoice_setting,purchase_invoices,purchase_invoices_items,treeview_items		create,update,delete,approve		no	yes	header.inc.php,purchases_invoices_view.php,footer.inc.php,index.php,purchase_invoice.php,purchase_invoices_print.php,purchase_invoice_edit.php	yes	no	outbound-linked	unknown	session/header guard; ajax; print/pdf
fonts/traffic_accidents_pdf.php	fonts	traffic_accidents_pdf		traffic accidents pdf	authenticated/unknown		company,branch	branches,companies_groups,forms_contacts,html,ra_users,traffic_accidents,traffic_accidents_health_status,traffic_accidents_incident_types,traffic_accidents_recipients				yes	yes	autoload.php,hr_session.php,config.php,functions.php,multiLanguage.php,common.php,MyQuery.php,index.php,complaints_pdf.php,traffic_accidents_pdf.php,barcode.php	yes	no	outbound-linked	unknown	session/header guard; ajax; print/pdf; file handling/ref
footer.inc.php	root	footer.inc		footer.inc	authenticated/unknown							no	no	term_data.php,code_data.php,central_ext_data.php,doctors_search_data.php	no	review	outbound-linked	unknown	
forgot_password.php	root	forgot_password	HH	forgot password	authenticated/unknown			ra_users,sms_auth	forgot_password.php	create,send		no	no	hr_session.php,config.php,functions.php,validationForm.php,userClass.php,common.php,MyQuery.php,multiLanguage.php,sms_class.php,forgot_password.php,forgot_password_opt.php,login.php	yes	review	outbound-linked	unknown	form; ajax
forgot_password_opt.php	root	forgot_password_opt	HH	forgot password opt	authenticated/unknown			ra_users,sms_auth	forgot_password_opt.php	create,send		no	no	hr_session.php,config.php,functions.php,validationForm.php,userClass.php,common.php,MyQuery.php,multiLanguage.php,sms_class.php,index.php,forgot_password_opt.php,forgot_password_reset.php	yes	review	outbound-linked	unknown	form; ajax
forgot_password_reset.php	root	forgot_password_reset	HH	forgot password reset	authenticated/unknown			ra_users	forgot_password_reset.php	update		no	no	hr_session.php,config.php,functions.php,validationForm.php,userClass.php,common.php,MyQuery.php,multiLanguage.php,forgot_password_reset.php,login.php	no	review	outbound-linked	unknown	form
forgot_pssword.php	root	forgot_pssword		forgot pssword	authenticated/unknown		company,branch	company_setting,ra_users	login.php	update		yes	no	hr_session.php,config.php,functions.php,validationForm.php,userClass.php,common.php,MyQuery.php,multiLanguage.php,logout.php,forgot_password.php,login.php	yes	review	outbound-linked	unknown	form; ajax; file handling/ref
g_pdf.php	root	g_pdf		g pdf	authenticated/unknown		branch	g_data,g_requestdelivry,g_sections,g_sectionsub,g_timestatus,g_view,government_circulars_sections,government_circulars_sections_administrators,ra_users		send	2,1	yes	yes	header.inc.php,footer.inc.php	yes	no	outbound-linked	unknown	session/header guard; ajax; print/pdf; file handling/ref
g_report.php	root	g_report	الختم الرسمي	g report	authenticated/unknown		branch	companies_groups,g_data,g_filesanswer,g_requestdelivry,g_sections,g_sectionsub,g_timestatus,g_view,government_circulars_sections,html,ra_users		create,update,send	2,4	yes	yes	autoload.php,hr_session.php,config.php,functions.php,multiLanguage.php,common.php,MyQuery.php,G.php,Government_reportss_pdf.php	yes	no	outbound-linked	unknown	session/header guard; ajax; print/pdf; file handling/ref
g_sitting-search.php	root	g_sitting-search		g sitting search	authenticated/unknown		branch	g_branch				no	no	header.inc.php,MEDICINE_DIAGNOSED_CODE.php,g_sitting.php,footer.inc.php	no	no	outbound-linked	unknown	session/header guard; form
g_sitting.php	root	g_sitting		g sitting	authenticated/unknown		branch	functin,g_branch	/g_sitting.php	create,update		no	no	header.inc.php,Governmentـreportss.php,sms_class.php,OpensslEncryptDecrypt.php,PHPMailer.php,SMTP.php,Exception.php,g_sitting.php,g_update.php,footer.inc.php	yes	no	outbound-linked	unknown	session/header guard; form; ajax
g_timeline.php	root	g_timeline		g timeline	authenticated/unknown		branch	g_branch,g_data,g_requestdelivry,g_sections,g_sectionsub,g_status,g_timestatus,g_users,ra_users		send	2,5,4,1,9	yes	no	header.inc.php,footer.inc.php	yes	no	outbound-linked	unknown	session/header guard; ajax; file handling/ref
g_update.php	root	g_update		g update	authenticated/unknown		branch	functin,g_branch	/g_update.php	update		no	no	header.inc.php,Governmentـreportss.php,sms_class.php,OpensslEncryptDecrypt.php,PHPMailer.php,SMTP.php,Exception.php,g_sitting.php,g_update.php,footer.inc.php	no	no	outbound-linked	unknown	session/header guard; form
g_user.php	root	g_user		g user	authenticated/unknown		branch	g_branch,g_users	/g_user.php	create,update		no	no	header.inc.php,Governmentـreportss.php,sms_class.php,OpensslEncryptDecrypt.php,PHPMailer.php,SMTP.php,Exception.php,g_user.php,footer.inc.php	yes	no	outbound-linked	unknown	session/header guard; form; ajax
getYakeen.php	root	getYakeen		getYakeen	authenticated/unknown							no	no		no	review	unresolved	unknown	
getYakeen1.php	root	getYakeen1		getYakeen1	authenticated/unknown							no	no	yakeen.class.php	no	review	outbound-linked	unknown	
get_info.php	root	get_info		get info	authenticated/unknown			holydays_type				no	no	hr_session.php,config.php,login.php	yes	review	outbound-linked	unknown	ajax
get_name.php	root	get_name		get name	authenticated/unknown			user_client				no	no	config.php	no	review	outbound-linked	unknown	
get_orders_status_reason.php	root	get_orders_status_reason		get orders status reason	authenticated/unknown			rep10_status_reason				no	no	hr_session.php,config.php,functions.php,validationForm.php,multiLanguage.php,user.php,paginator.class.php,permissions.link.php,common.php,MyQuery.php	yes	review	outbound-linked	unknown	ajax
gmf.php	root	gmf	ALHAMMADI	gmf	authenticated/unknown		branch	governmental_services,governmental_services_couples_answers	gmf.php?t=<?php echo $_GET[	create,update		yes	no	hr_session.php,config.php,functions.php,validationForm.php,multiLanguage.php,user.php,paginator.class.php,permissions.link.php,common.php,MyQuery.php,clientContract.php,clientVacations.php,gmf_result.php,gmf.php,rep12_sub_section_client_grap.php,rep12_main_section_grap.php	yes	review	outbound-linked	unknown	form; ajax; file handling/ref
gmf_result.php	root	gmf_result	ALHAMMADI	gmf result	authenticated/unknown							yes	no	hr_session.php,config.php,functions.php,validationForm.php,multiLanguage.php,user.php,paginator.class.php,permissions.link.php,common.php,MyQuery.php,clientContract.php,clientVacations.php	no	review	outbound-linked	unknown	file handling/ref
govermental_serves_forms.php	root	govermental_serves_forms		govermental serves forms	authenticated/unknown			country_yakeen,gender				no	no	hr_session.php,config.php,govermental_serves_medical_forms.php,govermental_serves_marriage_forms.php,payment_guarantee_hijri.php,payment_guarantee_gregorian.php,govermental_serves_representative_forms.php	yes	review	outbound-linked	unknown	ajax
govermental_serves_marriage_forms.php	root	govermental_serves_marriage_forms		govermental serves marriage forms	authenticated/unknown			country_yakeen				no	no	hr_session.php,config.php,payment_guarantee_hijri.php,payment_guarantee_gregorian.php,governmental_services_hijri_wife.php,governmental_services_gregorian_wife.php	yes	review	outbound-linked	unknown	ajax
govermental_serves_medical_forms.php	root	govermental_serves_medical_forms		govermental serves medical forms	authenticated/unknown			country_yakeen				no	no	hr_session.php,config.php,payment_guarantee_hijri.php,payment_guarantee_gregorian.php	yes	review	outbound-linked	unknown	ajax
govermental_serves_representative_forms.php	root	govermental_serves_representative_forms		govermental serves representative forms	authenticated/unknown			country_yakeen				no	no	hr_session.php,config.php,payment_guarantee_hijri.php,payment_guarantee_gregorian.php	yes	review	outbound-linked	unknown	ajax
government_circulars.php	root	government_circulars	Al Hammadi Hospitals Group	government circulars	authenticated/unknown		branch	branches_departments,certificate_upload,companies_groups,department_sender_email,functin,government_circulars_action,government_circulars_attachments,government_circulars_issuing_authority,government_circulars_issuing_authority_classification,government_circulars_notification_type,government_circulars_receipt_reports,government_circulars_receiving_mechanism,government_circulars_sections,government_circulars_sections_administrators,if,rep12_main_section,sms_sender_name	<?php echo gc_html($pagename); ?>	create,update,delete,send	0,1	yes	yes	header.inc.php,sms_class.php,Shortener.class.php,OpensslEncryptDecrypt.php,PHPMailer.php,SMTP.php,Exception.php,government_circulars.php,government_circulars_form.php,SL.php,government_circulars_pdf.php,government_circularsـreceipt_report.php,footer.inc.php,government_circulars_issuing_authority_classification_grap.php	yes	no	outbound-linked	unknown	session/header guard; form; ajax; print/pdf; file handling/ref
government_circulars_form.php	root	government_circulars_form		government circulars form	authenticated/unknown			companies_groups_general,government_circulars,government_circulars_attachments,government_circulars_issuing_authority,government_circulars_issuing_authority_classification,government_circulars_notification_type,government_circulars_receipt_reports,government_circulars_receiving_mechanism,government_circulars_sections,government_circulars_sections_administrators,html,ra_users		update,reply		yes	yes	autoload.php,hr_session.php,config.php,functions.php,index.php,government_circulars_form.php,barcode.php	yes	review	outbound-linked	unknown	ajax; print/pdf; file handling/ref
government_circulars_issuing_authority.php	root	government_circulars_issuing_authority		government circulars issuing authority	authenticated/unknown		branch	complaints,corporate_communications_sectors,functin,government_circulars_issuing_authority,if	<?php echo $pagename; ?>	create,update,delete,send	4	no	yes	header.inc.php,government_circulars_issuing_authority.php,sendsoundajax.php,footer.inc.php	yes	no	outbound-linked	unknown	session/header guard; form; ajax; print/pdf
government_circulars_issuing_authority_classification.php	root	government_circulars_issuing_authority_classification		government circulars issuing authority classification	authenticated/unknown			functin,government_circulars_issuing_authority,government_circulars_issuing_authority_classification,if	<?php echo $pagename; ?>	create,update,delete,send	4	no	yes	header.inc.php,government_circulars_issuing_authority_classification.php,sendsoundajax.php,footer.inc.php	yes	no	outbound-linked	unknown	session/header guard; form; ajax; print/pdf
government_circulars_issuing_authority_classification_grap.php	root	government_circulars_issuing_authority_classification_grap		government circulars issuing authority classification grap	authenticated/unknown		branch	comlaints_employees_emails,government_circulars_issuing_authority_classification,rep12_subsection				no	no	hr_session.php,config.php,common.php	yes	no	outbound-linked	unknown	session/header guard; ajax
government_circulars_issuing_authority_grap.php	root	government_circulars_issuing_authority_grap		government circulars issuing authority grap	authenticated/unknown		branch	comlaints_employees_emails,government_circulars_issuing_authority,rep12_subsection				no	no	hr_session.php,config.php,common.php	yes	no	outbound-linked	unknown	session/header guard; ajax
government_circulars_pdf.php	root	government_circulars_pdf		government circulars pdf	authenticated/unknown		branch	companies_groups_general,government_circulars,government_circulars_attachments,government_circulars_issuing_authority,government_circulars_issuing_authority_classification,government_circulars_receiving_mechanism,government_circulars_sections,html,ra_users		reply		yes	yes	autoload.php,hr_session.php,config.php,functions.php,login.php,index.php,government_circulars_pdf.php,barcode.php,government_circulars_form.php	yes	review	outbound-linked	unknown	ajax; print/pdf; file handling/ref
government_circulars_receiving_mechanism.php	root	government_circulars_receiving_mechanism		government circulars receiving mechanism	authenticated/unknown		branch	complaints,functin,government_circulars_receiving_mechanism,if	<?php echo $pagename; ?>	create,update,delete,send	4	no	no	header.inc.php,government_circulars_receiving_mechanism.php,sendsoundajax.php,footer.inc.php	yes	no	outbound-linked	unknown	session/header guard; form; ajax
government_circulars_sections.php	root	government_circulars_sections		government circulars sections	authenticated/unknown		branch	complaints,functin,government_circulars_sections,if	<?php echo $pagename; ?>	create,update,delete,send	4	no	no	header.inc.php,government_circulars_sections.php,sendsoundajax.php,footer.inc.php	yes	no	outbound-linked	unknown	session/header guard; form; ajax
government_circulars_sections_administrators.php	root	government_circulars_sections_administrators		government circulars sections administrators	authenticated/unknown			companies_groups,functin,government_circulars_sections,government_circulars_sections_administrators,government_circulars_sections_administrators_types,if	<?php echo $pagename; ?>	create,update,delete,send	4	no	yes	header.inc.php,government_circulars_sections_administrators.php,sendsoundajax.php,footer.inc.php	yes	no	outbound-linked	unknown	session/header guard; form; ajax; print/pdf
government_circularsـreceipt_report.php	root	government_circularsـreceipt_report		government circulars receipt report	authenticated/unknown			government_circulars,government_circulars_issuing_authority,government_circulars_issuing_authority_classification,government_circulars_receipt_reports,government_circulars_sections,government_circulars_sections_administrators				no	no	header.inc.php,footer.inc.php	yes	no	outbound-linked	unknown	session/header guard; ajax
government_inspection_visits.php	root	government_inspection_visits	Al Hammadi Hospitals Group	government inspection visits	authenticated/unknown		branch	administrative_directors,branches_departments,certificate_upload,companies_groups,department_sender_email,functin,government_circulars_attachments,government_circulars_issuing_authority,government_circulars_sections,government_circulars_sections_administrators,government_inspection_status,government_inspection_visits,government_inspection_visits_abuses_and_notes,government_inspection_visits_attachments,government_inspection_visits_numbers,government_inspection_visits_receipt_reports,government_inspection_visits_reply,government_inspection_visits_reply_submission,government_inspection_visits_returned,government_inspection_visits_timeline,government_inspection_visits_types,if,sms_sender_name	<?php echo $pagename; ?>,<?php echo 	create,update,delete,reject,send,reply	1,3,0,4,6,7,2	yes	yes	header.inc.php,sms_class.php,Shortener.class.php,OpensslEncryptDecrypt.php,PHPMailer.php,SMTP.php,Exception.php,government_inspection_visits.php,government_inspection_visits_exceeded_deadline_form.php,SL.php,government_inspection_visits_form_escalation.php,government_inspection_visits_returned_form.php,government_inspection_visits_form.php,government_inspection_visits_cc_form.php,government_inspection_visits_abuses.php,sendsoundajax.php,government_inspection_visits_notes.php,government_inspection_visits_status_input.php,government_inspection_visits_timeline.php,government_inspection_visits_receipt_report.php,government_inspection_visits_pdf.php,government_inspection_visits_exceeded_deadline.php,government_inspection_visits_form_escalation_d.php,government_inspection_visits_reply.php,government_inspection_visits_reply_returned.php,government_inspection_visits_reply_returned1.php,government_inspection_visits_reply_submission_pdf.php,footer.inc.php,government_circulars_issuing_authority_classification_grap.php	yes	no	outbound-linked	unknown	session/header guard; form; ajax; print/pdf; file handling/ref
government_inspection_visitsBk.php	root	government_inspection_visitsBk	Al Hammadi Hospitals Group	government inspection visitsBk	authenticated/unknown		branch	administrative_directors,branches_departments,certificate_upload,department_sender_email,functin,government_circulars_attachments,government_circulars_issuing_authority,government_circulars_sections,government_circulars_sections_administrators,government_inspection_status,government_inspection_visits,government_inspection_visits_attachments,government_inspection_visits_numbers,government_inspection_visits_reply,government_inspection_visits_returned,government_inspection_visits_timeline,if,ra_users,sms_sender_name	<?php echo $pagename; ?>,<?php echo 	create,update,delete,send,reply	1,3,0,4,6,7	yes	yes	header.inc.php,sms_class.php,Shortener.class.php,OpensslEncryptDecrypt.php,PHPMailer.php,SMTP.php,Exception.php,government_inspection_visits.php,government_inspection_visits_form.php,SL.php,government_inspection_visits_returned_form.php,government_inspection_visits_abuses.php,sendsoundajax.php,government_inspection_visits_notes.php,government_inspection_visits_status_input.php,government_inspection_visits_pdf.php,government_inspection_visits_timeline.php,government_inspection_statusCheckٍReply.php,footer.inc.php,government_circulars_issuing_authority_classification_grap.php	yes	no	outbound-linked	unknown	session/header guard; form; ajax; print/pdf; file handling/ref
government_inspection_visits_abuses.php	root	government_inspection_visits_abuses		government inspection visits abuses	authenticated/unknown			government_circulars_sections				no	no	hr_session.php,config.php,common.php	yes	review	outbound-linked	unknown	ajax
government_inspection_visits_cc_form.php	root	government_inspection_visits_cc_form		government inspection visits cc form	authenticated/unknown			companies_groups_general,government_circulars_issuing_authority,government_circulars_issuing_authority_classification,government_circulars_receiving_mechanism,government_circulars_sections,government_inspection_visits,government_inspection_visits_abuses_and_notes,government_inspection_visits_numbers,government_inspection_visits_types,html,ra_users		reply		yes	yes	autoload.php,hr_session.php,config.php,functions.php,index.php,government_inspection_visits_form.php,barcode.php	yes	review	outbound-linked	unknown	ajax; print/pdf; file handling/ref
government_inspection_visits_exceeded_deadline.php	root	government_inspection_visits_exceeded_deadline		government inspection visits exceeded deadline	authenticated/unknown			companies_groups_general,government_circulars_issuing_authority,government_circulars_issuing_authority_classification,government_circulars_receipt_reports,government_circulars_receiving_mechanism,government_circulars_sections,government_inspection_visits,government_inspection_visits_abuses_and_notes,government_inspection_visits_timeline,html,ra_users		update,reply	3	yes	yes	autoload.php,hr_session.php,config.php,functions.php,index.php,government_inspection_visits_form.php,government_inspection_visits_form_reply.php,barcode.php	yes	review	outbound-linked	unknown	ajax; print/pdf; file handling/ref
government_inspection_visits_exceeded_deadline_form.php	root	government_inspection_visits_exceeded_deadline_form		government inspection visits exceeded deadline form	authenticated/unknown			companies_groups_general,government_circulars_issuing_authority,government_circulars_issuing_authority_classification,government_circulars_receipt_reports,government_circulars_receiving_mechanism,government_circulars_sections,government_inspection_visits,government_inspection_visits_abuses_and_notes,government_inspection_visits_timeline,html,ra_users		update,reply	3	yes	yes	autoload.php,hr_session.php,config.php,functions.php,index.php,government_inspection_visits_form.php,government_inspection_visits_form_reply.php,barcode.php	yes	review	outbound-linked	unknown	ajax; print/pdf; file handling/ref
government_inspection_visits_form.php	root	government_inspection_visits_form		government inspection visits form	authenticated/unknown			companies_groups_general,government_circulars_issuing_authority,government_circulars_issuing_authority_classification,government_circulars_receiving_mechanism,government_circulars_sections,government_inspection_visits,government_inspection_visits_abuses_and_notes,government_inspection_visits_receipt_reports,government_inspection_visits_types,html,ra_users		update,reply		yes	yes	autoload.php,hr_session.php,config.php,functions.php,index.php,government_inspection_visits_form.php,government_inspection_visits_form_reply.php,barcode.php	yes	review	outbound-linked	unknown	ajax; print/pdf; file handling/ref
government_inspection_visits_form_escalation.php	root	government_inspection_visits_form_escalation		government inspection visits form escalation	authenticated/unknown			companies_groups_general,government_circulars_issuing_authority,government_circulars_issuing_authority_classification,government_circulars_receipt_reports,government_circulars_receiving_mechanism,government_circulars_sections,government_inspection_visits,government_inspection_visits_abuses_and_notes,government_inspection_visits_timeline,html,ra_users		update,reply	4	yes	yes	autoload.php,hr_session.php,config.php,functions.php,index.php,government_inspection_visits_form.php,government_inspection_visits_form_reply_escalation.php,barcode.php	yes	review	outbound-linked	unknown	ajax; print/pdf; file handling/ref
government_inspection_visits_form_escalation_d.php	root	government_inspection_visits_form_escalation_d		government inspection visits form escalation d	authenticated/unknown			companies_groups_general,government_circulars_issuing_authority,government_circulars_issuing_authority_classification,government_circulars_receipt_reports,government_circulars_receiving_mechanism,government_circulars_sections,government_inspection_visits,government_inspection_visits_abuses_and_notes,government_inspection_visits_timeline,html,ra_users		update,reply	4	yes	yes	autoload.php,hr_session.php,config.php,functions.php,index.php,government_inspection_visits_form.php,government_inspection_visits_form_reply_escalation.php,barcode.php	yes	review	outbound-linked	unknown	ajax; print/pdf; file handling/ref
government_inspection_visits_form_reply.php	root	government_inspection_visits_form_reply	ALHAMMADI	government inspection visits form reply	authenticated/unknown		branch	government_circulars_issuing_authority,government_inspection_visits,government_inspection_visits_abuses_and_notes,government_inspection_visits_timeline	government_inspection_visits_form_reply.php?id=<?php echo $_GET[	create,update,delete,reply	2	yes	no	hr_session.php,config.php,functions.php,validationForm.php,multiLanguage.php,user.php,paginator.class.php,permissions.link.php,common.php,MyQuery.php,clientContract.php,clientVacations.php,government_inspection_visits_form_reply_result.php,government_inspection_visits_form_reply.php,rep12_sub_section_client_grap.php,rep12_main_section_grap.php	yes	no	outbound-linked	unknown	session/header guard; form; ajax; file handling/ref
government_inspection_visits_form_reply_escalation.php	root	government_inspection_visits_form_reply_escalation	ALHAMMADI	government inspection visits form reply escalation	authenticated/unknown		branch	government_circulars_issuing_authority,government_inspection_visits,government_inspection_visits_abuses_and_notes,government_inspection_visits_timeline	government_inspection_visits_form_reply_escalation.php?id=<?php echo $_GET[	create,update,delete,reply	5	yes	no	hr_session.php,config.php,functions.php,validationForm.php,multiLanguage.php,user.php,paginator.class.php,permissions.link.php,common.php,MyQuery.php,clientContract.php,clientVacations.php,government_inspection_visits_form_reply_result.php,government_inspection_visits_form_reply_escalation.php,rep12_sub_section_client_grap.php,rep12_main_section_grap.php	yes	no	outbound-linked	unknown	session/header guard; form; ajax; file handling/ref
government_inspection_visits_form_reply_result.php	root	government_inspection_visits_form_reply_result	ALHAMMADI | NEWBORNS	government inspection visits form reply result	authenticated/unknown			commercial_cases_statement_request		update,reply		yes	no	hr_session.php,config.php,functions.php,validationForm.php,multiLanguage.php,user.php,paginator.class.php,permissions.link.php,common.php,MyQuery.php,clientContract.php,clientVacations.php,complaint_reply_form.php	yes	review	outbound-linked	unknown	ajax; file handling/ref
government_inspection_visits_notes.php	root	government_inspection_visits_notes		government inspection visits notes	authenticated/unknown			government_circulars_sections				no	no	hr_session.php,config.php,common.php	yes	review	outbound-linked	unknown	ajax
government_inspection_visits_pdf.php	root	government_inspection_visits_pdf		government inspection visits pdf	authenticated/unknown		branch	companies_groups_general,government_circulars_issuing_authority,government_circulars_issuing_authority_classification,government_circulars_receipt_reports,government_circulars_receiving_mechanism,government_circulars_sections,government_inspection_visits,government_inspection_visits_abuses_and_notes,government_inspection_visits_types,html,ra_users		update,reply		yes	yes	autoload.php,hr_session.php,config.php,functions.php,login.php,index.php,government_inspection_visits_form.php,barcode.php	yes	review	outbound-linked	unknown	ajax; print/pdf; file handling/ref
government_inspection_visits_receipt_report.php	root	government_inspection_visits_receipt_report		government inspection visits receipt report	authenticated/unknown			government_circulars_issuing_authority,government_circulars_issuing_authority_classification,government_circulars_sections,government_circulars_sections_administrators,government_inspection_visits,government_inspection_visits_receipt_reports		reply		no	no	header.inc.php,footer.inc.php	yes	no	outbound-linked	unknown	session/header guard; ajax
government_inspection_visits_reply.php	root	government_inspection_visits_reply		government inspection visits reply	authenticated/unknown			administrative_directors,government_circulars_issuing_authority,government_circulars_sections,government_circulars_sections_administrators,government_inspection_visits,government_inspection_visits_abuses_and_notes,ra_users		reply		yes	no	header.inc.php,footer.inc.php	yes	no	outbound-linked	unknown	session/header guard; ajax; file handling/ref
government_inspection_visits_reply_returned.php	root	government_inspection_visits_reply_returned		government inspection visits reply returned	authenticated/unknown			administrative_directors,government_circulars_issuing_authority,government_circulars_sections,government_circulars_sections_administrators,government_inspection_visits,government_inspection_visits_abuses_and_notes,government_inspection_visits_returned,ra_users		reply		yes	no	header.inc.php,footer.inc.php	yes	no	outbound-linked	unknown	session/header guard; ajax; file handling/ref
government_inspection_visits_reply_returned1.php	root	government_inspection_visits_reply_returned1		government inspection visits reply returned1	authenticated/unknown			government_circulars_issuing_authority,government_circulars_sections,government_inspection_visits,government_inspection_visits_abuses_and_notes,government_inspection_visits_returned		reply		no	no	header.inc.php,footer.inc.php	yes	no	outbound-linked	unknown	session/header guard; ajax
government_inspection_visits_reply_submission_pdf.php	root	government_inspection_visits_reply_submission_pdf		government inspection visits reply submission pdf	authenticated/unknown		branch	companies_groups_general,government_circulars_issuing_authority,government_circulars_issuing_authority_classification,government_circulars_receipt_reports,government_circulars_receiving_mechanism,government_circulars_sections,government_inspection_visits,government_inspection_visits_abuses_and_notes,government_inspection_visits_reply_submission,html,ra_users		update,reply		yes	yes	autoload.php,hr_session.php,config.php,functions.php,login.php,index.php,government_inspection_visits_form.php,barcode.php	yes	review	outbound-linked	unknown	ajax; print/pdf; file handling/ref
government_inspection_visits_returned_form.php	root	government_inspection_visits_returned_form		government inspection visits returned form	authenticated/unknown			companies_groups_general,government_circulars_issuing_authority,government_circulars_issuing_authority_classification,government_circulars_receipt_reports,government_circulars_receiving_mechanism,government_circulars_sections,government_inspection_visits,html,ra_users		update,reply		yes	yes	autoload.php,hr_session.php,config.php,functions.php,index.php,government_inspection_visits_form.php,government_inspection_visits_returned_form_reply.php,barcode.php	yes	review	outbound-linked	unknown	ajax; print/pdf; file handling/ref
government_inspection_visits_returned_form_reply.php	root	government_inspection_visits_returned_form_reply	ALHAMMADI	government inspection visits returned form reply	authenticated/unknown		branch	government_circulars_issuing_authority,government_inspection_visits,government_inspection_visits_abuses_and_notes,government_inspection_visits_returned,government_inspection_visits_timeline	government_inspection_visits_returned_form_reply.php?id=<?php echo $_GET[	create,update,delete,reply	0,1,2	yes	no	hr_session.php,config.php,functions.php,validationForm.php,multiLanguage.php,user.php,paginator.class.php,permissions.link.php,common.php,MyQuery.php,clientContract.php,clientVacations.php,government_inspection_visits_form_reply_result.php,government_inspection_visits_returned_form_reply.php,rep12_sub_section_client_grap.php,rep12_main_section_grap.php	yes	no	outbound-linked	unknown	session/header guard; form; ajax; file handling/ref
government_inspection_visits_status_input.php	root	government_inspection_visits_status_input		government inspection visits status input	authenticated/unknown			government_inspection_visits_abuses_and_notes		delete		yes	no	hr_session.php,config.php,functions.php,validationForm.php,multiLanguage.php,common.php	yes	review	outbound-linked	unknown	ajax; file handling/ref
government_inspection_visits_timeline.php	root	government_inspection_visits_timeline		government inspection visits timeline	authenticated/unknown		branch	administrative_directors,branches,government_circulars_issuing_authority,government_circulars_sections,government_circulars_sections_administrators,government_inspection_status,government_inspection_visits,government_inspection_visits_timeline,ra_users		reply		no	yes	header.inc.php,footer.inc.php	yes	no	outbound-linked	unknown	session/header guard; ajax; print/pdf
governmental_services.php	root	governmental_services		governmental services	authenticated/unknown		branch	branches_departments,certificate_upload,functin,governmental_services,governmental_services_action,governmental_services_action_type,governmental_services_attachments,governmental_services_platforms,governmental_services_type,if,ra_users,rep12_main_section,sms_sender_name	<?php echo $pagename; ?>,<?php echo 	create,update,delete,send,reply	0,1,999999,4,3	yes	yes	header.inc.php,sms_class.php,Shortener.class.php,governmental_services.php,footer.inc.php,gmf.php,SL.php,govermental_serves_forms.php,sendsoundajax.php,governmental_services_timeline.php,governmental_services_details.php,governmental_services_grap.php,rep12_main_section_grap.php,inquired_section_grap.php	yes	no	outbound-linked	unknown	session/header guard; form; ajax; print/pdf; file handling/ref
governmental_services_detailes.php	root	governmental_services_detailes		governmental services detailes	authenticated/unknown		branch	branches				no	no	hr_session.php,config.php,inquiry_receiver_other2.php	yes	review	outbound-linked	unknown	ajax
governmental_services_details.php	root	governmental_services_details		governmental services details	authenticated/unknown							no	no		no	review	unresolved	unknown	
governmental_services_grap.php	root	governmental_services_grap		governmental services grap	authenticated/unknown		branch	comlaints_employees_emails,governmental_services_type,rep12_subsection				no	no	hr_session.php,config.php,common.php	yes	no	outbound-linked	unknown	session/header guard; ajax
governmental_services_gregorian_wife.php	root	governmental_services_gregorian_wife		governmental services gregorian wife	authenticated/unknown							no	no		no	review	unresolved	unknown	
governmental_services_hijri_wife.php	root	governmental_services_hijri_wife		governmental services hijri wife	authenticated/unknown							no	no	umalquraCal.class.php	no	review	outbound-linked	unknown	
governmental_services_pdf.php	root	governmental_services_pdf		governmental services pdf	authenticated/unknown		company,branch	branches,companies_groups,governmental_services,governmental_services_status,html,inquiries,ra_users				yes	yes	autoload.php,hr_session.php,config.php,functions.php,multiLanguage.php,common.php,MyQuery.php,login.php,complaints_pdf.php,inquiriesPrint.php	yes	review	outbound-linked	unknown	ajax; print/pdf; file handling/ref
governmental_services_pdf_1.php	root	governmental_services_pdf_1		governmental services pdf 1	authenticated/unknown		company,branch	branches,companies_groups,country_yakeen,governmental_services,governmental_services_action,governmental_services_attachments,html,inquiries,ra_users		reject	3	yes	yes	autoload.php,hr_session.php,config.php,functions.php,multiLanguage.php,common.php,MyQuery.php,login.php,complaints_pdf.php,inquiriesPrint.php	yes	review	outbound-linked	unknown	ajax; print/pdf; file handling/ref
governmental_services_pdf_2.php	root	governmental_services_pdf_2		governmental services pdf 2	authenticated/unknown		company,branch	branches,companies_groups,governmental_services,governmental_services_action,governmental_services_attachments,html,inquiries,ra_users		reject	3	yes	yes	autoload.php,hr_session.php,config.php,functions.php,multiLanguage.php,common.php,MyQuery.php,login.php,complaints_pdf.php,inquiriesPrint.php	yes	review	outbound-linked	unknown	ajax; print/pdf; file handling/ref
governmental_services_pdf_3.php	root	governmental_services_pdf_3		governmental services pdf 3	authenticated/unknown		company,branch	branches,companies_groups,country_yakeen,governmental_services,governmental_services_action,governmental_services_attachments,governmental_services_couples_answers,html,ra_users		reject	3	yes	yes	autoload.php,hr_session.php,config.php,functions.php,multiLanguage.php,common.php,MyQuery.php,login.php,complaints_pdf.php,inquiriesPrint.php	yes	review	outbound-linked	unknown	ajax; print/pdf; file handling/ref
governmental_services_pdf_4.php	root	governmental_services_pdf_4		governmental services pdf 4	authenticated/unknown		company,branch	branches,companies_groups,governmental_services,governmental_services_action,governmental_services_attachments,html,inquiries,ra_users		reject	3	yes	yes	autoload.php,hr_session.php,config.php,functions.php,multiLanguage.php,common.php,MyQuery.php,login.php,complaints_pdf.php,inquiriesPrint.php	yes	review	outbound-linked	unknown	ajax; print/pdf; file handling/ref
governmental_services_pdf_5.php	root	governmental_services_pdf_5		governmental services pdf 5	authenticated/unknown		company,branch	branches,companies_groups,country_yakeen,governmental_services,governmental_services_action,governmental_services_attachments,html,inquiries,ra_users		reject	3	yes	yes	autoload.php,hr_session.php,config.php,functions.php,multiLanguage.php,common.php,MyQuery.php,login.php,complaints_pdf.php,inquiriesPrint.php	yes	review	outbound-linked	unknown	ajax; print/pdf; file handling/ref
governmental_services_pdf_6.php	root	governmental_services_pdf_6		governmental services pdf 6	authenticated/unknown		company,branch	branches,companies_groups,country_yakeen,gender,governmental_services,governmental_services_action,governmental_services_attachments,html,inquiries,ra_users		reject	3	yes	yes	autoload.php,hr_session.php,config.php,functions.php,multiLanguage.php,common.php,MyQuery.php,login.php,complaints_pdf.php,inquiriesPrint.php	yes	review	outbound-linked	unknown	ajax; print/pdf; file handling/ref
governmental_services_pdf_7.php	root	governmental_services_pdf_7		governmental services pdf 7	authenticated/unknown		company,branch	branches,companies_groups,country_yakeen,gender,governmental_services,governmental_services_action,governmental_services_attachments,html,inquiries,ra_users		reject	3	yes	yes	autoload.php,hr_session.php,config.php,functions.php,multiLanguage.php,common.php,MyQuery.php,login.php,complaints_pdf.php,inquiriesPrint.php	yes	review	outbound-linked	unknown	ajax; print/pdf; file handling/ref
governmental_services_timeline.php	root	governmental_services_timeline		governmental services timeline	authenticated/unknown		branch	branches,governmental_services,governmental_services_action,governmental_services_action_type,ra_users		reply		no	no	header.inc.php,birth_notification.php,footer.inc.php	yes	no	outbound-linked	unknown	session/header guard; ajax
governmentsc.php	root	governmentsc		governmentsc	authenticated/unknown		branch	complaints,functin,g_requestdelivry,if	<?php echo $pagename; ?>	create,update,delete,send	4	no	no	header.inc.php,governmentsc.php,sendsoundajax.php,footer.inc.php	yes	no	outbound-linked	unknown	session/header guard; form; ajax
gregorian.php	root	gregorian		gregorian	authenticated/unknown							no	no		no	review	unresolved	unknown	
guaranteeAgreemenPrint.php	root	guaranteeAgreemenPrint		guaranteeAgreemenPrint	authenticated/unknown		branch	payment_guarantee				no	yes	hr_session.php,config.php,functions.php,multiLanguage.php,common.php,MyQuery.php,login.php,index.php	yes	review	outbound-linked	unknown	ajax; print/pdf
guaranteeAgreemenSadqPrint.php	root	guaranteeAgreemenSadqPrint		guaranteeAgreemenSadqPrint	authenticated/unknown		branch	medical_services_agreement_sadq_transactions,payment_guarantee				no	yes	hr_session.php,config.php,functions.php,multiLanguage.php,common.php,MyQuery.php,login.php,index.php	yes	review	outbound-linked	unknown	ajax; print/pdf
guaranteeAgreement.php	root	guaranteeAgreement	ALHAMMADI | NEWBORNS	guaranteeAgreement	authenticated/unknown		company,branch	alhammadi,any,branches,companies_groups,output,payment_guarantee,presenting,ra_users,relative_relation,signatuers,sms_archive,this	guaranteeAgreement.php?t=<?php echo $_GET[	create,update,approve,send,reply	1	yes	yes	hr_session.php,config.php,functions.php,validationForm.php,multiLanguage.php,user.php,paginator.class.php,permissions.link.php,common.php,MyQuery.php,clientContract.php,clientVacations.php,sms_class.php,utility.php,guaranteeAgreement_result.php,guaranteeAgreement.php	yes	no	outbound-linked	unknown	session/header guard; form; ajax; print/pdf; file handling/ref
guaranteeAgreement_result.php	root	guaranteeAgreement_result	ALHAMMADI | NEWBORNS	guaranteeAgreement result	authenticated/unknown							yes	no	hr_session.php,config.php,functions.php,validationForm.php,multiLanguage.php,user.php,paginator.class.php,permissions.link.php,common.php,MyQuery.php,clientContract.php,clientVacations.php	no	review	outbound-linked	unknown	file handling/ref
header.inc.php	root	header.inc		header.inc	authenticated/unknown		company,branch	administrative_cases,administrative_cases_actions,administrative_cases_status,branches,centeral_floors,clinics,commercial_cases,commercial_cases_actions,commercial_cases_status,companies_groups,company_setting,corporate_communications_outgoing_letters,executive_title,executive_title_actions,executive_title_status,floors,inquiries_and_services,inquiries_and_services_reply,labor_cases,labor_cases_actions,labor_cases_status,lawsuit,lawsuit_actions,lawsuit_status,medical_cases,medical_cases_actions,medical_cases_status,new_post,print,services_sections,specialized_clinics,users_readed_post		approve,reply	1,12,17,2,999999	no	yes	security_headers.php,hr_session.php,config.php,functions.php,validationForm.php,multiLanguage.php,user.php,paginator.class.php,permissions.link.php,common.php,MyQuery.php,clientContract.php,clientVacations.php,sms_class.php,Shortener.class.php,PrivilegedUser.php,Role.php,form_token.php,ajax_response.php,lang.ar.php,lang.en.php,lang.ch.php,index.php,general.php,login.php,logout.php,permissions.class.php,medical_cases.php,labor_cases.php,lawsuit.php	yes	no	outbound-linked	unknown	session/header guard; ajax; print/pdf
header_print.php	root	header_print		header print	authenticated/unknown							no	yes		no	review	unresolved	unknown	print/pdf
health_service_purchase_form.php	root	health_service_purchase_form	ALHAMMADI | NEWBORNS	health service purchase form	authenticated/unknown			health_service_purchase_form,nationality	health_service_purchase_form.php?t=<?php echo hsp_h($requestToken);?>,	update		yes	no	hr_session.php,config.php,functions.php,validationForm.php,multiLanguage.php,user.php,paginator.class.php,permissions.link.php,common.php,MyQuery.php,clientContract.php,clientVacations.php,form_token.php,lang.ar.php,lang.en.php,lang.ch.php,health_service_purchase_form_result.php,health_service_purchase_form.php	yes	review	outbound-linked	unknown	form; ajax; file handling/ref
health_service_purchase_form1.php	root	health_service_purchase_form1	ALHAMMADI | NEWBORNS	health service purchase form1	authenticated/unknown			countries,health_service_purchase_form	health_service_purchase_form1.php?t=<?php echo hsp1_h($requestToken);?>,health_service_purchase_form2.php?t=<?php echo hsp1_h($requestToken);?>,	update		yes	no	hr_session.php,config.php,functions.php,validationForm.php,multiLanguage.php,user.php,paginator.class.php,permissions.link.php,common.php,MyQuery.php,clientContract.php,clientVacations.php,form_token.php,health_service_purchase_form_result.php,health_service_purchase_form2.php,health_service_purchase_form1.php	yes	review	outbound-linked	unknown	form; ajax; file handling/ref
health_service_purchase_form_result.php	root	health_service_purchase_form_result	ALHAMMADI | NEWBORNS	health service purchase form result	authenticated/unknown							yes	no	hr_session.php,config.php,functions.php,validationForm.php,multiLanguage.php,user.php,paginator.class.php,permissions.link.php,common.php,MyQuery.php,clientContract.php,clientVacations.php,lang.ar.php,lang.en.php,lang.ch.php	no	review	outbound-linked	unknown	file handling/ref
hijri.php	root	hijri		hijri	authenticated/unknown							no	no	umalquraCal.class.php	no	review	outbound-linked	unknown	
holidays_inquiry.php	root	holidays_inquiry	إستفسار الإجازات	holidays inquiry	authenticated/unknown		branch	certificate_upload,country_yakeen,functin,holidays_inquiry,holidays_inquiry_attachments,holidays_inquiry_decision,if,ra_users	<?php echo $pagename; ?>	create,update,delete,send,reply	4	yes	yes	header.inc.php,holidays_inquiry.php,form_token.php,sendsoundajax.php,holidays_inquiry_timeline.php,holidays_inquiry_pdf.php,footer.inc.php	yes	no	outbound-linked	unknown	session/header guard; form; ajax; print/pdf; file handling/ref
holidays_inquiry_form_pdf.php	root	holidays_inquiry_form_pdf		holidays inquiry form pdf	authenticated/unknown		branch	companies_groups,country_yakeen,holidays_inquiry,html,ra_users		reject,reply		yes	yes	autoload.php,hr_session.php,config.php,functions.php,multiLanguage.php,common.php,MyQuery.php,lang.ar.php,lang.en.php,lang.ch.php,index.php,complaints_pdf.php,inquiry_pdf.php	yes	no	outbound-linked	unknown	session/header guard; ajax; print/pdf; file handling/ref
holidays_inquiry_pdf.php	root	holidays_inquiry_pdf		holidays inquiry pdf	authenticated/unknown		branch	companies_groups,country_yakeen,holidays_inquiry,html,ra_users		reject,reply		yes	yes	autoload.php,hr_session.php,config.php,functions.php,multiLanguage.php,common.php,MyQuery.php,lang.ar.php,lang.en.php,lang.ch.php,index.php,complaints_pdf.php,holidays_inquiry_form_pdf.php	yes	no	outbound-linked	unknown	session/header guard; ajax; print/pdf; file handling/ref
holidays_inquiry_timeline.php	root	holidays_inquiry_timeline		holidays inquiry timeline	authenticated/unknown		branch	branches,holidays_inquiry,holidays_inquiry_action,holidays_inquiry_decision,ra_users		reply		no	no	header.inc.php,birth_notification.php,footer.inc.php	yes	no	outbound-linked	unknown	session/header guard; ajax
holidays_offers_canceled.php	root	holidays_offers_canceled	الختم الرسمي	holidays offers canceled	authenticated/unknown		branch	branches,clinicians,companies_groups,holidays_offers,holidays_offers_status,holidays_offers_timeline,html,ra_users,specialized_clinics			2,3,5	yes	yes	autoload.php,hr_session.php,config.php,functions.php,multiLanguage.php,common.php,MyQuery.php,lang.ar.php,lang.en.php,lang.ch.php,index.php,escape_report_form_pdf.php	yes	no	outbound-linked	unknown	session/header guard; ajax; print/pdf; file handling/ref
holidays_offers_clinic.php	root	holidays_offers_clinic	Official seal	holidays offers clinic	authenticated/unknown		branch	branches,clinicians,companies_groups,holidays_offers,holidays_offers_clinicians_working_days,html,ra_users,specialized_clinics				yes	yes	autoload.php,hr_session.php,config.php,functions.php,multiLanguage.php,common.php,MyQuery.php,lang.ar.php,lang.en.php,lang.ch.php,index.php,barcode.php	yes	no	outbound-linked	unknown	session/header guard; ajax; print/pdf; file handling/ref
holidays_offers_duty_confirm.php	root	holidays_offers_duty_confirm	Al Hammadi Hospitals Group	holidays offers duty confirm	authenticated/unknown		branch	al,clinicians,department_sender_email,holidays_offers,holidays_offers_clinicians_working_days,holidays_offers_sections,holidays_offers_timeline,offer,offer_timeline,specialized_clinics	holidays_offers_duty_confirm.php?id=<?php echo hoodc_h($requestToken);?>	create,update,send	6,7,3	yes	yes	hr_session.php,config.php,functions.php,validationForm.php,multiLanguage.php,user.php,paginator.class.php,permissions.link.php,common.php,MyQuery.php,clientContract.php,clientVacations.php,sms_class.php,Shortener.class.php,OpensslEncryptDecrypt.php,form_token.php,lang.ar.php,lang.en.php,lang.ch.php,PHPMailer.php,SMTP.php,Exception.php,holidays_offers_form.php,Government_mas.php,index.php,holidays_offers_form_result.php,holidays_offers_clinic.php,holidays_offers_duty_confirm.php,G_answerNN.php,offer_pdf.php	yes	no	outbound-linked	unknown	session/header guard; form; ajax; print/pdf; file handling/ref
holidays_offers_form.php	root	holidays_offers_form	Al Hammadi Hospitals Group	holidays offers form	authenticated/unknown		branch	clinicians,department_sender_email,holidays_offers,holidays_offers_receipt_reports,holidays_offers_supervisors,holidays_offers_timeline,offer,offer_timeline,specialized_clinics	holidays_offers_form.php?id=<?php echo hh_html($request_id); ?>	create,update,send	7,1,2,3,4	yes	yes	hr_session.php,config.php,functions.php,validationForm.php,multiLanguage.php,user.php,paginator.class.php,permissions.link.php,common.php,MyQuery.php,clientContract.php,clientVacations.php,sms_class.php,Shortener.class.php,OpensslEncryptDecrypt.php,PHPMailer.php,SMTP.php,Exception.php,holidays_offers_form.php,Government_mas.php,index.php,holidays_offers_form_result.php,holidays_offers_form_pdf.php,holidays_offers_form_rpdf.php,holidays_offers_input_get.php,sendsoundajax.php,G_answerNN.php,offer_pdf.php	yes	no	outbound-linked	unknown	session/header guard; form; ajax; print/pdf; file handling/ref
holidays_offers_form_main_pdf.php	root	holidays_offers_form_main_pdf	الختم الرسمي	holidays offers form main pdf	authenticated/unknown		branch	branches,clinicians,companies_groups,holidays_offers,holidays_offers_status,html,ra_users,specialized_clinics			2,3	yes	yes	autoload.php,hr_session.php,config.php,functions.php,multiLanguage.php,common.php,MyQuery.php,lang.ar.php,lang.en.php,lang.ch.php,index.php,escape_report_form_pdf.php	yes	no	outbound-linked	unknown	session/header guard; ajax; print/pdf; file handling/ref
holidays_offers_form_pdf.php	root	holidays_offers_form_pdf	الختم الرسمي	holidays offers form pdf	authenticated/unknown		branch	branches,clinicians,companies_groups,holidays_offers,html,offer_status,ra_users,specialized_clinics				yes	yes	autoload.php,hr_session.php,config.php,functions.php,multiLanguage.php,common.php,MyQuery.php,lang.ar.php,lang.en.php,lang.ch.php,index.php,escape_report_form_pdf.php	yes	no	outbound-linked	unknown	session/header guard; ajax; print/pdf; file handling/ref
holidays_offers_form_result.php	root	holidays_offers_form_result	ALHAMMADI	holidays offers form result	authenticated/unknown							yes	no	hr_session.php,config.php,common.php,MyQuery.php	no	review	outbound-linked	unknown	file handling/ref
holidays_offers_input_get.php	root	holidays_offers_input_get		holidays offers input get	authenticated/unknown							no	no	hr_session.php,config.php	no	review	outbound-linked	unknown	
holidays_offers_status_get.php	root	holidays_offers_status_get		holidays offers status get	authenticated/unknown							no	no	hr_session.php,config.php	no	review	outbound-linked	unknown	
hospital_admission_consent.php	root	hospital_admission_consent	إقرارات التنويم	hospital admission consent	authenticated/unknown		company,branch	and,companies_groups_general,functin,hospital_admission_consent,hospital_admission_consent_template,if,payment_guarantee,payment_guarantee_attachments,ra_users,sms_sender_name	<?php echo $pagename; ?>,./complaints.php	create,update,delete,approve,reject,send,reply	1,2,0,4	yes	yes	header.inc.php,autoload.php,sms_class.php,Shortener.class.php,SadqClient.php,hospital_admission_consent.php,sendsoundajax.php,hospital_admission_consent_form.php,SL.php,hospital_admission_consent_contract_approval.php,footer.inc.php,hospital_admission_consent_arabic.php,complaints.php,hospital_admission_consent_pdf.php	yes	no	outbound-linked	unknown	session/header guard; form; ajax; print/pdf; file handling/ref
hospital_admission_consent_arabic.php	root	hospital_admission_consent_arabic		hospital admission consent arabic	authenticated/unknown			rep1_payment_due_action,rep1_payment_due_reason,rep1_payment_type		approve		no	no	hr_session.php,config.php,functions.php,validationForm.php,multiLanguage.php,user.php,paginator.class.php,permissions.link.php,common.php,MyQuery.php,hospital_admission_consent_input_arabic.php	yes	review	outbound-linked	unknown	ajax
hospital_admission_consent_contract_approval.php	root	hospital_admission_consent_contract_approval	ALHAMMADI | NEWBORNS	hospital admission consent contract approval	authenticated/unknown		branch	hospital_admission_consent,sms_archive	hospital_admission_consent_contract_approval.php	create,update,approve,send	1,2	no	yes	hr_session.php,config.php,functions.php,sms_class.php,index.php,hospital_admission_consent_pdf.php,hospital_admission_consent_contract_approval.php	yes	review	outbound-linked	unknown	form; ajax; print/pdf
hospital_admission_consent_english.php	root	hospital_admission_consent_english		hospital admission consent english	authenticated/unknown							no	no	hr_session.php,config.php,functions.php,validationForm.php,multiLanguage.php,user.php,paginator.class.php,permissions.link.php,common.php,MyQuery.php,hospital_admission_consent_input_arabic.php	no	review	outbound-linked	unknown	
hospital_admission_consent_get_template.php	root	hospital_admission_consent_get_template		hospital admission consent get template	authenticated/unknown			corporate_communications_outgoing_letters_template				no	no	hr_session.php,config.php,functions.php,validationForm.php,multiLanguage.php,user.php,paginator.class.php,permissions.link.php,common.php,MyQuery.php	yes	review	outbound-linked	unknown	ajax
hospital_admission_consent_input_arabic.php	root	hospital_admission_consent_input_arabic		hospital admission consent input arabic	authenticated/unknown			medical_services_agreement_sadq,relatives				no	yes	hr_session.php,config.php,functions.php,validationForm.php,multiLanguage.php,user.php,paginator.class.php,permissions.link.php,common.php,MyQuery.php,hospital_admission_consent_input_arabic.php	yes	review	outbound-linked	unknown	ajax; print/pdf
hospital_admission_consent_input_english.php	root	hospital_admission_consent_input_english		hospital admission consent input english	authenticated/unknown			country_yakeen,relatives				no	no	hr_session.php,config.php,functions.php,validationForm.php,multiLanguage.php,user.php,paginator.class.php,permissions.link.php,common.php,MyQuery.php,payment_guarantee_english.php,payment_guarantee_hijri.php,payment_guarantee_gregorian.php	yes	review	outbound-linked	unknown	ajax
hospital_admission_consent_pdf.php	root	hospital_admission_consent_pdf		hospital admission consent pdf	authenticated/unknown			companies_groups,country_yakeen,hospital_admission_consent,html,ra_users,relatives		approve	1	yes	yes	autoload.php,hr_session.php,config.php,functions.php,index.php,login.php,barcode.php,hospital_admission_consent_pdf.php	yes	no	outbound-linked	unknown	session/header guard; ajax; print/pdf; file handling/ref
hospital_admission_consent_template.php	root	hospital_admission_consent_template		hospital admission consent template	authenticated/unknown			hospital_admission_consent_template				no	no	hr_session.php,config.php	yes	review	outbound-linked	unknown	ajax
hospital_admission_consent_template_form.php	root	hospital_admission_consent_template_form		hospital admission consent template form	authenticated/unknown		branch		<?php echo admission_consent_template_h($pagename); ?>	create,update		no	no	header.inc.php,form_token.php,hospital_admission_consent_template_form.php,footer.inc.php	yes	no	outbound-linked	unknown	session/header guard; form; ajax
hspform.php	root	hspform	ALHAMMADI | NEWBORNS	hspform	authenticated/unknown			health_service_purchase_form,nationality	health_service_purchase_form.php?t=<?php echo hh_html($request_token);?>,	update		yes	no	hr_session.php,config.php,functions.php,validationForm.php,multiLanguage.php,user.php,paginator.class.php,permissions.link.php,common.php,MyQuery.php,clientContract.php,clientVacations.php,hspform.php,health_service_purchase_form_result.php,health_service_purchase_form.php	yes	review	outbound-linked	unknown	form; ajax; file handling/ref
in_call.php	root	in_call		in call	authenticated/unknown							no	no	header.inc.php,footer.inc.php	no	no	outbound-linked	unknown	session/header guard
inbox-detail.php	root	inbox-detail		inbox detail	authenticated/unknown		branch	branch_users,branches,mail_attachment,mail_folder,mail_message,ra_users	<?php echo $pageName; ?>?id=<?php echo $rowDetail[	create,update,delete,send,reply		yes	yes	header.inc.php,inbox-detail.php,inbox.php,footer.inc.php,mail_sent.php,index.php,mail_menu.php	no	no	outbound-linked	unknown	session/header guard; form; print/pdf; file handling/ref
incident_report_form.php	root	incident_report_form	نموذج إبلاغ عن حادثة	incident report form	authenticated/unknown		branch	certificate_upload,countries,functin,if,incident_report_form,incident_report_form_attachments,incident_report_form_doctors,incident_report_status,paramedics,ra_users,sms_archive,sms_sender_name	./complaints.php,<?php echo $pagename; ?>	create,update,delete,send,reply	0,4,1	yes	yes	header.inc.php,incident_report_form.php,sms_class.php,Shortener.class.php,medical_report_form.php,SL.php,sendsoundajax.php,complaints.php,incident_report_form_paramedic.php,incident_report_form_other.php,incident_report_pdf.php,incident_report_form_pdf.php,footer.inc.php	yes	no	outbound-linked	unknown	session/header guard; form; ajax; print/pdf; file handling/ref
incident_report_form_pdf.php	root	incident_report_form_pdf		incident report form pdf	authenticated/unknown		company,branch	branches,companies_groups,countries,html,incident_report_form,incident_report_status,paramedics,ra_users				yes	yes	autoload.php,hr_session.php,config.php,functions.php,multiLanguage.php,common.php,MyQuery.php,index.php,complaints_pdf.php,incident_report_form_pdf.php,barcode.php	yes	no	outbound-linked	unknown	session/header guard; ajax; print/pdf; file handling/ref
incident_report_pdf.php	root	incident_report_pdf		incident report pdf	authenticated/unknown		company,branch	branches,companies_groups,countries,html,incident_report_form,incident_report_form_doctors,ra_users				no	yes	autoload.php,hr_session.php,config.php,functions.php,multiLanguage.php,common.php,MyQuery.php,complaints_pdf.php,incident_report_pdf.php,barcode.php	yes	no	outbound-linked	unknown	session/header guard; ajax; print/pdf
incident_report_tcpdf.php	root	incident_report_tcpdf		incident report tcpdf	authenticated/unknown		company,branch	bottom,branches,companies_groups,countries,html,incident_report_form,incident_report_form_doctors,ra_users		update		yes	yes	hr_session.php,config.php,functions.php,multiLanguage.php,common.php,MyQuery.php,index.php,complaints_pdf.php,incident_report_pdf.php,tcpdf_include.php,tcpdf_config_alt.php,tcpdf.php	yes	no	outbound-linked	unknown	session/header guard; ajax; print/pdf; file handling/ref
includes/MyQuery.php	includes	MyQuery		MyQuery	authenticated/unknown			public		create,update,delete		no	yes		no	review	unresolved	unknown	print/pdf
includes/OpensslEncryptDecrypt.php	includes	OpensslEncryptDecrypt		OpensslEncryptDecrypt	authenticated/unknown							no	no		no	review	unresolved	unknown	
includes/SadqClient.php	includes	SadqClient		SadqClient	authenticated/unknown					send		yes	yes	config.php,SadqConfig.php	no	review	outbound-linked	unknown	print/pdf; file handling/ref
includes/SadqConfig.php	includes	SadqConfig		SadqConfig	authenticated/unknown			postman				no	no		no	review	unresolved	unknown	
includes/Shortener.class.php	includes	Shortener.class		Shortener.class	authenticated/unknown			the		create,update		no	no		yes	review	unresolved	unknown	ajax
includes/SimpleXLSX.php	includes	SimpleXLSX		SimpleXLSX	authenticated/unknown			other,second,the,this				no	yes		no	review	unresolved	unknown	print/pdf
includes/ajax_response.php	includes	ajax_response		ajax response	authenticated/unknown							no	no		yes	review	unresolved	unknown	ajax
includes/analysis_account_class.php	includes	analysis_account_class		analysis account class	authenticated/unknown		branch	treeview_items				no	no		yes	review	unresolved	unknown	ajax
includes/apimalath.php	includes	apimalath		apimalath	authenticated/unknown					approve,send		no	no		no	review	unresolved	unknown	
includes/barcode.php	includes	barcode		barcode	authenticated/unknown			a,bit,character			2,102,3,1	no	no	qrcode.php	no	review	outbound-linked	unknown	
includes/branch_permissions.class.php	includes	branch_permissions.class		branch permissions.class	authenticated/unknown		branch	branch_role_page,branch_user_groups_permission,branch_user_permission,branch_users				no	no	config.php,footer.inc.php,header.inc.php	yes	no	outbound-linked	unknown	session/header guard; ajax
includes/branch_permissions.link.php	includes	branch_permissions.link		branch permissions.link	authenticated/unknown		branch	branch_user_groups_permission,branch_users				no	no		no	no	unresolved	unknown	session/header guard
includes/clientContract.php	includes	clientContract		clientContract	authenticated/unknown			client_vacations,client_vacations_hr_reply,clients		approve,reply	2	no	yes	MyQuery.php	yes	review	outbound-linked	unknown	ajax; print/pdf
includes/clientVacations.php	includes	clientVacations		clientVacations	authenticated/unknown		branch	client_vacations,client_vacations_hr_reply		approve,reply	2	no	yes	MyQuery.php	yes	review	outbound-linked	unknown	ajax; print/pdf
includes/clientVacationsBk.php	includes	clientVacationsBk		clientVacationsBk	authenticated/unknown		branch	client_vacations,client_vacations_hr_reply		approve,reply	2	no	yes	MyQuery.php	yes	review	outbound-linked	unknown	ajax; print/pdf
includes/common.php	includes	common		common	authenticated/unknown							no	no	lang.en.php,lang.ar.php,lang.ch.php	no	review	outbound-linked	unknown	
includes/config.php	includes	config		config	authenticated/unknown							no	yes	form_token.php	no	review	outbound-linked	unknown	print/pdf
includes/database.php	includes	database		database	authenticated/unknown					create		no	no	config.php	no	review	outbound-linked	unknown	
includes/database_object.php	includes	database_object		database object	authenticated/unknown							no	no	database.php	no	review	outbound-linked	unknown	
includes/form_token.php	includes	form_token		form token	authenticated/unknown					reject		no	no	get_info.php	yes	no	outbound-linked	unknown	session/header guard; ajax
includes/functions.php	includes	functions		functions	authenticated/unknown		branch	sms_archive		create,approve		yes	yes	barcode.php,SL.php	no	no	outbound-linked	unknown	session/header guard; print/pdf; file handling/ref
includes/hhMailer.php	includes	hhMailer	Al Hammadi Hospitals Group	hhMailer	authenticated/unknown					approve,send		no	no	PHPMailer.php,SMTP.php,Exception.php	no	review	outbound-linked	unknown	
includes/holidays_offers.php	includes	holidays_offers	Al Hammadi Hospitals Group	holidays offers	authenticated/unknown		branch	branches_departments,certificate_upload,clinicians,department_sender_email,functin,government_circulars_issuing_authority,holidays_offers,holidays_offers_attachments,holidays_offers_clinicians_working_days,holidays_offers_receipt_reports,holidays_offers_status,holidays_offers_supervisors,holidays_offers_timeline,if,rep12_main_section	<?php echo $pagename; ?>	create,update,delete,send	0,4,5,1,2,3,6	yes	yes	header.inc.php,sms_class.php,Shortener.class.php,OpensslEncryptDecrypt.php,PHPMailer.php,SMTP.php,Exception.php,holidays_offers.php,holidays_offers_duty_confirm.php,holidays_offers_sections.php,holidays_offers_supervisors.php,holidays_offers_form.php,SL.php,holidays_offers_status_get.php,sendsoundajax.php,holidays_offers_receipt_report.php,holidays_offers_timeline.php,holidays_offers_form_main_pdf.php,holidays_offers_form_pdf.php,holidays_offers_form_rpdf.php,holidays_offers_clinic.php,holidays_offers_canceled.php,footer.inc.php,government_circulars_issuing_authority_classification_grap.php,government_circulars_issuing_authority_grap.php	yes	no	outbound-linked	unknown	session/header guard; form; ajax; print/pdf; file handling/ref
includes/hr_session.php	includes	hr_session		hr session	authenticated/unknown		branch					no	no		no	no	unresolved	unknown	session/header guard
includes/languages/ar/general.php	includes	general		general	authenticated/unknown					update,delete,approve		no	no		no	review	unresolved	unknown	
includes/languages/ar/medical_approval.php	includes	medical_approval		medical approval	authenticated/unknown					approve,reject		no	no		no	review	unresolved	unknown	
includes/languages/en/general.php	includes	general		general	authenticated/unknown					update,delete,approve		no	no		no	review	unresolved	unknown	
includes/languages/en/medical_approval.php	includes	medical_approval		medical approval	authenticated/unknown					approve,reject		no	no		no	review	unresolved	unknown	
includes/medical_services_agreement_sadq.php	includes	medical_services_agreement_sadq	إتفاقية تقديم خدمات طبية	medical services agreement sadq	authenticated/unknown		company,branch	and,any,companies_groups,companies_groups_general,country_yakeen,functin,html,idtype,if,medical_services_agreement_sadq,medical_services_agreement_sadq_transactions,my,payment_guarantee,payment_guarantee_attachments,ra_users,relatives,signatuers,sms_sender_name,such,the,this	<?php echo $pagename; ?>,./complaints.php	create,update,delete,approve,reject,send,reply	1,2,0,4	yes	yes	header.inc.php,autoload.php,sms_class.php,Shortener.class.php,yakeen_v1.class.php,SadqClient.php,medical_services_agreement_sadq.php,sendsoundajax.php,barcode.php,contractSadq_pdf.php,medical_services_agreement_arabic.php,medical_services_agreement_english.php,complaints.php,footer.inc.php	yes	no	outbound-linked	unknown	session/header guard; form; ajax; print/pdf; file handling/ref
includes/medical_services_agreement_sadq_manual.php	includes	medical_services_agreement_sadq_manual	إتفاقية تقديم خدمات طبية(الإدخال اليدوي)	medical services agreement sadq manual	authenticated/unknown		company,branch	and,any,companies_groups,companies_groups_general,country_yakeen,functin,html,idtype,if,medical_services_agreement_sadq,medical_services_agreement_sadq_transactions,my,payment_guarantee,payment_guarantee_attachments,ra_users,relatives,signatuers,sms_sender_name,such,the,this	<?php echo $pagename; ?>,./complaints.php	create,update,delete,approve,reject,send,reply	1,2,0,4	yes	yes	header.inc.php,autoload.php,sms_class.php,Shortener.class.php,SadqClient.php,medical_services_agreement_sadq_manual.php,sendsoundajax.php,barcode.php,contractSadq_pdf.php,medical_services_agreement_manual_arabic.php,medical_services_agreement_manual_english.php,complaints.php,medical_services_agreement_sadq.php,footer.inc.php	yes	no	outbound-linked	unknown	session/header guard; form; ajax; print/pdf; file handling/ref
includes/multiLanguage.php	includes	multiLanguage		multiLanguage	authenticated/unknown							no	yes		no	review	unresolved	unknown	print/pdf
includes/newPHPClass.php	includes	newPHPClass		newPHPClass	authenticated/unknown							no	no		no	review	unresolved	unknown	
includes/outlookPhpMailer.class.php	includes	outlookPhpMailer.class		outlookPhpMailer.class	authenticated/unknown					send		no	no	PHPMailer.php,SMTP.php,Exception.php,autoload.php	no	review	outbound-linked	unknown	
includes/pagination.php	includes	pagination		pagination	authenticated/unknown							no	no		no	review	unresolved	unknown	
includes/paginator.class.php	includes	paginator.class		paginator.class	authenticated/unknown			articles,step,table				no	yes		no	review	unresolved	unknown	print/pdf
includes/permissions.class.php	includes	permissions.class		permissions.class	authenticated/unknown			page,ra_users,user_groups_permission,user_permission				no	no	config.php,footer.inc.php,header.inc.php	yes	no	outbound-linked	unknown	session/header guard; ajax
includes/permissions.link.php	includes	permissions.link		permissions.link	authenticated/unknown			ra_users,user_groups_permission				no	no		yes	no	unresolved	unknown	session/header guard; ajax
includes/recommendation.php	includes	recommendation		recommendation	authenticated/unknown			public,user		create,update,delete		no	no	database.php,config.php,database_object.php	no	review	outbound-linked	unknown	
includes/roles/PrivilegedUser.php	includes	PrivilegedUser		PrivilegedUser	authenticated/unknown			ra_users,roles,user_role				no	no		yes	no	unresolved	unknown	session/header guard; ajax
includes/roles/Role.php	includes	Role		Role	authenticated/unknown			permissions,role_perm				no	no		yes	review	unresolved	unknown	ajax
includes/security_headers.php	includes	security_headers		security headers	authenticated/unknown							no	no		no	review	unresolved	unknown	
includes/sms_class.php	includes	sms_class		sms class	authenticated/unknown					send		no	no		no	review	unresolved	unknown	
includes/uCal.php	includes	uCal		uCal	authenticated/unknown			here,hijri				no	yes		no	review	unresolved	unknown	print/pdf
includes/umalquraCal.class.php	includes	umalquraCal.class		umalquraCal.class	authenticated/unknown			here,hijri				no	yes		no	review	unresolved	unknown	print/pdf
includes/user.php	includes	user		user	authenticated/unknown			public,ra_users,table,user		create,update,delete		yes	no	database.php,config.php,database_object.php	no	review	outbound-linked	unknown	file handling/ref
includes/userBranchClass.php	includes	userBranchClass		userBranchClass	authenticated/unknown		branch	branch_users,user_client		create,update		no	yes		yes	no	unresolved	unknown	session/header guard; ajax; print/pdf
includes/userClass.php	includes	userClass		userClass	authenticated/unknown		branch	ra_users,user_client		create,update		no	yes		yes	no	unresolved	unknown	session/header guard; ajax; print/pdf
includes/userClientClass.php	includes	userClientClass		userClientClass	authenticated/unknown		branch	clients		update		no	no		yes	no	unresolved	unknown	session/header guard; ajax
includes/userEmployeeClass.php	includes	userEmployeeClass		userEmployeeClass	authenticated/unknown		branch	employees,user_client		update		no	no		yes	no	unresolved	unknown	session/header guard; ajax
includes/user_branch.php	includes	user_branch		user branch	authenticated/unknown		branch	branch_users,public,table,user		create,update,delete		yes	no	database.php,config.php,database_object.php	no	review	outbound-linked	unknown	file handling/ref
includes/user_client.php	includes	user_client		user client	authenticated/unknown		branch	public,table,user,user_client		create,update,delete		no	no	config.php	no	review	outbound-linked	unknown	
includes/user_groups.php	includes	user_groups		user groups	authenticated/unknown		branch	table,user		create,update,delete		no	yes	config.php,database_object.php	yes	review	outbound-linked	unknown	ajax; print/pdf
includes/validationForm.php	includes	validationForm		validationForm	authenticated/unknown							no	yes	hr_session.php	no	review	outbound-linked	unknown	print/pdf
includes/yakeen.class.php	includes	yakeen.class		yakeen.class	authenticated/unknown							no	no		no	review	unresolved	unknown	
includes/yakeen_functions.php	includes	yakeen_functions		yakeen functions	authenticated/unknown							no	no		no	review	unresolved	unknown	
includes/yakeen_v1.class.php	includes	yakeen_v1.class		yakeen v1.class	authenticated/unknown		branch	yaqeen_service_transactions		create		no	yes	hr_session.php,config.php,yakeen_v1_login.class.php	no	no	outbound-linked	unknown	session/header guard; print/pdf
includes/yakeen_v1_login.class.php	includes	yakeen_v1_login.class		yakeen v1 login.class	authenticated/unknown							no	no		no	no	unresolved	unknown	session/header guard
index.php	root	index		index	authenticated/unknown		company,branch	new_post,post_type,users_readed_post		create,send		no	yes	header.inc.php,index.php,footer.inc.php	yes	no	menu	unknown	session/header guard; ajax; print/pdf
individual_training_service.php	root	individual_training_service	الانتساب لدورة تدريبية	individual training service	authenticated/unknown			city,individual_training_service	individual_training_service.php	create		no	no	header.php,individual_training_service.php,index.php,services.php,footer.php	yes	review	outbound-linked	unknown	form; ajax
info-search.php	root	info-search		info search	authenticated/unknown			info				no	no	header.inc.php,MEDICINE_DIAGNOSED_CODE.php,info.php,footer.inc.php	no	no	outbound-linked	unknown	session/header guard; form
info.php	root	info		info	authenticated/unknown		branch	info,the	info-search.php,	create,update		no	no	header.inc.php,info.php,info-search.php,footer.inc.php	no	no	outbound-linked	unknown	session/header guard; form
inpatient_doctors.php	root	inpatient_doctors		inpatient doctors	authenticated/unknown		branch	inpatient_doctors		create,update,approve		no	no	header.inc.php,inpatient_doctors.php,medical_approval_notifications.php,footer.inc.php	yes	no	outbound-linked	unknown	session/header guard; ajax
inquired_section_grap.php	root	inquired_section_grap		inquired section grap	authenticated/unknown		branch	comlaints_employees_emails,inquiries,rep12_subsection				no	no	hr_session.php,config.php,common.php	yes	no	outbound-linked	unknown	session/header guard; ajax
inquiries_and_services.php	root	inquiries_and_services		inquiries and services	authenticated/unknown		branch	branches,branches_departments,functin,if,inquiries_and_services,inquiries_and_services_reply,inquiries_and_services_status,job_titles,rep12_main_section,sms_sender_name	<?php echo $pagename; ?>	create,update,delete,send,reply	0,999999,1,4	yes	yes	header.inc.php,sms_class.php,inquiries_and_services.php,footer.inc.php,inquiry_and_services_job_titles.php,sendsoundajax.php,inquiry_other.php,inquiries_and_services_timeline.php,inquiries_pdf.php,inquired_section_grap.php,rep12_main_section_grap.php	yes	no	outbound-linked	unknown	session/header guard; form; ajax; print/pdf; file handling/ref
inquiries_and_services_receiver.php	root	inquiries_and_services_receiver		inquiries and services receiver	authenticated/unknown		branch	branches,branches_departments,functin,helper,if,inquiries_and_services,inquiries_and_services_reply,inquiries_and_services_status,rep12_main_section,sms_sender_name	../complaints.php,<?php echo $pagename; ?>	create,update,delete,send,reply	0,1,999999,4	yes	yes	header.inc.php,sms_class.php,inquiries_and_services_receiver.php,complaints.php,footer.inc.php,inquiry_receiver_other.php,sendsoundajax.php,inquiries_and_services_timeline.php,inquiries_pdf.php,rep12_subsection_grap.php	yes	no	outbound-linked	unknown	session/header guard; form; ajax; print/pdf; file handling/ref
inquiries_and_services_timeline.php	root	inquiries_and_services_timeline		inquiries and services timeline	authenticated/unknown		branch	branches,inquiries_and_services,inquiries_and_services_reply,inquiries_and_services_status,ra_users		reply		no	no	header.inc.php,birth_notification.php,footer.inc.php	yes	no	outbound-linked	unknown	session/header guard; ajax
inquiries_pdf.php	root	inquiries_pdf		inquiries pdf	authenticated/unknown		company,branch	branches,companies_groups,html,inquiries,inquiries_and_services,inquiries_and_services_reply,inquiries_and_services_status,job_titles,ra_users		reply		yes	yes	autoload.php,hr_session.php,config.php,functions.php,multiLanguage.php,common.php,MyQuery.php,login.php,complaints_pdf.php,inquiriesPrint.php	yes	review	outbound-linked	unknown	ajax; print/pdf; file handling/ref
inquiries_sms.php	root	inquiries_sms		inquiries sms	authenticated/unknown					send		no	no		no	review	unresolved	unknown	
inquiry_and_services_job_titles.php	root	inquiry_and_services_job_titles		inquiry and services job titles	authenticated/unknown		branch	job_titles				no	no	hr_session.php,config.php,common.php	yes	review	outbound-linked	unknown	ajax
inquiry_other.php	root	inquiry_other		inquiry other	authenticated/unknown							no	no	hr_session.php,config.php	no	review	outbound-linked	unknown	
inquiry_pdf.php	root	inquiry_pdf		inquiry pdf	authenticated/unknown		branch	companies_groups,country_yakeen,holidays_inquiry,html,ra_users		reply		yes	yes	autoload.php,hr_session.php,config.php,functions.php,multiLanguage.php,common.php,MyQuery.php,index.php,complaints_pdf.php,inquiry_pdf.php	yes	no	outbound-linked	unknown	session/header guard; ajax; print/pdf; file handling/ref
inquiry_receiver_other.php	root	inquiry_receiver_other		inquiry receiver other	authenticated/unknown		branch	branches				no	no	hr_session.php,config.php	yes	review	outbound-linked	unknown	ajax
inqure_reports.php	root	inqure_reports		inqure reports	authenticated/unknown		branch	branches,branches_departments,functin,helper,if,inquiries_and_services,inquiries_and_services_reply,inquiries_and_services_status,job_titles,rep12_main_section,sms_sender_name	<?php echo $pagename; ?>	create,update,delete,send,reply	0,999999,1,4,5	yes	yes	header.inc.php,sms_class.php,inquiries_and_services_receiver1.php,footer.inc.php,inquiry_receiver_other1.php,sendsoundajax.php,inquiries_and_services_timeline.php,inquiries_pdf.php,rep12_subsection_grap.php,inquired_section_grap.php	yes	no	outbound-linked	unknown	session/header guard; form; ajax; print/pdf; file handling/ref
insurance_companies.php	root	insurance_companies		insurance companies	authenticated/unknown			insurance_companies,specialized_clinics				no	yes	header.inc.php,codes_section.php,footer.inc.php	yes	no	menu	unknown	session/header guard; ajax; print/pdf
labor_cases.php	root	labor_cases		labor cases	authenticated/unknown		company,branch	alhammadi_companies,branches,branches_departments,branches_emails,date,department_sender_email,functin,if,labor_cases,labor_cases_actions,labor_cases_attachments,labor_cases_claim_type,labor_cases_payment_type,labor_cases_reconciliation_installment,labor_cases_required_documents_attachments,labor_cases_statement_request,labor_cases_status,labor_cases_suspend_case_request,labor_cases_suspend_case_request_status,ra_users,sms_sender_name	<?php echo $pagename; ?>,<?php echo 	create,update,delete,reject,send,reply	0,1,4,16,9,14,5,6,7	yes	yes	header.inc.php,sms_class.php,OpensslEncryptDecrypt.php,PHPMailer.php,SMTP.php,Exception.php,labor_cases.php,lawsuit_sessions_schedule.php,labor_casesCheck.php,labor_cases_reply_form.php,footer.inc.php,labor_cases_forms.php,sendsoundajax.php,labor_cases_reconciliation_pdf.php,labor_cases_status_details.php,labor_cases_pdf.php,labor_cases_timeline.php,labor_cases_suspend_case_request_pdf.php,labor_cases_request_waiver_case.php,labor_casesCheckٍReply.php,labor_cases_session_pdf.php,labor_cases_grap.php,rep12_main_section_grap.php,inquired_section_grap.php	yes	no	outbound-linked	unknown	session/header guard; form; ajax; print/pdf; file handling/ref
labor_casesCheck.php	root	labor_casesCheck		labor casesCheck	authenticated/unknown		branch	branches,companies_groups,html,labor_cases,labor_cases_payment_type,labor_cases_statement_request,ra_users		reject,reply		yes	yes	autoload.php,hr_session.php,config.php,functions.php,multiLanguage.php,common.php,MyQuery.php,index.php,labor_cases_reply_form_result.php,medicalReport_pdf.php	yes	review	outbound-linked	unknown	ajax; print/pdf; file handling/ref
labor_casesCheckٍReply.php	root	labor_casesCheckٍReply		labor casesCheckٍReply	authenticated/unknown		branch	branches,companies_groups,html,labor_cases,labor_cases_payment_type,labor_cases_statement_request,ra_users		reject,reply		yes	yes	autoload.php,hr_session.php,config.php,functions.php,multiLanguage.php,common.php,MyQuery.php,index.php,labor_cases_reply_form_result.php,medicalReport_pdf.php	yes	review	outbound-linked	unknown	ajax; print/pdf; file handling/ref
labor_cases_details.php	root	labor_cases_details		labor cases details	authenticated/unknown		branch	branches,labor_cases_actions,labor_cases_reconciliation_status		reply	4,1	no	no	config.php,empty.php,labor_cases_next_session.php,labor_cases_reconciliation_options.php	yes	review	outbound-linked	unknown	ajax
labor_cases_form_other.php	root	labor_cases_form_other		labor cases form other	authenticated/unknown							no	no	config.php	no	review	outbound-linked	unknown	
labor_cases_forms.php	root	labor_cases_forms		labor cases forms	authenticated/unknown			alhammadi_companies,country_yakeen,labor_cases_claim_type				yes	no	hr_session.php,config.php,empty.php,labor_cases_next_session.php	yes	review	outbound-linked	unknown	ajax; file handling/ref
labor_cases_next_session.php	root	labor_cases_next_session		labor cases next session	authenticated/unknown							no	no		no	review	unresolved	unknown	
labor_cases_pdf.php	root	labor_cases_pdf		labor cases pdf	authenticated/unknown		branch	companies_groups,country_yakeen,html,labor_cases,labor_cases_claim_type,labor_cases_payment_type,ra_users		reject,reply		yes	yes	autoload.php,hr_session.php,config.php,functions.php,multiLanguage.php,common.php,MyQuery.php,index.php,medicalReport_pdf.php	yes	review	outbound-linked	unknown	ajax; print/pdf; file handling/ref
labor_cases_reconciliation_installment.php	root	labor_cases_reconciliation_installment		labor cases reconciliation installment	authenticated/unknown							no	no	config.php	no	review	outbound-linked	unknown	
labor_cases_reconciliation_options.php	root	labor_cases_reconciliation_options		labor cases reconciliation options	authenticated/unknown							no	no	config.php,labor_cases_reconciliation_installment.php	no	review	outbound-linked	unknown	
labor_cases_reply_form.php	root	labor_cases_reply_form	ALHAMMADI	labor cases reply form	authenticated/unknown		branch	labor_cases,labor_cases_actions,labor_cases_attachments,labor_cases_statement_request	labor_cases_reply_form.php	create,update,delete,reply	14	yes	no	hr_session.php,config.php,functions.php,validationForm.php,multiLanguage.php,user.php,paginator.class.php,permissions.link.php,common.php,MyQuery.php,clientContract.php,clientVacations.php,form_token.php,labor_cases_reply_form_result.php,labor_cases_reply_form.php,rep12_sub_section_client_grap.php,rep12_main_section_grap.php	yes	no	outbound-linked	unknown	session/header guard; form; ajax; file handling/ref
labor_cases_reply_form_result.php	root	labor_cases_reply_form_result	ALHAMMADI | NEWBORNS	labor cases reply form result	authenticated/unknown			commercial_cases_statement_request		update,reply		yes	no	hr_session.php,config.php,functions.php,validationForm.php,multiLanguage.php,user.php,paginator.class.php,permissions.link.php,common.php,MyQuery.php,clientContract.php,clientVacations.php,complaint_reply_form.php	yes	review	outbound-linked	unknown	ajax; file handling/ref
labor_cases_session_pdf.php	root	labor_cases_session_pdf		labor cases session pdf	authenticated/unknown		branch	companies_groups,html,labor_cases,labor_cases_actions,ra_users		reject,reply	4	yes	yes	autoload.php,hr_session.php,config.php,functions.php,multiLanguage.php,common.php,MyQuery.php,index.php,medicalReport_pdf.php	yes	review	outbound-linked	unknown	ajax; print/pdf; file handling/ref
labor_cases_status_details.php	root	labor_cases_status_details		labor cases status details	authenticated/unknown		branch	branches,labor_cases_actions,labor_cases_reconciliation_status		reply	4,1	no	no	config.php,empty.php,labor_cases_next_session.php,labor_cases_reconciliation_options.php	yes	review	outbound-linked	unknown	ajax
labor_cases_timeline.php	root	labor_cases_timeline		labor cases timeline	authenticated/unknown		branch	branches,labor_cases,labor_cases_actions,labor_cases_statement_request,labor_cases_status,ra_users		reply	9,14,4	no	no	header.inc.php,birth_notification.php,footer.inc.php	yes	no	outbound-linked	unknown	session/header guard; ajax
laborl_cases_reply_form.php	root	laborl_cases_reply_form	ALHAMMADI	laborl cases reply form	authenticated/unknown		branch	labor_cases,labor_cases_actions,labor_cases_attachments,labor_cases_statement_request	labor_cases_reply_form.php	create,update,delete,reply	14	yes	no	hr_session.php,config.php,functions.php,validationForm.php,multiLanguage.php,user.php,paginator.class.php,permissions.link.php,common.php,MyQuery.php,clientContract.php,clientVacations.php,form_token.php,labor_cases_reply_form_result.php,labor_cases_reply_form.php,rep12_sub_section_client_grap.php,rep12_main_section_grap.php	yes	no	outbound-linked	unknown	session/header guard; form; ajax; file handling/ref
lang.ar.php	root	lang.ar		lang.ar	authenticated/unknown		branch			update,delete,approve,send		yes	yes		no	review	unresolved	unknown	print/pdf; file handling/ref
lang.ch.php	root	lang.ch		lang.ch	authenticated/unknown		company,branch	cart,my,our		update,delete,approve,send		yes	yes		no	review	unresolved	unknown	print/pdf; file handling/ref
lang.en.php	root	lang.en		lang.en	authenticated/unknown		company,branch	my,our		update,delete,approve,send		yes	yes		no	review	unresolved	unknown	print/pdf; file handling/ref
languages/lang.ar.php	languages	lang.ar		lang.ar	authenticated/unknown		branch			update,delete,approve,send		yes	yes		no	review	unresolved	unknown	print/pdf; file handling/ref
languages/lang.ch.php	languages	lang.ch		lang.ch	authenticated/unknown		company,branch	cart,my,our		update,delete,approve,send		yes	yes		no	review	unresolved	unknown	print/pdf; file handling/ref
languages/lang.en.php	languages	lang.en		lang.en	authenticated/unknown		company,branch	my,our		update,delete,approve,send		yes	yes		no	review	unresolved	unknown	print/pdf; file handling/ref
lawsauit_timeline.php	root	lawsauit_timeline		lawsauit timeline	authenticated/unknown							no	no		no	review	unresolved	unknown	
lawsuit.php	root	lawsuit		lawsuit	authenticated/unknown		branch	branches,branches_departments,certificate_upload,companies_groups,department_sender_email,executive_title,executive_title_actions,functin,if,law,lawsuit,lawsuit_actions,lawsuit_approval_status,lawsuit_attachments,lawsuit_payment_type,lawsuit_reconciliation_installment,lawsuit_required_documents,lawsuit_required_documents_attachments,lawsuit_statement_request,lawsuit_status,lawsuit_suspend_case_request,lawsuit_suspend_case_request_status,ra_users,report_date	<?php echo $pagename; ?>,<?php echo 	create,update,delete,approve,reject,send,reply	0,1,11,4,16,5,6,7,9,14,2	yes	yes	header.inc.php,OpensslEncryptDecrypt.php,PHPMailer.php,SMTP.php,Exception.php,sms_class.php,lawsuit.php,r_lawsuit.php,lawsuit_sessions_schedule.php,lawsuit_forms.php,sendsoundajax.php,lawsuit_reconciliation_pdf.php,lawsuit_timeline.php,lawsuit_status_details.php,lawsuit_claim_sheets_pdf.php,lawsuit_pdf.php,lawsuit_suspend_case_request_pdf.php,lawsuit_request_waiver_case.php,lawsuit_session_pdf.php,footer.inc.php,lawsuit_grap.php,rep12_main_section_grap.php,inquired_section_grap.php	yes	no	menu	unknown	session/header guard; form; ajax; print/pdf; file handling/ref
lawsuitApproval.php	root	lawsuitApproval	Al Hammadi Hospitals Group	lawsuitApproval	authenticated/unknown		branch	branches_departments,certificate_upload,department_sender_email,functin,if,lawsuit,lawsuit_actions,lawsuit_approval_status,lawsuit_attachments,lawsuit_manager_action,lawsuit_payment_type,lawsuit_status,lawsuit_users_mobile	<?php echo $pagename; ?>,<?php echo 	create,update,delete,approve,reject,send	0,1,4	yes	yes	header.inc.php,sms_class.php,OpensslEncryptDecrypt.php,PHPMailer.php,SMTP.php,Exception.php,lawsuitApproval.php,lawsuit.php,footer.inc.php,gmf.php,SL.php,lawsuit_approval_reason.php,sendsoundajax.php,lawsuit_timeline.php,lawsuit_pdf.php,lawsuit_grap.php,rep12_main_section_grap.php,inquired_section_grap.php	yes	no	outbound-linked	unknown	session/header guard; form; ajax; print/pdf; file handling/ref
lawsuit_amounts.php	root	lawsuit_amounts		lawsuit amounts	authenticated/unknown							no	no	config.php	no	review	outbound-linked	unknown	
lawsuit_approval_reason.php	root	lawsuit_approval_reason		lawsuit approval reason	authenticated/unknown					approve		no	no	config.php	no	review	outbound-linked	unknown	
lawsuit_claim_sheets_pdf.php	root	lawsuit_claim_sheets_pdf		lawsuit claim sheets pdf	authenticated/unknown		branch	companies_groups,country_yakeen,html,lawsuit,lawsuit_payment_type,lawsuit_rejected_reason,lawsuit_request_status,ra_users,room_type		approve,reject	1,2	yes	yes	autoload.php,hr_session.php,config.php,functions.php,multiLanguage.php,common.php,MyQuery.php,index.php,medicalReport_pdf.php	yes	review	outbound-linked	unknown	ajax; print/pdf; file handling/ref
lawsuit_complete_documents.php	root	lawsuit_complete_documents		lawsuit complete documents	authenticated/unknown		branch	lawsuit,lawsuit_approval_status,lawsuit_payment_type,lawsuit_required_documents,lawsuit_required_documents_attachments,the	<?php echo 	update,approve,reply	0,14	yes	yes	header.inc.php,lawsuit_complete_documents.php,lawsuit_documents_pdf.php,footer.inc.php	yes	no	outbound-linked	unknown	session/header guard; form; ajax; print/pdf; file handling/ref
lawsuit_documents_pdf.php	root	lawsuit_documents_pdf		lawsuit documents pdf	authenticated/unknown		branch	companies_groups,html,lawsuit,lawsuit_actions,lawsuit_required_documents,lawsuit_required_documents_attachments,ra_users		reject,reply	4	yes	yes	autoload.php,hr_session.php,config.php,functions.php,multiLanguage.php,common.php,MyQuery.php,index.php,medicalReport_pdf.php	yes	review	outbound-linked	unknown	ajax; print/pdf; file handling/ref
lawsuit_forms.php	root	lawsuit_forms		lawsuit forms	authenticated/unknown			country_yakeen,lawsuit_rejected_reason,lawsuit_request_status,payment_guarantee,room_type		approve,reject	1	no	no	hr_session.php,config.php,payment_guarantee_hijri.php,payment_guarantee_gregorian.php,lawsuit_amounts.php,lawsuit_rejected_reason.php	yes	review	outbound-linked	unknown	ajax
lawsuit_next_session.php	root	lawsuit_next_session		lawsuit next session	authenticated/unknown							no	no	config.php	no	review	outbound-linked	unknown	
lawsuit_pdf.php	root	lawsuit_pdf		lawsuit pdf	authenticated/unknown		branch	companies_groups,country_yakeen,html,lawsuit,lawsuit_payment_type,lawsuit_rejected_reason,lawsuit_request_status,ra_users,room_type		reject,reply		yes	yes	autoload.php,hr_session.php,config.php,functions.php,multiLanguage.php,common.php,MyQuery.php,index.php,medicalReport_pdf.php	yes	review	outbound-linked	unknown	ajax; print/pdf; file handling/ref
lawsuit_reconciliation_installment.php	root	lawsuit_reconciliation_installment		lawsuit reconciliation installment	authenticated/unknown							no	no	config.php	no	review	outbound-linked	unknown	
lawsuit_reconciliation_options.php	root	lawsuit_reconciliation_options		lawsuit reconciliation options	authenticated/unknown							no	no	config.php,lawsuit_reconciliation_installment.php	no	review	outbound-linked	unknown	
lawsuit_reconciliation_pdf.php	root	lawsuit_reconciliation_pdf		lawsuit reconciliation pdf	authenticated/unknown		branch	companies_groups,country_yakeen,html,lawsuit,lawsuit_actions,lawsuit_payment_type,lawsuit_reconciliation_installment,lawsuit_reconciliation_status,lawsuit_rejected_reason,lawsuit_request_status,ra_users		reject,reply	16	yes	yes	autoload.php,hr_session.php,config.php,functions.php,multiLanguage.php,common.php,MyQuery.php,index.php,medicalReport_pdf.php	yes	review	outbound-linked	unknown	ajax; print/pdf; file handling/ref
lawsuit_rejected_reason.php	root	lawsuit_rejected_reason		lawsuit rejected reason	authenticated/unknown					reject		no	no	config.php	no	review	outbound-linked	unknown	
lawsuit_request_waiver_case.php	root	lawsuit_request_waiver_case		lawsuit request waiver case	authenticated/unknown			lawsuit_actions		reply	4	no	no	config.php	yes	review	outbound-linked	unknown	ajax
lawsuit_session_pdf.php	root	lawsuit_session_pdf		lawsuit session pdf	authenticated/unknown		branch	companies_groups,html,lawsuit,lawsuit_actions,ra_users		reject,reply	4	yes	yes	autoload.php,hr_session.php,config.php,functions.php,multiLanguage.php,common.php,MyQuery.php,index.php,medicalReport_pdf.php	yes	review	outbound-linked	unknown	ajax; print/pdf; file handling/ref
lawsuit_sessions_notification.php	root	lawsuit_sessions_notification		lawsuit sessions notification	authenticated/unknown		branch	comlaints_sender_email,lawsuit,lawsuit_actions,lawsuit_users_mobile,sms_archive		create,send	4	no	no	autoload.php,hr_session.php,config.php,functions.php,multiLanguage.php,common.php,MyQuery.php,sms_class.php,OpensslEncryptDecrypt.php,PHPMailer.php,SMTP.php,Exception.php	yes	review	outbound-linked	unknown	ajax
lawsuit_sessions_schedule.php	root	lawsuit_sessions_schedule		lawsuit sessions schedule	authenticated/unknown			a,administrative_cases,administrative_cases_actions,api,app,calender,commercial_cases,commercial_cases_actions,currentevents,event,existing,labor_cases,labor_cases_actions,lawsuit,lawsuit_actions,medical_cases,medical_cases_actions,there		create,update,delete	4,200,201	no	no	header.inc.php,footer.inc.php,lawsuit_sessions_schedule_update.php,delete_shift_schedule.php,add_shift_schedule.php	yes	no	outbound-linked	unknown	session/header guard; ajax
lawsuit_sessions_schedule_update.php	root	lawsuit_sessions_schedule_update		lawsuit sessions schedule update	authenticated/unknown			lawsuit_actions		create,update		no	no	hr_session.php,config.php,functions.php,login.php	no	review	outbound-linked	unknown	
lawsuit_status_details.php	root	lawsuit_status_details		lawsuit status details	authenticated/unknown			lawsuit_actions,lawsuit_reconciliation_status,lawsuit_required_documents		reply	4,1	no	no	config.php,empty.php,lawsuit_next_session.php,lawsuit_reconciliation_options.php	yes	review	outbound-linked	unknown	ajax
lawsuit_suspend_case_request_pdf.php	root	lawsuit_suspend_case_request_pdf		lawsuit suspend case request pdf	authenticated/unknown		branch	companies_groups,html,lawsuit,lawsuit_suspend_case_request,lawsuit_suspend_case_request_status,ra_users		reject,reply	1,4,5,2,3,6,7	yes	yes	autoload.php,hr_session.php,config.php,functions.php,multiLanguage.php,common.php,MyQuery.php,index.php,medicalReport_pdf.php	yes	review	outbound-linked	unknown	ajax; print/pdf; file handling/ref
lawsuit_timeline.php	root	lawsuit_timeline		lawsuit timeline	authenticated/unknown		branch	branches,lawsuit,lawsuit_actions,lawsuit_required_documents,lawsuit_required_documents_attachments,lawsuit_status,ra_users		reply	4	yes	no	header.inc.php,birth_notification.php,footer.inc.php	yes	no	outbound-linked	unknown	session/header guard; ajax; file handling/ref
lawsuit_users_mobile.php	root	lawsuit_users_mobile		lawsuit users mobile	authenticated/unknown		branch	complaints,functin,if,lawsuit_users_mobile	<?php echo $pagename; ?>	create,update,delete,send	4	no	no	header.inc.php,lawsuit_users_mobile.php,sendsoundajax.php,footer.inc.php	yes	no	outbound-linked	unknown	session/header guard; form; ajax
login.php	root	login	Al Hammadi Hospitals Group	login	authenticated/unknown		company,branch	company_setting,ra_users,sender_email,sms_auth	login.php	create,update,send		no	no	hr_session.php,config.php,OpensslEncryptDecrypt.php,functions.php,validationForm.php,userClass.php,PHPMailer.php,SMTP.php,Exception.php,common.php,MyQuery.php,multiLanguage.php,sms_class.php,form_token.php,logout.php,login.php,login_opt.php,forgot_password.php	yes	review	outbound-linked	unknown	form; ajax
login_opt.php	root	login_opt	HH	login opt	authenticated/unknown		branch	sender_email,sms_auth	login_opt.php	create,send		no	no	hr_session.php,config.php,functions.php,validationForm.php,OpensslEncryptDecrypt.php,PHPMailer.php,SMTP.php,Exception.php,userClass.php,common.php,MyQuery.php,multiLanguage.php,sms_class.php,form_token.php,index.php,login_opt.php,login.php,logout.php	yes	review	outbound-linked	unknown	session/header guard; form; ajax
logout.php	root	logout		logout	authenticated/unknown		branch					no	no	functions.php,login.php	no	no	menu	unknown	session/header guard
ma.php	root	ma	ALHAMMADI | NEWBORNS	ma	authenticated/unknown			book_a_medical_appointment,book_a_medical_appointment_id_type,book_a_medical_appointment_not_wanting,book_a_medical_appointment_time,country_yakeen	medical_appointment.php?t=<?php echo $_GET[	update,send	4	yes	no	hr_session.php,config.php,functions.php,validationForm.php,multiLanguage.php,user.php,paginator.class.php,permissions.link.php,common.php,MyQuery.php,clientContract.php,clientVacations.php,medical_appointment_result.php,medical_appointment.php,birthchild_form_id_copy_number.php,govermental_serves_forms.php,sendsoundajax.php,birthchild_form_id_copy_number_mother.php,empty.php,birthchild_form_reporting_person.php,book_a_medical_appointment_reason.php	yes	review	outbound-linked	unknown	form; ajax; file handling/ref
maintenance_type_grap.php	root	maintenance_type_grap		maintenance type grap	authenticated/unknown		branch	database,support_services				no	no	hr_session.php,config.php,functions.php,validationForm.php,multiLanguage.php,user.php,MyQuery.php	yes	no	outbound-linked	unknown	session/header guard; ajax
manual_admission_calculator.php	root	manual_admission_calculator		manual admission calculator	authenticated/unknown		branch	functin,if,manual_admission_calculator,ra_users,room_type,sms_archive	./complaints.php,<?php echo $pagename; ?>	create,update,delete,send,reply	4	no	yes	header.inc.php,sms_class.php,Shortener.class.php,manual_admission_calculator.php,footer.inc.php,manual_admission_calculator_pdf.php,manual_admission_calculator_pdf_en.php,SL.php,sendsoundajax.php,complaints.php,manual_admission_calculator_procedures.php,manual_admission_calculator_pdf_arabic.php,manual_admission_calculator_pdf_engilsh.php	yes	no	outbound-linked	unknown	session/header guard; form; ajax; print/pdf
manual_admission_calculator_pdf.php	root	manual_admission_calculator_pdf		manual admission calculator pdf	authenticated/unknown		company,branch	admission_rooms,booking_period,branches,companies_groups,html,manual_admission_calculator,manual_admission_calculator_procedures,ra_users		reply		yes	yes	autoload.php,hr_session.php,config.php,functions.php,multiLanguage.php,common.php,MyQuery.php,index.php,complaints_pdf.php,manual_admission_calculator_pdf.php,barcode.php	yes	no	outbound-linked	unknown	session/header guard; ajax; print/pdf; file handling/ref
manual_admission_calculator_pdf_arabic.php	root	manual_admission_calculator_pdf_arabic		manual admission calculator pdf arabic	authenticated/unknown		company,branch	admission_calculator,admission_rooms,booking_period,branches,companies_groups,html,manual_admission_calculator,manual_admission_calculator_procedures,ra_users		reply		yes	yes	autoload.php,hr_session.php,config.php,functions.php,multiLanguage.php,common.php,MyQuery.php,login.php,logout.php,index.php,complaints_pdf.php,manual_admission_calculator_pdf.php,barcode.php	yes	no	outbound-linked	unknown	session/header guard; ajax; print/pdf; file handling/ref
manual_admission_calculator_pdf_en.php	root	manual_admission_calculator_pdf_en		manual admission calculator pdf en	authenticated/unknown		company,branch	admission_rooms,booking_period,branches,companies_groups,html,manual_admission_calculator,manual_admission_calculator_procedures,ra_users		reply		yes	yes	autoload.php,hr_session.php,config.php,functions.php,multiLanguage.php,common.php,MyQuery.php,index.php,complaints_pdf.php,manual_admission_calculator_pdf_en.php,barcode.php	yes	no	outbound-linked	unknown	session/header guard; ajax; print/pdf; file handling/ref
manual_admission_calculator_pdf_engilsh.php	root	manual_admission_calculator_pdf_engilsh		manual admission calculator pdf engilsh	authenticated/unknown		company,branch	admission_rooms,booking_period,branches,companies_groups,html,manual_admission_calculator,manual_admission_calculator_procedures,ra_users		reply		yes	yes	autoload.php,hr_session.php,config.php,functions.php,multiLanguage.php,common.php,MyQuery.php,login.php,logout.php,index.php,complaints_pdf.php,manual_admission_calculator_pdf_en.php,barcode.php	yes	no	outbound-linked	unknown	session/header guard; ajax; print/pdf; file handling/ref
manual_admission_calculator_procedures.php	root	manual_admission_calculator_procedures	تسعيرة الخدمات الطبية -اجراءات	manual admission calculator procedures	authenticated/unknown		branch	admission_rooms,manual_admission_calculator,manual_admission_calculator_procedures,vat	<?php echo $pagename;?>	create,update,delete,send	4	no	no	header.inc.php,manual_admission_calculator.php,manual_admission_calculator_procedures.php,manual_admission_calculator_room.php,empty.php,sendsoundajax.php,footer.inc.php	yes	no	outbound-linked	unknown	session/header guard; form; ajax
manual_admission_calculator_room.php	root	manual_admission_calculator_room		manual admission calculator room	authenticated/unknown			admission_rooms			2	no	yes	hr_session.php,config.php,functions.php,validationForm.php,multiLanguage.php,user.php,paginator.class.php,permissions.link.php,common.php,MyQuery.php	yes	review	outbound-linked	unknown	ajax; print/pdf
medica_report.php	root	medica_report	التقارير الطبية	medica report	authenticated/unknown		branch	certificate_upload,country_yakeen,functin,if,medica_report,medica_report_attachments,medica_report_decision,ra_users	<?php echo $pagename; ?>	create,update,delete,send,reply	4	yes	yes	header.inc.php,sms_class.php,Shortener.class.php,medica_report.php,sendsoundajax.php,medicalReport_pdf.php,SL.php,medica_report_type.php,hijri.php,gregorian.php,medica_report_pdf.php,medica_report_timeline.php,footer.inc.php	yes	no	outbound-linked	unknown	session/header guard; form; ajax; print/pdf; file handling/ref
medica_report_pdf.php	root	medica_report_pdf		medica report pdf	authenticated/unknown		branch	companies_groups,country_yakeen,html,medica_report,ra_users		reject,reply		yes	yes	autoload.php,hr_session.php,config.php,functions.php,multiLanguage.php,common.php,MyQuery.php,index.php,medicalReport_pdf.php	yes	no	outbound-linked	unknown	session/header guard; ajax; print/pdf; file handling/ref
medica_report_timeline.php	root	medica_report_timeline		medica report timeline	authenticated/unknown		branch	branches,medica_report,medica_report_action,medica_report_decision,ra_users		reply		no	no	header.inc.php,medica_report.php,footer.inc.php	yes	no	outbound-linked	unknown	session/header guard; ajax
medica_report_type.php	root	medica_report_type		medica report type	authenticated/unknown							no	no	hr_session.php,config.php	no	review	outbound-linked	unknown	
medicalCaseForm.php	root	medicalCaseForm	ALHAMMADI	medicalCaseForm	authenticated/unknown		branch	companies_groups,medical_cases	medicalCaseForm.php	create,update		yes	no	hr_session.php,config.php,functions.php,validationForm.php,multiLanguage.php,user.php,paginator.class.php,permissions.link.php,common.php,MyQuery.php,clientContract.php,clientVacations.php,medicalCaseForm.php,medicalCaseFormResult.php,rep12_sub_section_client_grap.php,rep12_main_section_grap.php	yes	review	outbound-linked	unknown	form; ajax; file handling/ref
medicalCaseFormResult.php	root	medicalCaseFormResult	ALHAMMADI | NEWBORNS	medicalCaseFormResult	authenticated/unknown							yes	no	hr_session.php,config.php,functions.php,validationForm.php,multiLanguage.php,user.php,paginator.class.php,permissions.link.php,common.php,MyQuery.php,clientContract.php,clientVacations.php	no	review	outbound-linked	unknown	file handling/ref
medicalReport_pdf.php	root	medicalReport_pdf		medicalReport pdf	authenticated/unknown		branch	companies_groups,country_yakeen,html,medica_report,ra_users		reject,reply		yes	yes	autoload.php,hr_session.php,config.php,functions.php,multiLanguage.php,common.php,MyQuery.php,index.php,medicalReport_pdf.php	yes	no	outbound-linked	unknown	session/header guard; ajax; print/pdf; file handling/ref
medical_appointment.php	root	medical_appointment	ALHAMMADI	medical appointment	authenticated/unknown		branch	book_a_medical_appointment,book_a_medical_appointment_coverage_status,book_a_medical_appointment_not_wanting,book_a_medical_appointment_procedure_place,book_a_medical_appointment_time,book_a_medical_appointment_timeline,clinicians,sms_archive,specialized_clinics,the		create,update,send	2,4,7,6	yes	no	hr_session.php,config.php,functions.php,validationForm.php,multiLanguage.php,user.php,paginator.class.php,permissions.link.php,common.php,MyQuery.php,clientContract.php,clientVacations.php,sms_class.php,medical_appointment_result.php,medical_appointment_doctor.php,sendsoundajax.php	yes	review	outbound-linked	unknown	form; ajax; file handling/ref
medical_appointment_doctor.php	root	medical_appointment_doctor	Al Hammadi Hospitals Group	medical appointment doctor	authenticated/unknown		branch	al,book_a_medical_appointment,book_a_medical_appointment_coverage_status,book_a_medical_appointment_procedure_place,book_a_medical_appointment_timeline,clinicians,department_sender_email,email_or,email_ors,sms_archive,specialized_clinics		create,update,send	3,11	yes	yes	hr_session.php,config.php,functions.php,validationForm.php,multiLanguage.php,user.php,paginator.class.php,permissions.link.php,common.php,MyQuery.php,clientContract.php,clientVacations.php,sms_class.php,OpensslEncryptDecrypt.php,PHPMailer.php,SMTP.php,Exception.php,medical_appointment_doctor_result.php,medical_appointment_doctor1.php,medical_appointment_pdf3.php	yes	review	outbound-linked	unknown	form; ajax; print/pdf; file handling/ref
medical_appointment_doctor_reply_pdf.php	root	medical_appointment_doctor_reply_pdf		medical appointment doctor reply pdf	authenticated/unknown		company,branch	book_a_medical_appointment,book_a_medical_appointment_coverage_status,book_a_medical_appointment_not_wanting,book_a_medical_appointment_procedure_place,clinicians,companies_groups,html,specialized_clinics				yes	yes	autoload.php,hr_session.php,config.php,functions.php,multiLanguage.php,common.php,MyQuery.php,index.php,complaints_pdf.php	yes	review	outbound-linked	unknown	ajax; print/pdf; file handling/ref
medical_appointment_doctor_result.php	root	medical_appointment_doctor_result	ALHAMMADI | NEWBORNS	medical appointment doctor result	authenticated/unknown							yes	no	hr_session.php,config.php,functions.php,validationForm.php,multiLanguage.php,user.php,paginator.class.php,permissions.link.php,common.php,MyQuery.php,clientContract.php,clientVacations.php	no	review	outbound-linked	unknown	file handling/ref
medical_appointment_pdf.php	root	medical_appointment_pdf		medical appointment pdf	authenticated/unknown		company,branch	book_a_medical_appointment,book_a_medical_appointment_coverage_status,book_a_medical_appointment_procedure_place,book_a_medical_appointment_time,clinicians,companies_groups,html,ra_users,specialized_clinics				yes	yes	autoload.php,hr_session.php,config.php,functions.php,multiLanguage.php,common.php,MyQuery.php,index.php,complaints_pdf.php,bed_reservation_pdf.php,barcode.php	yes	review	outbound-linked	unknown	ajax; print/pdf; file handling/ref
medical_appointment_rejected_pdf.php	root	medical_appointment_rejected_pdf		medical appointment rejected pdf	authenticated/unknown		company,branch	book_a_medical_appointment,book_a_medical_appointment_coverage_status,book_a_medical_appointment_not_wanting,book_a_medical_appointment_procedure_place,clinicians,companies_groups,html,specialized_clinics				yes	yes	autoload.php,hr_session.php,config.php,functions.php,multiLanguage.php,common.php,MyQuery.php,index.php,complaints_pdf.php	yes	review	outbound-linked	unknown	ajax; print/pdf; file handling/ref
medical_appointment_result.php	root	medical_appointment_result	ALHAMMADI | NEWBORNS	medical appointment result	authenticated/unknown							yes	no	hr_session.php,config.php,functions.php,validationForm.php,multiLanguage.php,user.php,paginator.class.php,permissions.link.php,common.php,MyQuery.php,clientContract.php,clientVacations.php	no	review	outbound-linked	unknown	file handling/ref
medical_appointment_select_date_pdf.php	root	medical_appointment_select_date_pdf		medical appointment select date pdf	authenticated/unknown		company,branch	book_a_medical_appointment,book_a_medical_appointment_coverage_status,book_a_medical_appointment_procedure_place,clinicians,companies_groups,html,ra_users,specialized_clinics				yes	yes	autoload.php,hr_session.php,config.php,functions.php,multiLanguage.php,common.php,MyQuery.php,index.php,complaints_pdf.php,bed_reservation_pdf.php,barcode.php	yes	review	outbound-linked	unknown	ajax; print/pdf; file handling/ref
medical_approval_contacts.php	root	medical_approval_contacts		medical approval contacts	authenticated/unknown		branch	medical_approval_cc,medical_approval_collections,ra_users,record	<?php echo hh_html($pagename); ?>	create,update,delete,approve		no	no	header.inc.php,medical_approval_contacts.php,medical_approval_notifications.php,footer.inc.php	no	no	outbound-linked	unknown	session/header guard; form
medical_approval_lang.php	root	medical_approval_lang		medical approval lang	authenticated/unknown							no	no		no	no	unresolved	unknown	session/header guard
medical_approval_notifications.php	root	medical_approval_notifications		medical approval notifications	authenticated/unknown		company,branch	branches,clinicians,companies_groups,department_sender_email,inpatient_doctors,mail,medical_approval_cc,medical_approval_collections,medical_approval_notification_logs,medical_approval_notifications,medical_approval_rejection_reasons,medical_approval_statuses,notification,ra_users,sms_archive		create,update,delete,approve,reject,send	9,11	no	yes	header.inc.php,sms_class.php,Shortener.class.php,OpensslEncryptDecrypt.php,hhMailer.php,PHPMailer.php,SMTP.php,Exception.php,medical_approval_notifications.php,medical_approval_statuses.php,medical_approval_rejection_reasons.php,medical_approval_contacts.php,inpatient_doctors.php,footer.inc.php	yes	no	outbound-linked	unknown	session/header guard; ajax; print/pdf
medical_approval_rejection_reasons.php	root	medical_approval_rejection_reasons		medical approval rejection reasons	authenticated/unknown		branch	medical_approval_rejection_reasons		create,update,delete,approve,reject		no	no	header.inc.php,medical_approval_lang.php,medical_approval_statuses.php,medical_approval_notifications.php,medical_approval_rejection_reasons.php,medical_approval_rejection_reason_delete.php,footer.inc.php	yes	no	outbound-linked	unknown	session/header guard; ajax
medical_approval_status_delete.php	root	medical_approval_status_delete		medical approval status delete	authenticated/unknown			medical_approval_statuses		delete,approve		no	no	header.inc.php,medical_approval_statuses.php	no	no	outbound-linked	unknown	session/header guard
medical_approval_statuses.php	root	medical_approval_statuses		medical approval statuses	authenticated/unknown		branch	medical_approval_statuses	medical_approval_status_delete.php	create,update,delete,approve		no	no	header.inc.php,medical_approval_lang.php,medical_approval_statuses.php,medical_approval_notifications.php,medical_approval_status_delete.php,footer.inc.php	yes	no	outbound-linked	unknown	session/header guard; form; ajax
medical_cases.php	root	medical_cases		medical cases	authenticated/unknown		branch	alhammadi_companies,branches,branches_departments,date,department_sender_email,functin,if,medical_cases,medical_cases_actions,medical_cases_attachments,medical_cases_payment_type,medical_cases_reconciliation_installment,medical_cases_required_documents_attachments,medical_cases_statement_request,medical_cases_status,medical_cases_suspend_case_request,medical_cases_suspend_case_request_status,ra_users,sms_sender_name	<?php echo $pagename; ?>,<?php echo 	create,update,delete,reject,send,reply	0,1,4,16,9,14,5,6,7	yes	yes	header.inc.php,sms_class.php,OpensslEncryptDecrypt.php,PHPMailer.php,SMTP.php,Exception.php,medical_cases.php,lawsuit_sessions_schedule.php,medical_casesCheck.php,medical_cases_reply_form.php,footer.inc.php,medical_cases_reconciliation_pdf.php,medical_cases_status_details.php,sendsoundajax.php,medical_cases_pdf.php,medical_cases_timeline.php,medical_cases_suspend_case_request_pdf.php,medical_cases_request_waiver_case.php,medical_casesCheckٍReply.php,medical_cases_session_pdf.php,medical_cases_grap.php,rep12_main_section_grap.php,inquired_section_grap.php	yes	no	outbound-linked	unknown	session/header guard; form; ajax; print/pdf; file handling/ref
medical_casesCheck.php	root	medical_casesCheck		medical casesCheck	authenticated/unknown		branch	branches,companies_groups,html,medical_cases,medical_cases_statement_request,ra_users		reject,reply		yes	yes	autoload.php,hr_session.php,config.php,functions.php,multiLanguage.php,common.php,MyQuery.php,index.php,medical_cases_reply_form_result.php,medicalReport_pdf.php	yes	review	outbound-linked	unknown	ajax; print/pdf; file handling/ref
medical_casesCheckٍReply.php	root	medical_casesCheckٍReply		medical casesCheckٍReply	authenticated/unknown		branch	branches,companies_groups,html,medical_cases,medical_cases_statement_request		reject,reply		yes	yes	autoload.php,hr_session.php,config.php,functions.php,multiLanguage.php,common.php,MyQuery.php,index.php,medical_cases_reply_form_result.php,medicalReport_pdf.php	yes	review	outbound-linked	unknown	ajax; print/pdf; file handling/ref
medical_cases_details.php	root	medical_cases_details		medical cases details	authenticated/unknown		branch	branches,medical_cases_actions,medical_cases_reconciliation_status		reply	4,1	no	no	config.php,empty.php,medical_cases_next_session.php,medical_cases_reconciliation_options.php	yes	review	outbound-linked	unknown	ajax
medical_cases_form_other.php	root	medical_cases_form_other		medical cases form other	authenticated/unknown							no	no		no	review	unresolved	unknown	
medical_cases_forms.php	root	medical_cases_forms		medical cases forms	authenticated/unknown			alhammadi_companies				yes	no	hr_session.php,config.php,medical_cases_form_other.php,empty.php,medical_cases_next_session.php	yes	review	outbound-linked	unknown	ajax; file handling/ref
medical_cases_next_session.php	root	medical_cases_next_session		medical cases next session	authenticated/unknown							no	no		no	review	unresolved	unknown	
medical_cases_pdf.php	root	medical_cases_pdf		medical cases pdf	authenticated/unknown		branch	companies_groups,html,medical_cases				yes	yes	autoload.php,hr_session.php,config.php,functions.php,multiLanguage.php,common.php,MyQuery.php,index.php,medicalReport_pdf.php	yes	review	outbound-linked	unknown	ajax; print/pdf; file handling/ref
medical_cases_reconciliation_installment.php	root	medical_cases_reconciliation_installment		medical cases reconciliation installment	authenticated/unknown							no	no		no	review	unresolved	unknown	
medical_cases_reconciliation_options.php	root	medical_cases_reconciliation_options		medical cases reconciliation options	authenticated/unknown							no	no	medical_cases_reconciliation_installment.php	no	review	outbound-linked	unknown	
medical_cases_reconciliation_pdf.php	root	medical_cases_reconciliation_pdf		medical cases reconciliation pdf	authenticated/unknown		branch	companies_groups,country_yakeen,html,medical_cases,medical_cases_actions,medical_cases_payment_type,medical_cases_reconciliation_installment,medical_cases_reconciliation_status,medical_cases_rejected_reason,medical_cases_request_status,ra_users		reject,reply	16	yes	yes	autoload.php,hr_session.php,config.php,functions.php,multiLanguage.php,common.php,MyQuery.php,index.php,medicalReport_pdf.php	yes	review	outbound-linked	unknown	ajax; print/pdf; file handling/ref
medical_cases_reply_form.php	root	medical_cases_reply_form	ALHAMMADI	medical cases reply form	authenticated/unknown		branch	medical_cases,medical_cases_actions,medical_cases_attachments,medical_cases_statement_request	medical_cases_reply_form.php	create,update,delete,reply	14	yes	no	hr_session.php,config.php,functions.php,validationForm.php,multiLanguage.php,user.php,paginator.class.php,permissions.link.php,common.php,MyQuery.php,clientContract.php,clientVacations.php,medical_cases_reply_form_result.php,medical_cases_reply_form.php,rep12_sub_section_client_grap.php,rep12_main_section_grap.php	yes	no	outbound-linked	unknown	session/header guard; form; ajax; file handling/ref
medical_cases_reply_form_result.php	root	medical_cases_reply_form_result	ALHAMMADI | NEWBORNS	medical cases reply form result	authenticated/unknown			medical_cases_statement_request		update,reply		yes	no	hr_session.php,config.php,functions.php,validationForm.php,multiLanguage.php,user.php,paginator.class.php,permissions.link.php,common.php,MyQuery.php,clientContract.php,clientVacations.php,complaint_reply_form.php	yes	review	outbound-linked	unknown	ajax; file handling/ref
medical_cases_session_pdf.php	root	medical_cases_session_pdf		medical cases session pdf	authenticated/unknown		branch	companies_groups,html,medical_cases,medical_cases_actions,ra_users		reject,reply	4	yes	yes	autoload.php,hr_session.php,config.php,functions.php,multiLanguage.php,common.php,MyQuery.php,index.php,medicalReport_pdf.php	yes	review	outbound-linked	unknown	ajax; print/pdf; file handling/ref
medical_cases_status_details.php	root	medical_cases_status_details		medical cases status details	authenticated/unknown			medical_cases,medical_cases_actions,medical_cases_reconciliation_status		reply	4,1	no	no	config.php,empty.php,medical_cases_next_session.php,medical_cases_reconciliation_options.php	yes	review	outbound-linked	unknown	ajax
medical_cases_timeline.php	root	medical_cases_timeline		medical cases timeline	authenticated/unknown		branch	branches,medical_cases,medical_cases_actions,medical_cases_statement_request,medical_cases_status,ra_users		reply	9,14,4	no	no	header.inc.php,birth_notification.php,footer.inc.php	yes	no	outbound-linked	unknown	session/header guard; ajax
medical_cooperate.php	root	medical_cooperate		medical cooperate	authenticated/unknown			doctors_agreement				no	no	hr_session.php,config.php,functions.php,multiLanguage.php,common.php,MyQuery.php,index.php	yes	review	outbound-linked	unknown	ajax
medical_report_form.php	root	medical_report_form	ALHAMMADI | REPORT	medical report form	authenticated/unknown			incident_report_form	medical_report_form.php?t=<?php echo hh_html($_GET[	update		yes	no	hr_session.php,config.php,functions.php,validationForm.php,multiLanguage.php,user.php,paginator.class.php,permissions.link.php,common.php,MyQuery.php,clientContract.php,clientVacations.php,medical_report_form_result.php,medical_report_form.php	yes	review	outbound-linked	unknown	form; ajax; file handling/ref
medical_report_form_result.php	root	medical_report_form_result	ALHAMMADI | NEWBORNS	medical report form result	authenticated/unknown							yes	no	hr_session.php,config.php,functions.php,validationForm.php,multiLanguage.php,user.php,paginator.class.php,permissions.link.php,common.php,MyQuery.php,clientContract.php,clientVacations.php	no	review	outbound-linked	unknown	file handling/ref
medical_services_agreement.php	root	medical_services_agreement	إتفاقية تقديم خدمات طبية	medical services agreement	authenticated/unknown		company,branch	and,any,certificate_upload,companies_groups,country_yakeen,functin,html,idtype,if,my,payment_guarantee,payment_guarantee_attachments,payment_guarantee_pdfbase64,ra_users,relatives,signatuers,sms_archive,sms_sender_name,such,the,this	<?php echo $pagename; ?>,./complaints.php	create,update,delete,approve,send,reply	1,2,0,4	yes	yes	header.inc.php,autoload.php,sms_class.php,Shortener.class.php,yakeen_v1.class.php,AbsherNabaaClient.php,medical_services_agreement.php,sendsoundajax.php,footer.inc.php,guaranteeAgreemenPrint.php,barcode.php,medicalServicesAgreement.php,SL.php,paymentGuaranteeY.php,medical_services_agreement_arabic.php,medical_services_agreement_english.php,complaints.php,emdha_pdf.php,payment_guarantee_pdf.php,paymentGuarantee_timeline.php	yes	no	outbound-linked	unknown	session/header guard; form; ajax; print/pdf; file handling/ref
medical_services_agreement_arabic.php	root	medical_services_agreement_arabic		medical services agreement arabic	authenticated/unknown			rep1_payment_due_action,rep1_payment_due_reason,rep1_payment_type		approve		no	no	hr_session.php,config.php,medical_services_agreement_arabic.php,medical_services_agreement_arabic_yakeen_step2.php,medical_services_agreement_arabic_patient_onbehaf_yakeen_step2.php,medical_services_agreement_arabic_on_behalf_contractor_yakeen_step2.php	yes	review	outbound-linked	unknown	ajax
medical_services_agreement_arabic_get_contractor_yakeen.php	root	medical_services_agreement_arabic_get_contractor_yakeen		medical services agreement arabic get contractor yakeen	authenticated/unknown			country_yakeen,relatives				no	yes	hr_session.php,config.php,yakeen_v1.class.php,umalquraCal.class.php,payment_guarantee_arabic_get_contractor_yakeen.php	yes	review	outbound-linked	unknown	ajax; print/pdf
medical_services_agreement_arabic_get_patient_onbehaf_yakeen.php	root	medical_services_agreement_arabic_get_patient_onbehaf_yakeen		medical services agreement arabic get patient onbehaf yakeen	authenticated/unknown			country_yakeen				no	yes	hr_session.php,config.php,yakeen_v1.class.php,umalquraCal.class.php	yes	review	outbound-linked	unknown	ajax; print/pdf
medical_services_agreement_arabic_get_yakeen.php	root	medical_services_agreement_arabic_get_yakeen		medical services agreement arabic get yakeen	authenticated/unknown			country_yakeen				no	yes	hr_session.php,config.php,yakeen_v1.class.php,umalquraCal.class.php,payment_guarantee_arabic_get_yakeen.php	yes	review	outbound-linked	unknown	ajax; print/pdf
medical_services_agreement_arabic_on_behalf_contractor_yakeen_step2.php	root	medical_services_agreement_arabic_on_behalf_contractor_yakeen_step2		medical services agreement arabic on behalf contractor yakeen step2	authenticated/unknown			country_yakeen				no	no	hr_session.php,config.php,umalquraCal.class.php,medical_services_agreement_arabic_get_contractor_yakeen.php	yes	review	outbound-linked	unknown	ajax
medical_services_agreement_arabic_on_behalf_patient_yakeen_step2.php	root	medical_services_agreement_arabic_on_behalf_patient_yakeen_step2		medical services agreement arabic on behalf patient yakeen step2	authenticated/unknown			country_yakeen				no	no	hr_session.php,config.php,umalquraCal.class.php,payment_guarantee_arabic_get_patient_onbehaf_yakeen.php	yes	review	outbound-linked	unknown	ajax
medical_services_agreement_arabic_patient_onbehaf_yakeen_step2.php	root	medical_services_agreement_arabic_patient_onbehaf_yakeen_step2		medical services agreement arabic patient onbehaf yakeen step2	authenticated/unknown			countries,country_yakeen				no	no	hr_session.php,config.php,umalquraCal.class.php,payment_guarantee_arabic_get_patient_onbehaf_yakeen.php	yes	review	outbound-linked	unknown	ajax
medical_services_agreement_arabic_yakeen_step2.php	root	medical_services_agreement_arabic_yakeen_step2		medical services agreement arabic yakeen step2	authenticated/unknown			country_yakeen				no	no	hr_session.php,config.php,umalquraCal.class.php,medical_services_agreement_arabic_get_yakeen.php	yes	review	outbound-linked	unknown	ajax
medical_services_agreement_english.php	root	medical_services_agreement_english		medical services agreement english	authenticated/unknown			rep1_payment_due_action,rep1_payment_due_reason,rep1_payment_type		approve		no	no	hr_session.php,config.php,medical_services_agreement_english.php,medical_services_agreement_english_yakeen_step2.php,medical_services_agreement_english_patient_onbehaf_yakeen_step2.php,medical_services_agreement_english_on_behalf_contractor_yakeen_step2.php	yes	review	outbound-linked	unknown	ajax
medical_services_agreement_english_get_contractor_yakeen.php	root	medical_services_agreement_english_get_contractor_yakeen		medical services agreement english get contractor yakeen	authenticated/unknown			country_yakeen,relatives				no	yes	hr_session.php,config.php,yakeen_v1.class.php,payment_guarantee_arabic_get_yakeen.php	yes	review	outbound-linked	unknown	ajax; print/pdf
medical_services_agreement_english_get_patient_onbehaf_yakeen.php	root	medical_services_agreement_english_get_patient_onbehaf_yakeen		medical services agreement english get patient onbehaf yakeen	authenticated/unknown			country_yakeen				no	yes	hr_session.php,config.php,yakeen_v1.class.php,umalquraCal.class.php	yes	review	outbound-linked	unknown	ajax; print/pdf
medical_services_agreement_english_get_yakeen.php	root	medical_services_agreement_english_get_yakeen		medical services agreement english get yakeen	authenticated/unknown			country_yakeen				no	yes	hr_session.php,config.php,yakeen_v1.class.php,umalquraCal.class.php,payment_guarantee_arabic_get_yakeen.php	yes	review	outbound-linked	unknown	ajax; print/pdf
medical_services_agreement_english_on_behalf_contractor_yakeen_step2.php	root	medical_services_agreement_english_on_behalf_contractor_yakeen_step2		medical services agreement english on behalf contractor yakeen step2	authenticated/unknown			country_yakeen				no	no	hr_session.php,config.php,umalquraCal.class.php,medical_services_agreement_english_get_contractor_yakeen.php	yes	review	outbound-linked	unknown	ajax
medical_services_agreement_english_patient_onbehaf_yakeen_step2.php	root	medical_services_agreement_english_patient_onbehaf_yakeen_step2		medical services agreement english patient onbehaf yakeen step2	authenticated/unknown			countries,country_yakeen				no	no	hr_session.php,config.php,umalquraCal.class.php,medical_services_agreement_english_get_patient_onbehaf_yakeen.php	yes	review	outbound-linked	unknown	ajax
medical_services_agreement_english_yakeen_step2.php	root	medical_services_agreement_english_yakeen_step2		medical services agreement english yakeen step2	authenticated/unknown			country_yakeen				no	no	hr_session.php,config.php,umalquraCal.class.php,medical_services_agreement_english_get_yakeen.php	yes	review	outbound-linked	unknown	ajax
medical_services_agreement_manual.php	root	medical_services_agreement_manual	إتفاقية تقديم خدمات طبية	medical services agreement manual	authenticated/unknown		company,branch	and,any,certificate_upload,companies_groups,country_yakeen,functin,html,idtype,if,my,payment_guarantee,payment_guarantee_attachments,payment_guarantee_pdfbase64,ra_users,relatives,signatuers,sms_archive,sms_sender_name,such,the,this	<?php echo $pagename; ?>,./complaints.php	create,update,delete,approve,send,reply	1,2,0,4	yes	yes	header.inc.php,autoload.php,sms_class.php,Shortener.class.php,medical_services_agreement_manual.php,sendsoundajax.php,guaranteeAgreemenPrint.php,barcode.php,medicalServicesAgreement.php,SL.php,medical_services_agreement_manual_arabic.php,medical_services_agreement_manual_english.php,complaints.php,emdha_pdf.php,payment_guarantee_pdf.php,paymentGuarantee_timeline.php,footer.inc.php	yes	no	outbound-linked	unknown	session/header guard; form; ajax; print/pdf; file handling/ref
medical_services_agreement_manual_arabic.php	root	medical_services_agreement_manual_arabic		medical services agreement manual arabic	authenticated/unknown			rep1_payment_due_action,rep1_payment_due_reason,rep1_payment_type		approve		no	no	hr_session.php,config.php,functions.php,validationForm.php,multiLanguage.php,user.php,paginator.class.php,permissions.link.php,common.php,MyQuery.php,payment_guarantee_arabic.php	yes	review	outbound-linked	unknown	ajax
medical_services_agreement_manual_english.php	root	medical_services_agreement_manual_english		medical services agreement manual english	authenticated/unknown							no	no	hr_session.php,config.php,functions.php,validationForm.php,multiLanguage.php,user.php,paginator.class.php,permissions.link.php,common.php,MyQuery.php,payment_guarantee_english.php	no	review	outbound-linked	unknown	
medical_services_agreement_sadq.php	root	medical_services_agreement_sadq	إتفاقية تقديم خدمات طبية	medical services agreement sadq	authenticated/unknown		company,branch	and,any,companies_groups,companies_groups_general,country_yakeen,functin,html,idtype,if,medical_services_agreement_sadq,medical_services_agreement_sadq_transactions,my,payment_guarantee,payment_guarantee_attachments,ra_users,relatives,signatuers,sms_sender_name,such,the,this	<?php echo $pagename; ?>,./complaints.php	create,update,delete,approve,reject,send,reply	1,2,0,4	yes	yes	header.inc.php,autoload.php,sms_class.php,Shortener.class.php,yakeen_v1.class.php,SadqClient.php,medical_services_agreement_sadq.php,sendsoundajax.php,barcode.php,contractSadq_pdf.php,medical_services_agreement_arabic.php,medical_services_agreement_english.php,complaints.php,footer.inc.php	yes	no	outbound-linked	unknown	session/header guard; form; ajax; print/pdf; file handling/ref
medical_services_agreement_sadq_manual.php	root	medical_services_agreement_sadq_manual	إتفاقية تقديم خدمات طبية(الإدخال اليدوي)	medical services agreement sadq manual	authenticated/unknown		company,branch	and,any,companies_groups,companies_groups_general,country_yakeen,functin,html,idtype,if,medical_services_agreement_sadq,medical_services_agreement_sadq_transactions,my,payment_guarantee,payment_guarantee_attachments,ra_users,relatives,signatuers,sms_sender_name,such,the,this	<?php echo $pagename; ?>,./complaints.php	create,update,delete,approve,reject,send,reply	1,2,0,4	yes	yes	header.inc.php,autoload.php,sms_class.php,Shortener.class.php,SadqClient.php,medical_services_agreement_sadq_manual.php,sendsoundajax.php,barcode.php,contractSadq_pdf.php,medical_services_agreement_manual_arabic.php,medical_services_agreement_manual_english.php,complaints.php,medical_services_agreement_sadq.php,footer.inc.php	yes	no	outbound-linked	unknown	session/header guard; form; ajax; print/pdf; file handling/ref
medical_services_agreement_view.php	root	medical_services_agreement_view		medical services agreement view	authenticated/unknown			payment_guarantee,payment_guarantee_pdfbase64				no	yes	hr_session.php,config.php,functions.php,multiLanguage.php,common.php,MyQuery.php,index.php	yes	review	outbound-linked	unknown	ajax; print/pdf
memo.php	root	memo	مذكرة	memo	authenticated/unknown		branch	certificate_upload,functin,if,memo,memo_attachments,memo_send_to,memo_types,ra_users,sms_archive,sms_sender_name	<?php echo $pagename; ?>	create,update,delete,send,reply	4	yes	yes	header.inc.php,memo.php,sms_class.php,Shortener.class.php,memo_v.php,SL.php,sendsoundajax.php,memo_pdf.php,footer.inc.php	yes	no	outbound-linked	unknown	session/header guard; form; ajax; print/pdf; file handling/ref
memo_me.php	root	memo_me	مذكرة	memo me	authenticated/unknown		branch	memo_send_to,memo_types,ra_users,sms_sender_name	<?php echo $pagename; ?>	update,send	4	no	yes	header.inc.php,memo.php,sms_class.php,Shortener.class.php,sendsoundajax.php,memo_me_pdf.php,footer.inc.php	yes	no	outbound-linked	unknown	session/header guard; form; ajax; print/pdf
memo_me_pdf.php	root	memo_me_pdf		memo me pdf	authenticated/unknown		branch	branches,companies_groups,html,memo,memo_send_to,memo_types,ra_users		update,send		yes	yes	hr_session.php,autoload.php,config.php,functions.php,multiLanguage.php,common.php,MyQuery.php,index.php	yes	no	outbound-linked	unknown	session/header guard; ajax; print/pdf; file handling/ref
memo_pdf.php	root	memo_pdf		memo pdf	authenticated/unknown		branch	branches,companies_groups,html,memo,memo_send_to,memo_types,ra_users		send		yes	yes	hr_session.php,autoload.php,config.php,functions.php,multiLanguage.php,common.php,MyQuery.php,index.php	yes	no	outbound-linked	unknown	session/header guard; ajax; print/pdf; file handling/ref
memo_v.php	root	memo_v		memo v	authenticated/unknown		branch	branches,companies_groups,html,memo,memo_send_to,memo_types,ra_users		update,send		yes	yes	autoload.php,hr_session.php,config.php,functions.php,multiLanguage.php,common.php,MyQuery.php,memo_v_result.php	yes	no	outbound-linked	unknown	session/header guard; ajax; print/pdf; file handling/ref
memo_v_result.php	root	memo_v_result	ALHAMMADI | Memo	memo v result	authenticated/unknown							yes	no	hr_session.php,config.php,functions.php,validationForm.php,multiLanguage.php,user.php,paginator.class.php,permissions.link.php,common.php,MyQuery.php,clientContract.php,clientVacations.php	no	review	outbound-linked	unknown	file handling/ref
newEmptyPHP.php	root	newEmptyPHP	مستشفى الحمادي	newEmptyPHP	authenticated/unknown			print		send		no	yes	central_ext.php,emergency_new_call.php,change_pass.php,signature.php,logout.php,clinic_details.php,centralSections.php,service_details.php,services_locations_details.php,vacation_request.php,permission_request.php,change_duty_time_request.php,resignation_request.php,emp_evaluation_view.php,report_15.php,rep_15.php,inquiries_and_services.php,inquiries_and_services_receiver.php,insurance_companies.php,direct_codes.php,term_data.php,code_data.php,central_ext_data.php	no	review	outbound-linked	unknown	print/pdf
note_pdf.php	root	note_pdf		note pdf	authenticated/unknown		branch	branches_departments,comlaints_employees_emails,companies_groups,html,note_types,notes,notess,ra_users,rep12_main_section,rep12_subsection		reply		no	yes	autoload.php,hr_session.php,config.php,functions.php,multiLanguage.php,common.php,MyQuery.php,login.php,index.php,complaints_pdf.php,complaintCheck.php	yes	no	outbound-linked	unknown	session/header guard; ajax; print/pdf
notes.php	root	notes	Al Hammadi Hospitals Group	notes	authenticated/unknown		branch	branches_departments,comlaints_employees_emails,comlaints_sender_email,companies_groups,complaints_reply,g_data,note_types,notes,notess,ra_users,rep12_main_section,rep12_subsection,rep_12_complainant_side,sms_sender_name	./notes.php,<?php echo $pagename; ?>	create,update,delete,send,reply	1,4	yes	yes	header.inc.php,sms_class.php,OpensslEncryptDecrypt.php,PHPMailer.php,SMTP.php,Exception.php,autoload.php,notes.php,rep12_sub_section_employee_grap.php,rep12_main_section_grap.php,rep12_sub_section_client_grap.php,note_pdf.php,footer.inc.php,rep12_sub_section_grap.php,rep12_main_note_grap.php,complaint_third_party_subsection_grap.php,sendsoundajax.php	yes	no	outbound-linked	unknown	session/header guard; form; ajax; print/pdf; file handling/ref
order_report.php	root	order_report		order report	authenticated/unknown		branch	clients_payments,invoice_items_attachment	<?php echo $pagename; ?>	update		yes	yes	header.inc.php,order_report.php,footer.inc.php,client_orders.php	yes	no	outbound-linked	unknown	session/header guard; form; ajax; print/pdf; file handling/ref
outpatient_clinicians.php	root	outpatient_clinicians		outpatient clinicians	authenticated/unknown		branch	clinician_hospitals,clinicians,clinics,companies_groups,country,specialized_clinics	<?php echo $pagename; ?>?id=<?php echo $id; ?>&clinics_id=<?php echo $clinics_id; ?>			no	yes	header.inc.php,outpatient_clinicians.php,index.php,footer.inc.php	yes	review	outbound-linked	unknown	session/header guard; form; ajax; print/pdf
outpatient_clinics_details.php	root	outpatient_clinics_details		outpatient clinics details	authenticated/unknown		branch	centeral_floors,clinician_hospitals,clinicians,clinics,companies_groups,country,outpatient_clinics,outpatient_clinics_details,outpatient_clinics_duty_time,outpatient_clinics_sections				no	yes	header.inc.php,centralSections.php,outpatient_clinics_sections.php,footer.inc.php	yes	no	outbound-linked	unknown	session/header guard; ajax; print/pdf
outpatient_clinics_sections.php	root	outpatient_clinics_sections		outpatient clinics sections	authenticated/unknown			clinician_hospitals,clinicians,clinics,floors,outpatient_clinics_duty_time,outpatient_clinics_sections,specialized_clinics				no	yes	header.inc.php,index.php,outpatient_clinicians.php,outpatient_clinics_details.php,support_services_details.php,footer.inc.php	yes	no	outbound-linked	unknown	session/header guard; ajax; print/pdf
outpatient_clinics_sections_edit.php	root	outpatient_clinics_sections_edit		outpatient clinics sections edit	authenticated/unknown		branch	complaints,functin,if,outpatient_clinics,outpatient_clinics_sections,specialized_clinics	<?php echo $pagename; ?>	create,update,delete,send	4	no	yes	header.inc.php,outpatient_clinics_sections_edit.php,sendsoundajax.php,footer.inc.php	yes	no	outbound-linked	unknown	session/header guard; form; ajax; print/pdf
packages_details.php	root	packages_details		packages details	authenticated/unknown			codes_sections,insurance_companies,laboratory_packages,natural_therapy_packages,pharmacy_packages,rays_packages,specialized_clinics,surgeries_packages				no	yes	header.inc.php,insurance_companies.php,codes_section.php,footer.inc.php	yes	no	outbound-linked	unknown	session/header guard; ajax; print/pdf
patient_complaints.php	root	patient_complaints		patient complaints	authenticated/unknown		branch	branches,country,functin,if	<?php echo $pagename; ?>	create,update,delete		no	yes	header.inc.php,patient_complaints.php,footer.inc.php	yes	no	outbound-linked	unknown	session/header guard; form; ajax; print/pdf
paymentGuarantee.php	root	paymentGuarantee	إتفاقية تقديم خدمات طبية	paymentGuarantee	authenticated/unknown		company,branch	alhammadi,and,any,certificate_upload,companies_groups,functin,html,idtype,if,payment_guarantee,payment_guarantee_attachments,payment_guarantee_pdfbase64,presenting,ra_users,relatives,signatuers,sms_archive,sms_sender_name	<?php echo $pagename; ?>,./complaints.php	create,update,delete,approve,send,reply	1,2,0,4	yes	yes	header.inc.php,autoload.php,sms_class.php,Shortener.class.php,medical_services_agreement_manual.php,footer.inc.php,paymentGuarantee.php,sendsoundajax.php,guaranteeAgreemenPrint.php,barcode.php,guaranteeAgreement.php,SL.php,payment_guarantee_arabic.php,payment_guarantee_english.php,complaints.php,emdha_pdf.php,payment_guarantee_pdf.php,paymentGuarantee_timeline.php	yes	no	outbound-linked	unknown	session/header guard; form; ajax; print/pdf; file handling/ref
paymentGuaranteeY.php	root	paymentGuaranteeY	إتفاقية تقديم خدمات طبية	paymentGuaranteeY	authenticated/unknown		company,branch	alhammadi,and,any,certificate_upload,companies_groups,functin,html,idtype,if,payment_guarantee,payment_guarantee_attachments,payment_guarantee_pdfbase64,presenting,ra_users,relatives,signatuers,sms_archive,sms_sender_name	<?php echo $pagename; ?>,./complaints.php	create,update,delete,approve,send,reply	1,2,0,4	yes	yes	header.inc.php,autoload.php,sms_class.php,Shortener.class.php,yakeen_v1.class.php,medical_services_agreement.php,footer.inc.php,paymentGuaranteeY.php,sendsoundajax.php,guaranteeAgreemenPrint.php,barcode.php,guaranteeAgreement.php,SL.php,payment_guarantee_arabic_yakeen.php,payment_guarantee_english_yakeen.php,complaints.php,emdha_pdf.php,payment_guarantee_pdf.php,paymentGuarantee_timeline.php	yes	no	outbound-linked	unknown	session/header guard; form; ajax; print/pdf; file handling/ref
paymentGuaranteeYakeen.php	root	paymentGuaranteeYakeen	إتفاقية تقديم خدمات طبية	paymentGuaranteeYakeen	authenticated/unknown		company,branch	alhammadi,and,any,bottom,branches,certificate_upload,companies_groups,data,functin,html,if,payment_guarantee,payment_guarantee_attachments,payment_guarantee_pdfbase64,presenting,ra_users,relative_relation,relatives,signatuers,sms_archive,sms_sender_name	<?php echo $pagename; ?>,./complaints.php	create,update,delete,approve,send,reply	1,2,0,4	yes	yes	header.inc.php,sms_class.php,Shortener.class.php,paymentGuarantee.php,sendsoundajax.php,guaranteeAgreemenPrint.php,tcpdf_include.php,tcpdf_config_alt.php,tcpdf.php,guaranteeAgreement.php,SL.php,payment_guarantee_arabic_yakeen.php,payment_guarantee_english_yakeen.php,complaints.php,emdha_pdf.php,payment_guarantee_pdf.php,paymentGuarantee_timeline.php,footer.inc.php	yes	no	outbound-linked	unknown	session/header guard; form; ajax; print/pdf; file handling/ref
paymentGuarantee_timeline.php	root	paymentGuarantee_timeline		paymentGuarantee timeline	authenticated/unknown		branch	payment_guarantee,ra_users		approve		yes	no	header.inc.php,sms_class.php,birth_notification.php,footer.inc.php	yes	no	outbound-linked	unknown	session/header guard; ajax; file handling/ref
payment_guarantee.php	root	payment_guarantee	إتفاقية تقديم خدمات طبية	payment guarantee	authenticated/unknown		branch	certificate_upload,functin,if,payment_guarantee,payment_guarantee_attachments,ra_users	<?php echo $pagename; ?>,<?php echo 	create,update,delete,send,reply	4	yes	yes	header.inc.php,payment_guarantee.php,sendsoundajax.php,payment_guarantee_arabic.php,payment_guarantee_english.php,payment_guarantee_pdf.php,footer.inc.php	yes	no	outbound-linked	unknown	session/header guard; form; ajax; print/pdf; file handling/ref
payment_guarantee_arabic.php	root	payment_guarantee_arabic		payment guarantee arabic	authenticated/unknown			country_yakeen,relatives,rep1_payment_due_action,rep1_payment_due_reason,rep1_payment_type		approve		no	no	hr_session.php,config.php,functions.php,validationForm.php,multiLanguage.php,user.php,paginator.class.php,permissions.link.php,common.php,MyQuery.php,payment_guarantee_arabic.php,payment_guarantee_hijri.php,payment_guarantee_gregorian.php	yes	review	outbound-linked	unknown	ajax
payment_guarantee_arabic_get_contractor_yakeen.php	root	payment_guarantee_arabic_get_contractor_yakeen		payment guarantee arabic get contractor yakeen	authenticated/unknown			country_yakeen,relatives				no	yes	hr_session.php,config.php,yakeen_v1.class.php,umalquraCal.class.php,payment_guarantee_arabic_get_contractor_yakeen.php	yes	review	outbound-linked	unknown	ajax; print/pdf
payment_guarantee_arabic_get_patient_onbehaf_yakeen.php	root	payment_guarantee_arabic_get_patient_onbehaf_yakeen		payment guarantee arabic get patient onbehaf yakeen	authenticated/unknown			country_yakeen				no	yes	hr_session.php,config.php,yakeen_v1.class.php,umalquraCal.class.php	yes	review	outbound-linked	unknown	ajax; print/pdf
payment_guarantee_arabic_get_patient_onbehaf_yakeen220423.php	root	payment_guarantee_arabic_get_patient_onbehaf_yakeen220423		payment guarantee arabic get patient onbehaf yakeen220423	authenticated/unknown			country_yakeen				no	yes	hr_session.php,config.php,yakeen_v1.class.php,umalquraCal.class.php,payment_guarantee_arabic_get_yakeen.php	yes	review	outbound-linked	unknown	ajax; print/pdf
payment_guarantee_arabic_get_yakeen.php	root	payment_guarantee_arabic_get_yakeen		payment guarantee arabic get yakeen	authenticated/unknown			country_yakeen				no	yes	hr_session.php,config.php,yakeen_v1.class.php,umalquraCal.class.php,payment_guarantee_arabic_get_yakeen.php	yes	review	outbound-linked	unknown	ajax; print/pdf
payment_guarantee_arabic_on_behalf_contractor_yakeen_step2.php	root	payment_guarantee_arabic_on_behalf_contractor_yakeen_step2		payment guarantee arabic on behalf contractor yakeen step2	authenticated/unknown			country_yakeen				no	no	hr_session.php,config.php,functions.php,validationForm.php,multiLanguage.php,user.php,paginator.class.php,permissions.link.php,common.php,MyQuery.php,umalquraCal.class.php,payment_guarantee_arabic_get_contractor_yakeen.php	yes	review	outbound-linked	unknown	ajax
payment_guarantee_arabic_on_behalf_patient_yakeen_step2.php	root	payment_guarantee_arabic_on_behalf_patient_yakeen_step2		payment guarantee arabic on behalf patient yakeen step2	authenticated/unknown			country_yakeen				no	no	hr_session.php,config.php,functions.php,validationForm.php,multiLanguage.php,user.php,paginator.class.php,permissions.link.php,common.php,MyQuery.php,umalquraCal.class.php,payment_guarantee_arabic_get_patient_onbehaf_yakeen.php	yes	review	outbound-linked	unknown	ajax
payment_guarantee_arabic_patient_onbehaf_yakeen_step2.php	root	payment_guarantee_arabic_patient_onbehaf_yakeen_step2		payment guarantee arabic patient onbehaf yakeen step2	authenticated/unknown			countries,country_yakeen				no	no	hr_session.php,config.php,functions.php,validationForm.php,multiLanguage.php,user.php,paginator.class.php,permissions.link.php,common.php,MyQuery.php,umalquraCal.class.php,payment_guarantee_arabic_get_patient_onbehaf_yakeen.php	yes	review	outbound-linked	unknown	ajax
payment_guarantee_arabic_yakeen.php	root	payment_guarantee_arabic_yakeen		payment guarantee arabic yakeen	authenticated/unknown			rep1_payment_due_action,rep1_payment_due_reason,rep1_payment_type		approve		no	no	hr_session.php,config.php,functions.php,validationForm.php,multiLanguage.php,user.php,paginator.class.php,permissions.link.php,common.php,MyQuery.php,payment_guarantee_arabic_yakeen.php,payment_guarantee_arabic_yakeen_step2.php,payment_guarantee_arabic_patient_onbehaf_yakeen_step2.php,payment_guarantee_arabic_on_behalf_contractor_yakeen_step2.php	yes	review	outbound-linked	unknown	ajax
payment_guarantee_arabic_yakeen_step2.php	root	payment_guarantee_arabic_yakeen_step2		payment guarantee arabic yakeen step2	authenticated/unknown			country_yakeen				no	no	hr_session.php,config.php,functions.php,validationForm.php,multiLanguage.php,user.php,paginator.class.php,permissions.link.php,common.php,MyQuery.php,umalquraCal.class.php,payment_guarantee_arabic_get_yakeen.php	yes	review	outbound-linked	unknown	ajax
payment_guarantee_english.php	root	payment_guarantee_english		payment guarantee english	authenticated/unknown			country_yakeen,relatives				no	no	hr_session.php,config.php,functions.php,validationForm.php,multiLanguage.php,user.php,paginator.class.php,permissions.link.php,common.php,MyQuery.php,payment_guarantee_english.php,payment_guarantee_hijri.php,payment_guarantee_gregorian.php	yes	review	outbound-linked	unknown	ajax
payment_guarantee_english_get_contractor_yakeen.php	root	payment_guarantee_english_get_contractor_yakeen		payment guarantee english get contractor yakeen	authenticated/unknown			country_yakeen,relatives				no	yes	hr_session.php,config.php,yakeen_v1.class.php,payment_guarantee_arabic_get_yakeen.php	yes	review	outbound-linked	unknown	ajax; print/pdf
payment_guarantee_english_get_patient_onbehaf_yakeen.php	root	payment_guarantee_english_get_patient_onbehaf_yakeen		payment guarantee english get patient onbehaf yakeen	authenticated/unknown			country_yakeen				no	yes	hr_session.php,config.php,yakeen_v1.class.php,umalquraCal.class.php	yes	review	outbound-linked	unknown	ajax; print/pdf
payment_guarantee_english_get_yakeen.php	root	payment_guarantee_english_get_yakeen		payment guarantee english get yakeen	authenticated/unknown			country_yakeen				no	yes	hr_session.php,config.php,yakeen_v1.class.php,umalquraCal.class.php,payment_guarantee_arabic_get_yakeen.php	yes	review	outbound-linked	unknown	ajax; print/pdf
payment_guarantee_english_on_behalf_contractor_yakeen_step2.php	root	payment_guarantee_english_on_behalf_contractor_yakeen_step2		payment guarantee english on behalf contractor yakeen step2	authenticated/unknown			country_yakeen				no	no	hr_session.php,config.php,functions.php,validationForm.php,multiLanguage.php,user.php,paginator.class.php,permissions.link.php,common.php,MyQuery.php,umalquraCal.class.php,payment_guarantee_english_get_contractor_yakeen.php	yes	review	outbound-linked	unknown	ajax
payment_guarantee_english_patient_onbehaf_yakeen_step2.php	root	payment_guarantee_english_patient_onbehaf_yakeen_step2		payment guarantee english patient onbehaf yakeen step2	authenticated/unknown			countries,country_yakeen				no	no	hr_session.php,config.php,functions.php,validationForm.php,multiLanguage.php,user.php,paginator.class.php,permissions.link.php,common.php,MyQuery.php,umalquraCal.class.php,payment_guarantee_english_get_patient_onbehaf_yakeen.php	yes	review	outbound-linked	unknown	ajax
payment_guarantee_english_yakeen.php	root	payment_guarantee_english_yakeen		payment guarantee english yakeen	authenticated/unknown			rep1_payment_due_action,rep1_payment_due_reason,rep1_payment_type		approve		no	no	hr_session.php,config.php,functions.php,validationForm.php,multiLanguage.php,user.php,paginator.class.php,permissions.link.php,common.php,MyQuery.php,payment_guarantee_english_yakeen.php,payment_guarantee_english_yakeen_step2.php,payment_guarantee_english_patient_onbehaf_yakeen_step2.php,payment_guarantee_english_on_behalf_contractor_yakeen_step2.php	yes	review	outbound-linked	unknown	ajax
payment_guarantee_english_yakeen_step2.php	root	payment_guarantee_english_yakeen_step2		payment guarantee english yakeen step2	authenticated/unknown			country_yakeen				no	no	hr_session.php,config.php,functions.php,validationForm.php,multiLanguage.php,user.php,paginator.class.php,permissions.link.php,common.php,MyQuery.php,umalquraCal.class.php,payment_guarantee_english_get_yakeen.php	yes	review	outbound-linked	unknown	ajax
payment_guarantee_gregorian.php	root	payment_guarantee_gregorian		payment guarantee gregorian	authenticated/unknown							no	no		no	review	unresolved	unknown	
payment_guarantee_gregorian_english_yakeen.php	root	payment_guarantee_gregorian_english_yakeen		payment guarantee gregorian english yakeen	authenticated/unknown							no	no	payment_guarantee_english_get_yakeen.php,payment_guarantee_arabic_get_yakeen.php	no	review	outbound-linked	unknown	
payment_guarantee_gregorian_yakeen.php	root	payment_guarantee_gregorian_yakeen		payment guarantee gregorian yakeen	authenticated/unknown							no	no	payment_guarantee_arabic_get_yakeen.php	no	review	outbound-linked	unknown	
payment_guarantee_hijri.php	root	payment_guarantee_hijri		payment guarantee hijri	authenticated/unknown							no	no	umalquraCal.class.php	no	review	outbound-linked	unknown	
payment_guarantee_hijri_english_yakeen.php	root	payment_guarantee_hijri_english_yakeen		payment guarantee hijri english yakeen	authenticated/unknown							no	no	umalquraCal.class.php,payment_guarantee_english_get_yakeen.php	no	review	outbound-linked	unknown	
payment_guarantee_hijri_yakeen.php	root	payment_guarantee_hijri_yakeen		payment guarantee hijri yakeen	authenticated/unknown							no	no	umalquraCal.class.php,payment_guarantee_arabic_get_yakeen.php	no	review	outbound-linked	unknown	
payment_guarantee_pdf.php	root	payment_guarantee_pdf		payment guarantee pdf	authenticated/unknown		company,branch	alhammadi,any,bottom,branches,companies_groups,data,html,payment_guarantee,presenting,ra_users,relative_relation,signatuers,this		update,approve,reply		yes	yes	hr_session.php,config.php,functions.php,multiLanguage.php,common.php,MyQuery.php,login.php,logout.php,index.php,complaints_pdf.php,tcpdf_include.php,tcpdf_config_alt.php,tcpdf.php,paymentGuarantee.php	yes	no	outbound-linked	unknown	session/header guard; ajax; print/pdf; file handling/ref
permission_pdf.php	root	permission_pdf		permission pdf	authenticated/unknown		branch	bottom,branches,holydays_type,html,permission_request,ra_users		update,reply		yes	yes	hr_session.php,config.php,functions.php,multiLanguage.php,common.php,MyQuery.php,login.php,logout.php,index.php,complaints_pdf.php,tcpdf_include.php,tcpdf_config_alt.php,tcpdf.php	yes	no	outbound-linked	unknown	session/header guard; ajax; print/pdf; file handling/ref
permission_request.php	root	permission_request		permission request	authenticated/unknown		branch	city,functin,if,permission_request	<?php echo $pagename; ?>,<?php echo $pagename; ?>?id=<?php echo (int)$exists->id; ?>&do=delete	create,update,delete,approve,send,reply	4,2	no	yes	header.inc.php,permission_request.php,sendsoundajax.php,permission_pdf.php,footer.inc.php	yes	no	outbound-linked	unknown	session/header guard; form; ajax; print/pdf
psychiatrist_need.php	root	psychiatrist_need		psychiatrist need	authenticated/unknown							no	no		no	review	unresolved	unknown	
psychosocial_assessment.php	root	psychosocial_assessment		psychosocial assessment	authenticated/unknown		branch	psychosocial_assessment,room_type	psychosocial_assessment.php	create,approve,send	4	no	no	header.inc.php,psychosocial_assessment.php,psychosocial_assessment_all.php,psychiatrist_need.php,empty.php,sendsoundajax.php,footer.inc.php	yes	no	outbound-linked	unknown	session/header guard; form; ajax
psychosocial_assessment_all.php	root	psychosocial_assessment_all	Psychosocial Assessment	psychosocial assessment all	authenticated/unknown		branch	emp_vacations,functin,if,room_type	psychosocial_assessment_all.php,<?php echo $pagename; ?>?id=<?php echo (int)$exists->id; ?>&do=delete	create,update,delete,send,reply	4	no	yes	header.inc.php,psychosocial_assessment_all.php,sendsoundajax.php,psychosocial_assessment.php,psychosocial_assessment_pdf.php,footer.inc.php	yes	no	outbound-linked	unknown	session/header guard; form; ajax; print/pdf
psychosocial_assessment_pdf.php	root	psychosocial_assessment_pdf		psychosocial assessment pdf	authenticated/unknown		company,branch	bottom,branches,companies_groups,html,psychosocial_assessment,ra_users,room_type		update,approve,reply		yes	yes	hr_session.php,config.php,functions.php,multiLanguage.php,common.php,MyQuery.php,login.php,logout.php,psychosocial_assessment_all.php,complaints_pdf.php,psychosocial_pdf.php,tcpdf_include.php,tcpdf_config_alt.php,tcpdf.php	yes	review	outbound-linked	unknown	ajax; print/pdf; file handling/ref
psychosocial_pdf.php	root	psychosocial_pdf		psychosocial pdf	authenticated/unknown		company,branch	bottom,branches,companies_groups,html,psychosocial_assessment,ra_users,room_type		update,approve,reply		yes	yes	hr_session.php,config.php,functions.php,multiLanguage.php,common.php,MyQuery.php,complaints_pdf.php,psychosocial_pdf.php,tcpdf_include.php,tcpdf_config_alt.php,tcpdf.php	yes	review	outbound-linked	unknown	ajax; print/pdf; file handling/ref
r_pdf.php	root	r_pdf		r pdf	authenticated/unknown		company,branch	companies_groups,html,ra_users,report,report_types,report_typess,type_report				no	yes	autoload.php,hr_session.php,config.php,functions.php,multiLanguage.php,common.php,MyQuery.php,index.php,r_pdf.php,financial_claim_notice_pdf.php	yes	no	outbound-linked	unknown	session/header guard; ajax; print/pdf
rbirthchild_form_reporting_person.php	root	rbirthchild_form_reporting_person		rbirthchild form reporting person	authenticated/unknown			relative_relation,rep2_amont_due_reasons				no	no	hr_session.php,config.php,functions.php,validationForm.php,multiLanguage.php,user.php,paginator.class.php,permissions.link.php,common.php,MyQuery.php	yes	review	outbound-linked	unknown	ajax
receive_unidentified_case_pdf.php	root	receive_unidentified_case_pdf		receive unidentified case pdf	authenticated/unknown		company,branch	booking_period,branches,companies_groups,death_reason,emergency_unidentified_case_side,forms_contacts,gender,html,ra_users,receipt_case_via,receive_unidentified_case,room_type		reply		yes	yes	autoload.php,hr_session.php,config.php,functions.php,multiLanguage.php,common.php,MyQuery.php,complaints_pdf.php,receive_unidentified_case_pdf.php,barcode.php	yes	no	outbound-linked	unknown	session/header guard; ajax; print/pdf; file handling/ref
receive_unidentified_case_tcpdf.php	root	receive_unidentified_case_tcpdf		receive unidentified case tcpdf	authenticated/unknown		company,branch	booking_period,bottom,branches,companies_groups,data,death_reason,emergency_unidentified_case_side,forms_contacts,gender,html,ra_users,receipt_case_via,receive_unidentified_case,room_type		update,reply		yes	yes	hr_session.php,config.php,functions.php,multiLanguage.php,common.php,MyQuery.php,complaints_pdf.php,receive_unidentified_case_pdf.php,tcpdf_include.php,tcpdf_config_alt.php,tcpdf.php	yes	no	outbound-linked	unknown	session/header guard; ajax; print/pdf; file handling/ref
receivingTheCorpse.php	root	receivingTheCorpse	ALHAMMADI	receivingTheCorpse	authenticated/unknown		company,branch	branches,companies_groups,countries,death_reason,nationality,output,ra_users,receiving_the_corpse,relatives,sms_archive	receivingTheCorpse.php?t=<?php echo hh_html($request_token);?>	create,update,approve,send,reply	1	yes	yes	hr_session.php,config.php,functions.php,validationForm.php,multiLanguage.php,user.php,paginator.class.php,permissions.link.php,common.php,MyQuery.php,clientContract.php,clientVacations.php,sms_class.php,utility.php,utility_receiving_the_corpse_en.php,utility_receiving_the_corpse.php,receiving_the_corpsePrint.php,receivingTheCorpse.php,umalquraCal.class.php,guaranteeAgreement_result.php	yes	no	outbound-linked	unknown	session/header guard; form; ajax; print/pdf; file handling/ref
receiving_the_corpsePrint.php	root	receiving_the_corpsePrint		receiving the corpsePrint	authenticated/unknown			payment_guarantee,receiving_the_corpse				yes	yes	hr_session.php,config.php,index.php	yes	review	outbound-linked	unknown	ajax; print/pdf; file handling/ref
reconciliation_pdf.php	root	reconciliation_pdf		reconciliation pdf	authenticated/unknown		branch	companies_groups,country_yakeen,html,lawsuit,lawsuit_admission_location,lawsuit_payment_type,lawsuit_rejected_reason,lawsuit_request_status,ra_users		reject,reply		yes	yes	autoload.php,hr_session.php,config.php,functions.php,multiLanguage.php,common.php,MyQuery.php,index.php,medicalReport_pdf.php	yes	review	outbound-linked	unknown	ajax; print/pdf; file handling/ref
red_crescent_pdf.php	root	red_crescent_pdf		red crescent pdf	authenticated/unknown		company,branch	booking_period,companies_groups,ehala_case_apology_type,forms_contacts,html,ra_users,red_crescent,room_type		reply		no	yes	autoload.php,hr_session.php,config.php,functions.php,multiLanguage.php,common.php,MyQuery.php,index.php,complaints_pdf.php,red_crescent_pdf.php,barcode.php	yes	no	outbound-linked	unknown	session/header guard; ajax; print/pdf
red_crescent_tcpdf.php	root	red_crescent_tcpdf		red crescent tcpdf	authenticated/unknown		company,branch	booking_period,bottom,companies_groups,data,ehala_case_apology_type,forms_contacts,html,ra_users,red_crescent,room_type		update,reply		yes	yes	hr_session.php,config.php,functions.php,multiLanguage.php,common.php,MyQuery.php,index.php,complaints_pdf.php,red_crescent_pdf.php,tcpdf_include.php,tcpdf_config_alt.php,tcpdf.php	yes	no	outbound-linked	unknown	session/header guard; ajax; print/pdf; file handling/ref
rep10_maintenance_type_grap.php	root	rep10_maintenance_type_grap		rep10 maintenance type grap	authenticated/unknown			rep10_maintenance_type				no	no	hr_session.php,config.php,functions.php,validationForm.php,multiLanguage.php,user.php,paginator.class.php,permissions.link.php,common.php,MyQuery.php	yes	review	outbound-linked	unknown	ajax
rep10_support_service.php	root	rep10_support_service		rep10 support service	authenticated/unknown			helper,maintenance_request_type,rep10_maintenance_departments		delete		no	no	hr_session.php,config.php,functions.php,validationForm.php,multiLanguage.php,user.php,paginator.class.php,permissions.link.php,common.php,MyQuery.php,maintenance_type_grap.php	yes	review	outbound-linked	unknown	ajax
rep12_employees_grap.php	root	rep12_employees_grap		rep12 employees grap	authenticated/unknown			comlaints_employees_emails,rep12_subsection				no	no	hr_session.php,config.php,multiLanguage.php,common.php	yes	no	outbound-linked	unknown	session/header guard; ajax
rep12_main_note_grap.php	root	rep12_main_note_grap		rep12 main note grap	authenticated/unknown			notess				no	no	hr_session.php,config.php,multiLanguage.php,common.php	yes	no	outbound-linked	unknown	session/header guard; ajax
rep12_main_section_grap.php	root	rep12_main_section_grap		rep12 main section grap	authenticated/unknown			rep12_main_section				no	no	hr_session.php,config.php,functions.php,validationForm.php,multiLanguage.php,user.php,common.php	yes	no	outbound-linked	unknown	session/header guard; ajax
rep12_sub_section_client_grap.php	root	rep12_sub_section_client_grap		rep12 sub section client grap	authenticated/unknown			rep12_subsection				no	no	hr_session.php,config.php,multiLanguage.php,common.php	yes	no	outbound-linked	unknown	session/header guard; ajax
rep12_sub_section_employee_grap.php	root	rep12_sub_section_employee_grap		rep12 sub section employee grap	authenticated/unknown		branch	comlaints_employees_emails,rep12_subsection				no	no	hr_session.php,config.php,common.php	yes	no	outbound-linked	unknown	session/header guard; ajax
rep12_sub_section_grap.php	root	rep12_sub_section_grap		rep12 sub section grap	authenticated/unknown			rep12_subsection				no	no	hr_session.php,config.php	yes	no	outbound-linked	unknown	session/header guard; ajax
rep12_subsection_grap.php	root	rep12_subsection_grap		rep12 subsection grap	authenticated/unknown			database,rep12_subsection				no	no	hr_session.php,config.php,functions.php,multiLanguage.php,common.php,MyQuery.php	yes	review	outbound-linked	unknown	ajax
rep15_elevator.php	root	rep15_elevator		rep15 elevator	authenticated/unknown					delete		no	no		no	review	unresolved	unknown	
rep15_maintenance_departments_sections_grap.php	root	rep15_maintenance_departments_sections_grap		rep15 maintenance departments sections grap	authenticated/unknown			rep15_maintenance_departments_sections				no	no	hr_session.php,config.php,functions.php,validationForm.php,multiLanguage.php,user.php,paginator.class.php,permissions.link.php,common.php,MyQuery.php	yes	review	outbound-linked	unknown	ajax
rep1_support_service.php	root	rep1_support_service		rep1 support service	authenticated/unknown			helper,maintenance_departments,maintenance_request_type		delete		no	no	hr_session.php,config.php,functions.php,validationForm.php,multiLanguage.php,user.php,paginator.class.php,permissions.link.php,common.php,MyQuery.php,maintenance_type_grap.php	yes	review	outbound-linked	unknown	ajax
rep2_amounts_due.php	root	rep2_amounts_due		rep2 amounts due	authenticated/unknown			rep2_amont_due_reasons,rep2_amount_due_action		delete		no	no	hr_session.php,config.php,functions.php,validationForm.php,multiLanguage.php,user.php,paginator.class.php,permissions.link.php,common.php,MyQuery.php	yes	review	outbound-linked	unknown	ajax
rep2_no_pledge_to_pay.php	root	rep2_no_pledge_to_pay		rep2 no pledge to pay	authenticated/unknown		branch	branches,rep2_not_signing_pledge_to_pay_reasons		delete		no	yes	hr_session.php,config.php,functions.php,validationForm.php,multiLanguage.php,user.php,paginator.class.php,permissions.link.php,common.php,MyQuery.php	yes	review	outbound-linked	unknown	ajax; print/pdf
rep2_patient_have_signed_order_bond.php	root	rep2_patient_have_signed_order_bond		rep2 patient have signed order bond	authenticated/unknown		branch	branches		delete		no	no	hr_session.php,config.php,functions.php,validationForm.php,multiLanguage.php,user.php,paginator.class.php,permissions.link.php,common.php,MyQuery.php	yes	review	outbound-linked	unknown	ajax
rep2_previous_financial_claims_ paid.php	root	rep2_previous_financial_claims_ paid		rep2 previous financial claims  paid	authenticated/unknown		branch	branches		delete		no	no	hr_session.php,config.php,functions.php,validationForm.php,multiLanguage.php,user.php,paginator.class.php,permissions.link.php,common.php,MyQuery.php	yes	review	outbound-linked	unknown	ajax
rep3_cases_filed_general_court.php	root	rep3_cases_filed_general_court		rep3 cases filed general court	authenticated/unknown		branch	companies_groups,rep3_payer_name_type,rep3_request_type		delete		no	no	hr_session.php,config.php,functions.php,validationForm.php,multiLanguage.php,user.php,paginator.class.php,permissions.link.php,common.php,MyQuery.php	yes	review	outbound-linked	unknown	ajax
rep3_objection_court_direction.php	root	rep3_objection_court_direction		rep3 objection court direction	authenticated/unknown			rep3_objection_court_direction,rep3_orders_type		delete		yes	no	hr_session.php,config.php,functions.php,validationForm.php,multiLanguage.php,user.php,paginator.class.php,permissions.link.php,common.php,MyQuery.php	yes	review	menu	unknown	ajax; file handling/ref
rep5_maintenance_type_grap.php	root	rep5_maintenance_type_grap		rep5 maintenance type grap	authenticated/unknown			database,rep5_maintenance_type				no	no	hr_session.php,config.php,functions.php,validationForm.php,multiLanguage.php,user.php,paginator.class.php,permissions.link.php,common.php,MyQuery.php	yes	review	outbound-linked	unknown	ajax
rep5_support_service.php	root	rep5_support_service		rep5 support service	authenticated/unknown			maintenance_request_type,rep5_maintenance_departments		delete		no	no	hr_session.php,config.php,functions.php,validationForm.php,multiLanguage.php,user.php,paginator.class.php,permissions.link.php,common.php,MyQuery.php	yes	review	outbound-linked	unknown	ajax
rep7_maintenance_type_grap.php	root	rep7_maintenance_type_grap		rep7 maintenance type grap	authenticated/unknown			database,rep7_maintenance_type				no	no	hr_session.php,config.php,functions.php,validationForm.php,multiLanguage.php,user.php,paginator.class.php,permissions.link.php,common.php,MyQuery.php	yes	review	outbound-linked	unknown	ajax
rep7_support_service.php	root	rep7_support_service		rep7 support service	authenticated/unknown			maintenance_request_type,rep7_maintenance_departments		delete		no	no	hr_session.php,config.php,functions.php,validationForm.php,multiLanguage.php,user.php,paginator.class.php,permissions.link.php,common.php,MyQuery.php	yes	review	outbound-linked	unknown	ajax
rep8_operation_cancel.php	root	rep8_operation_cancel		rep8 operation cancel	authenticated/unknown			rep1_payment_type,rep8_came_from,rep8_operation_cancel_reason,specialization		delete,approve		no	no	hr_session.php,config.php,functions.php,validationForm.php,multiLanguage.php,user.php,paginator.class.php,permissions.link.php,common.php,MyQuery.php	yes	review	outbound-linked	unknown	ajax
rep8_send_sms.php	root	rep8_send_sms		rep8 send sms	authenticated/unknown			rep1_payment_type,rep8_came_from,rep8_not_conact_reasons,specialization		delete,approve		no	no	hr_session.php,config.php,functions.php,validationForm.php,multiLanguage.php,user.php,paginator.class.php,permissions.link.php,common.php,MyQuery.php	yes	review	outbound-linked	unknown	ajax
rep9_action_grap.php	root	rep9_action_grap		rep9 action grap	authenticated/unknown			database,rep9_actions				no	no	hr_session.php,config.php,functions.php,validationForm.php,multiLanguage.php,user.php,paginator.class.php,permissions.link.php,common.php,MyQuery.php	yes	review	outbound-linked	unknown	ajax
rep9_notice_grap.php	root	rep9_notice_grap		rep9 notice grap	authenticated/unknown			database,rep9_notice				no	no	hr_session.php,config.php,functions.php,validationForm.php,multiLanguage.php,user.php,paginator.class.php,permissions.link.php,common.php,MyQuery.php	yes	review	outbound-linked	unknown	ajax
rep_10.php	root	rep_10		rep 10	authenticated/unknown		branch	ac_constraints,branches,branches_area,branches_service_type,companies_groups,duty_period,employees_attendance,maintenance_request_type,notice_type,pending_orders,ra_users,rep10_maintenance_departments,rep10_maintenance_type,rep10_suspension_actions,rep1_suspension_reasons,report_1,report_10_patient,report_10_support_services	<?php echo $sectionPage;?>	approve	1,2	yes	yes	header.inc.php,rep_10.php,index.php,journal_entries.php,header_print.php,footer.inc.php	yes	no	menu	unknown	session/header guard; form; ajax; print/pdf; file handling/ref
rep_12.php	root	rep_12		rep 12	authenticated/unknown		branch	ac_constraints,branches,companies_groups,duty_period,ra_users,rep_12_complainant_action,rep_12_complainant_classification,rep_12_complainant_reason,rep_12_complainant_side,rep_12_complainant_sms_status,report_12,report_12_complainant,report_12_complainant_sms,report_12_complainant_suspended	<?php echo $sectionPage;?>	reply		no	yes	header.inc.php,rep_12.php,index.php,journal_entries.php,header_print.php,footer.inc.php	yes	no	menu	unknown	session/header guard; form; ajax; print/pdf
rep_12_complainant_sms.php	root	rep_12_complainant_sms		rep 12 complainant sms	authenticated/unknown			rep_12_complainant_sms_reason,rep_12_complainant_sms_status		delete	1	no	no	hr_session.php,config.php,functions.php,validationForm.php,multiLanguage.php,user.php,paginator.class.php,permissions.link.php,common.php,MyQuery.php	yes	review	outbound-linked	unknown	ajax
rep_15.php	root	rep_15		rep 15	authenticated/unknown		branch	ac_constraints,branches,branches_area,companies_groups,duty_period,ra_users,rep15_maintenance_departments,rep15_maintenance_departments_sections,report_1,report_15_elevator,report_15_support_services	<?php echo $sectionPage;?>	approve		yes	yes	header.inc.php,rep_15.php,index.php,journal_entries.php,header_print.php,footer.inc.php	yes	no	outbound-linked	unknown	session/header guard; form; ajax; print/pdf; file handling/ref
rep_3.php	root	rep_3		rep 3	authenticated/unknown		branch	ac_constraints,branches,companies_groups,duty_period,employees_attendance,ra_users,rep3_objection_court_direction,rep3_orders_type,rep3_payer_name_type,rep3_request_type,report_1,report_2_patients_bond_signed,report_2_previous_paid,report_3_case_filed_government,report_3_pending_claims_report,report_3_report_cases_filed_general_court	<?php echo $sectionPage;?>			yes	yes	header.inc.php,rep_3.php,index.php,journal_entries.php,header_print.php,footer.inc.php	yes	no	menu	unknown	session/header guard; form; ajax; print/pdf; file handling/ref
rep_7.php	root	rep_7	- فرع	rep 7	authenticated/unknown		branch	ac_constraints,branches,branches_area,companies_groups,duty_period,employees_attendance,maintenance_request_type,ra_users,rep7_maintenance_departments,rep7_maintenance_type,report_1,report_7_patient,report_7_reasons,report_7_support_services,report_7_type,suspending_medical_reports	<?php echo $sectionPage;?>			yes	yes	header.inc.php,rep_7.php,index.php,journal_entries.php,header_print.php,footer.inc.php	yes	no	menu	unknown	session/header guard; form; ajax; print/pdf; file handling/ref
rep_8.php	root	rep_8		rep 8	authenticated/unknown		branch	ac_constraints,branches,companies_groups,duty_period,ra_users,rep1_payment_type,rep8_came_from,rep8_not_conact_reasons,rep8_not_contact,rep8_operation_cancel,rep8_operation_cancel_reason,report_6,specialization	<?php echo $sectionPage;?>	approve	1,2	no	yes	header.inc.php,rep_8.php,index.php,journal_entries.php,header_print.php,footer.inc.php	yes	no	menu	unknown	session/header guard; form; ajax; print/pdf
rep_answer.php	root	rep_answer	HH-GovernmentـreportsAnswer	rep answer	authenticated/unknown			arch_fi,g_view,lawsuit_payment_type,rep_s,rep_ss,rep_st	/rep_answer.php?id=	create,update	2	yes	no	hr_session.php,config.php,functions.php,validationForm.php,multiLanguage.php,user.php,paginator.class.php,permissions.link.php,common.php,MyQuery.php,clientContract.php,clientVacations.php,sms_class.php,Shortener.class.php,OpensslEncryptDecrypt.php,PHPMailer.php,SMTP.php,Exception.php,archives_answer.php,Government_mas.php,rep_answer.php	yes	no	outbound-linked	unknown	session/header guard; form; ajax; file handling/ref
rep_becuse.php	root	rep_becuse	الختم الرسمي	rep becuse	authenticated/unknown		branch	archives_view,companies_groups,countries,g_data,g_view,html,lawsuit_payment_type,ra_users,rep_s,rep_ss		create,update	2	yes	yes	autoload.php,hr_session.php,config.php,functions.php,multiLanguage.php,common.php,MyQuery.php,Government_reportss_pdf.php	yes	no	outbound-linked	unknown	session/header guard; ajax; print/pdf; file handling/ref
rep_emp_10.php	root	rep_emp_10		rep emp 10	authenticated/unknown		branch	ac_constraints,branches,companies_groups,duty_period,employees_attendance,maintenance_request_type,notice_type,pending_emp_10_orders,ra_users,rep10_maintenance_departments,rep10_maintenance_type,rep10_suspension_actions,rep1_suspension_reasons,report_1,report_emp_10_patient,report_emp_10_support_services	<?php echo $sectionPage;?>	approve	1,2	yes	yes	header.inc.php,rep_emp_10.php,index.php,journal_entries.php,header_print.php,footer.inc.php	yes	no	outbound-linked	unknown	session/header guard; form; ajax; print/pdf; file handling/ref
rep_emp_5.php	root	rep_emp_5		rep emp 5	authenticated/unknown		branch	ac_constraints,branches,branches_area,companies_groups,duty_period,employees_attendance,maintenance_request_type,notice_type,ra_users,rep10_maintenance_departments,rep10_maintenance_type,rep5_canceling_transferring_reasons,report_5,report_emp_5_canceling_transferring_reasons,report_emp_5_support_services,revenue_deficit_emp_5,specialization	<?php echo $sectionPage;?>	approve		yes	yes	header.inc.php,rep_emp_5.php,index.php,journal_entries.php,header_print.php,footer.inc.php	yes	no	outbound-linked	unknown	session/header guard; form; ajax; print/pdf; file handling/ref
rep_emp_5Bk.php	root	rep_emp_5Bk		rep emp 5Bk	authenticated/unknown		branch	ac_constraints,branches,companies_groups,duty_period,employees_attendance,notice_type,ra_users,report_5,report_emp_5_patient,revenue_deficit_emp_5	<?php echo $sectionPage;?>	approve		no	yes	header.inc.php,rep_emp_5.php,index.php,journal_entries.php,header_print.php,footer.inc.php	yes	no	outbound-linked	unknown	session/header guard; form; ajax; print/pdf
rep_emp_6.php	root	rep_emp_6		rep emp 6	authenticated/unknown		branch	ac_constraints,branches,companies_groups,duty_period,maintenance_request_type,ra_users,report_6,report_emp_support_services,support_services,support_services_departments	<?php echo $sectionPage;?>	approve		yes	yes	header.inc.php,rep_emp_6.php,index.php,journal_entries.php,header_print.php,footer.inc.php	yes	no	outbound-linked	unknown	session/header guard; form; ajax; print/pdf; file handling/ref
rep_emp_7.php	root	rep_emp_7	- فرع	rep emp 7	authenticated/unknown		branch	ac_constraints,branches,branches_area,companies_groups,duty_period,employees_attendance,ra_users,report_1,report_7_patient,report_7_reasons,report_7_type,suspending_medical_reports	<?php echo $sectionPage;?>			no	yes	header.inc.php,rep_emp_7.php,index.php,journal_entries.php,header_print.php,footer.inc.php	yes	no	outbound-linked	unknown	session/header guard; form; ajax; print/pdf
rep_emp_9.php	root	rep_emp_9		rep emp 9	authenticated/unknown		branch	ac_constraints,branches,branches_area,branches_departments,companies_groups,duty_period,employees_attendance,maintenance_request_type,ra_users,rep9_actions,rep9_notice,rep9_section,report_1,report_emp_9_report,report_emp_9_support_services,support_services,support_services_departments	<?php echo $sectionPage;?>	approve		yes	yes	header.inc.php,rep_emp_9.php,index.php,journal_entries.php,header_print.php,footer.inc.php	yes	no	outbound-linked	unknown	session/header guard; form; ajax; print/pdf; file handling/ref
rep_m.php	root	rep_m		rep m	authenticated/unknown							no	no		no	review	unresolved	unknown	
rep_reply.php	root	rep_reply	الختم الرسمي	rep reply	authenticated/unknown		branch	archives_view,companies_groups,countries,g_data,g_view,html,lawsuit_payment_type,ra_users,rep_s,rep_ss		create,update,reply	2	yes	yes	autoload.php,hr_session.php,config.php,functions.php,multiLanguage.php,common.php,MyQuery.php,Government_reportss_pdf.php	yes	no	outbound-linked	unknown	session/header guard; ajax; print/pdf; file handling/ref
rep_s.php	root	rep_s		rep s	authenticated/unknown		branch	rep_s	/archives_sit.php,rep_s.php?id=<?php echo (int)$id; ?>_0,rep_s.php?id=<?php echo (int)$id; ?>_1,/rep_s.php	create,update		no	no	header.inc.php,Governmentـreportss.php,sms_class.php,OpensslEncryptDecrypt.php,PHPMailer.php,SMTP.php,Exception.php,rep_s.php,archives_sit.php,footer.inc.php	yes	no	outbound-linked	unknown	session/header guard; form; ajax
rep_ss.php	root	rep_ss	Al Hammadi Hospitals Group	rep ss	authenticated/unknown		branch	archives_sit,archives_view,branches_departments,companies_groups,countries,department_sender_email,g_data,lawsuit_payment_type,rep_s,rep_sfi,rep_ss,rep_st,sits_rep	/rep_ss.php,<?php echo $pagename; ?>	create,update,delete,send,reply	1,2,3,4	yes	yes	header.inc.php,autoload.php,sms_class.php,Shortener.class.php,yakeen_v1.class.php,OpensslEncryptDecrypt.php,PHPMailer.php,SMTP.php,Exception.php,rep_ss.php,rep_becuse.php,rep_s.php,rep_sss.php,rep_sts.php,rep_reply.php,G_retrun.php,rep_stspdf.php,fliter_reportss.php,sendsoundajax.php,footer.inc.php	yes	no	outbound-linked	unknown	session/header guard; form; ajax; print/pdf; file handling/ref
rep_sss.php	root	rep_sss		rep sss	authenticated/unknown			lawsuit_payment_type,ra_users,rep_s,rep_ss,rep_st			3,2,1,4	no	no	header.inc.php,footer.inc.php	yes	no	outbound-linked	unknown	session/header guard; ajax
rep_sts.php	root	rep_sts	الختم الرسمي	rep sts	authenticated/unknown		branch	archives_view,companies_groups,countries,g_data,g_view,html,lawsuit_payment_type,ra_users,rep_s,rep_ss		create,update,reply	2	yes	yes	autoload.php,hr_session.php,config.php,functions.php,multiLanguage.php,common.php,MyQuery.php,Government_reportss_pdf.php	yes	no	outbound-linked	unknown	session/header guard; ajax; print/pdf; file handling/ref
rep_stspdf.php	root	rep_stspdf	الختم الرسمي	rep stspdf	authenticated/unknown			archives_view,companies_groups,countries,g_data,g_view,html,lawsuit_payment_type,ra_users,rep_s,rep_ss		create,update,reply	2	yes	yes	autoload.php,hr_session.php,config.php,functions.php,multiLanguage.php,common.php,MyQuery.php,Government_reportss_pdf.php,rep_answer.php	yes	no	outbound-linked	unknown	session/header guard; ajax; print/pdf; file handling/ref
report_10.php	root	report_10		report 10	authenticated/unknown		branch	branches_area,branches_service_type,duty_period,employees_attendance,helper,maintenance_request_type,notice_type,pending_orders,rep10_maintenance_departments,rep10_suspension_actions,rep10_suspension_reasons,report_10,report_10_patient,report_10_support_services,report_1_patient	report_10.php	create,update,delete,approve,send	4	yes	yes	header.inc.php,report_10.php,rep10_support_service.php,empty.php,sendsoundajax.php,rep10_maintenance_type_grap.php	yes	no	outbound-linked	unknown	session/header guard; form; ajax; print/pdf; file handling/ref
report_12.php	root	report_12		report 12	authenticated/unknown		branch	branches_area,helper,maintenance_request_type,notice_type,ra_users,report_12,report_12_patient,support_services_all,support_services_departments	<?php echo $pagename; ?>	create,update,delete,send	4	yes	yes	header.inc.php,report_12.php,support_service_item.php,empty.php,sendsoundajax.php,footer.inc.php,maintenance_type_grap.php	yes	no	outbound-linked	unknown	session/header guard; form; ajax; print/pdf; file handling/ref
report_15.php	root	report_15		report 15	authenticated/unknown		branch	branches_area,centeral_sections,duty_period,emergency_calls_codes,employees_attendance,helper,maintenance_request_type,rep15_maintenance_departments,report_15,report_15_elevator,report_15_support_services	report_15.php	create,update,delete,send	4	yes	yes	header.inc.php,report_15.php,rep15_elevator.php,empty.php,sendsoundajax.php,rep10_support_service.php,rep15_maintenance_departments_sections_grap.php,emergency_calls_codes_reasons_grap.php,emergency_calls_codes_responsibles_grap.php,footer.inc.php	yes	no	outbound-linked	unknown	session/header guard; form; ajax; print/pdf; file handling/ref
report_2.php	root	report_2		report 2	authenticated/unknown		branch	action_taken,approving_bodies,branches,branches_departments,duty_period,notice_type,ra_users,rep1_ehala_non_approval_reason,rep1_keeping_body_in_mortuary,rep1_more_than_two_hours_reasons,rep1_suspension_reasons,rep2_amont_due_reasons,rep2_amount_due_action,rep2_not_signing_pledge_to_pay_reasons,report_2_no_pledge_pay,report_2_owed_amount,report_2_patients_bond_signed,report_2_previous_paid,report_2_revenue_deficit	<?php echo $pagename;?>	create,delete,approve,send	4	yes	yes	header.inc.php,report_2.php,rep2_amounts_due.php,empty.php,sendsoundajax.php,rep2_no_pledge_to_pay.php,rep2_patient_have_signed_order_bond.php,footer.inc.php	yes	no	outbound-linked	unknown	session/header guard; form; ajax; print/pdf; file handling/ref
report_3.php	root	report_3		report 3	authenticated/unknown		branch	action_taken,approving_bodies,branches,branches_departments,companies_groups,duty_period,notice_type,ra_users,rep1_ehala_non_approval_reason,rep1_keeping_body_in_mortuary,rep1_more_than_two_hours_reasons,rep1_suspension_reasons,rep2_amont_due_reasons,rep2_amount_due_action,rep2_not_signing_pledge_to_pay_reasons,rep3_objection_court_direction,rep3_orders_type,rep3_payer_name_type,rep3_request_type,report_3_case_filed_government,report_3_pending_claims_report,report_3_report_cases_filed_general_court,report_3_revenue_deficit	<?php echo $pagename;?>	create,delete,approve,send	4	yes	yes	header.inc.php,report_3.php,footer.inc.php,rep3_objection_court_direction.php,empty.php,sendsoundajax.php	yes	no	outbound-linked	unknown	session/header guard; form; ajax; print/pdf; file handling/ref
report_4.php	root	report_4		report 4	authenticated/unknown		branch	branches_departments,notice_type,report_1_patient,report_4	report_4.php	create,update,delete		no	yes	header.inc.php,report_4.php,footer.inc.php	yes	no	outbound-linked	unknown	session/header guard; form; ajax; print/pdf
report_7.php	root	report_7		report 7	authenticated/unknown		branch	branches_area,duty_period,employees_attendance,helper,maintenance_request_type,rep7_maintenance_departments,report_7_errors_describe,report_7_patient,report_7_reasons,report_7_support_services,report_7_type,suspending_medical_reports	<?php echo $pagename; ?>	create,update,delete,send	4	yes	yes	header.inc.php,report_7.php,rep7_support_service.php,empty.php,sendsoundajax.php,rep7_maintenance_type_grap.php	yes	no	outbound-linked	unknown	session/header guard; form; ajax; print/pdf; file handling/ref
report_8.php	root	report_8		report 8	authenticated/unknown		branch	branches_area,branches_service_type,duty_period,maintenance_request_type,notice_type,rep10_maintenance_departments,rep10_suspension_actions,rep10_suspension_reasons,rep1_payment_type,rep8_came_from,rep8_not_conact_reasons,rep8_not_contact,rep8_operation_cancel,rep8_operation_cancel_reason,report_8,specialization	report_8.php	create,delete,approve,send	4	no	yes	header.inc.php,report_8.php,empty.php,rep8_send_sms.php,sendsoundajax.php,rep8_operation_cancel.php,footer.inc.php	yes	no	outbound-linked	unknown	session/header guard; form; ajax; print/pdf
report_emp_10.php	root	report_emp_10		report emp 10	authenticated/unknown		branch	branches_area,branches_service_type,duty_period,helper,maintenance_request_type,notice_type,pending_emp_10_orders,rep10_maintenance_departments,rep10_suspension_actions,rep10_suspension_reasons,report_1_patient,report_emp_10,report_emp_10_patient,report_emp_10_support_services	report_emp_10.php	create,update,delete,approve,send	4	yes	yes	header.inc.php,report_emp_10.php,rep10_support_service.php,empty.php,sendsoundajax.php,rep10_maintenance_type_grap.php	yes	no	outbound-linked	unknown	session/header guard; form; ajax; print/pdf; file handling/ref
report_emp_5.php	root	report_emp_5		report emp 5	authenticated/unknown		branch	branches_area,duty_period,helper,maintenance_request_type,notice_type,ra_users,rep5_canceling_transferring_reasons,rep5_maintenance_departments,report_emp_5_canceling_transferring_reasons,report_emp_5_support_services,revenue_deficit_emp_5,specialization	<?php echo $pagename; ?>	create,update,delete,send	4	yes	yes	header.inc.php,report_emp_5.php,footer.inc.php,rep5_support_service.php,empty.php,sendsoundajax.php,rep5_maintenance_type_grap.php	yes	no	outbound-linked	unknown	session/header guard; form; ajax; print/pdf; file handling/ref
report_emp_6.php	root	report_emp_6		report emp 6	authenticated/unknown		branch	branches_area,duty_period,helper,maintenance_request_type,notice_type,ra_users,rep5_canceling_transferring_reasons,report_emp_6_canceling_transferring_reasons,report_emp_support_services,revenue_deficit_emp_5,support_services_departments	<?php echo $pagename; ?>	create,delete,send	4	yes	yes	header.inc.php,report_emp_6.php,footer.inc.php,support_service_item.php,empty.php,sendsoundajax.php,support_services_grap.php	yes	no	outbound-linked	unknown	session/header guard; form; ajax; print/pdf; file handling/ref
report_emp_9.php	root	report_emp_9		report emp 9	authenticated/unknown		branch	branches_area,branches_service_type,duty_period,employees_attendance,helper,maintenance_request_type,notice_type,rep10_suspension_actions,rep10_suspension_reasons,rep9_section,report_emp_9,report_emp_9_report,report_emp_9_support_services,support_services_departments	report_emp_9.php	create,update,delete,send	4	yes	yes	header.inc.php,report_emp_9.php,rep10_support_service.php,empty.php,sendsoundajax.php,support_services_grap.php,rep9_notice_grap.php,rep9_action_grap.php	yes	no	outbound-linked	unknown	session/header guard; form; ajax; print/pdf; file handling/ref
report_pege.php	root	report_pege	نموذج استلام تقرير طبي	report pege	authenticated/unknown		branch	briefing,briefing_view,department_sender_email,g_data,report,report_types,report_typess,type_report	/report_pege.php	create,update,delete,send	4	yes	yes	header.inc.php,sms_class.php,Shortener.class.php,OpensslEncryptDecrypt.php,PHPMailer.php,SMTP.php,Exception.php,report_pege.php,t_pdf.php,r_pdf.php,G_answerNN.php,reports_input.php,sendsoundajax.php,fliter_reportss.php,footer.inc.php	yes	no	outbound-linked	unknown	session/header guard; form; ajax; print/pdf; file handling/ref
reports_input.php	root	reports_input		reports input	authenticated/unknown							no	no	hr_session.php,config.php,functions.php,validationForm.php,multiLanguage.php,common.php	no	review	outbound-linked	unknown	
resignation_pdf.php	root	resignation_pdf		resignation pdf	authenticated/unknown		branch	bottom,branches,html,personnel_manager,ra_users,resignation_request		update,reply		yes	yes	hr_session.php,config.php,functions.php,multiLanguage.php,common.php,MyQuery.php,login.php,index.php,resignations_pdf.php,tcpdf_include.php,tcpdf_config_alt.php,tcpdf.php	yes	no	outbound-linked	unknown	session/header guard; ajax; print/pdf; file handling/ref
resignation_request.php	root	resignation_request	طلب إستقالة	resignation request	authenticated/unknown		branch	city,functin,if,resignation_request	<?php echo $pagename; ?>,<?php echo $pagename; ?>?id=<?php echo (int)$exists->id; ?>&do=delete	create,update,delete,approve,send,reply	4,2	no	yes	header.inc.php,resignation_request.php,sendsoundajax.php,resignation_pdf.php,footer.inc.php	yes	no	outbound-linked	unknown	session/header guard; form; ajax; print/pdf
revision-notice-pdf.php	root	revision-notice-pdf		revision notice pdf	authenticated/unknown		company,branch	booking_period,bottom,branches,companies_groups,data,html,ra_users,revision_notice,room_type		update,reply		yes	yes	hr_session.php,config.php,functions.php,multiLanguage.php,common.php,MyQuery.php,login.php,index.php,complaints_pdf.php,revision_notice_pdf.php,tcpdf_include.php,tcpdf_config_alt.php,tcpdf.php	yes	no	outbound-linked	unknown	session/header guard; ajax; print/pdf; file handling/ref
revision_notice.php	root	revision_notice	إشعار مراجعه	revision notice	authenticated/unknown		branch	functin,if,ra_users,revision_notice	<?php echo $pagename; ?>,<?php echo $pagename; ?>?id=<?php echo (int)$exists->id; ?>&do=delete	create,update,delete,send,reply	4	no	yes	header.inc.php,revision_notice.php,sendsoundajax.php,revision_notice_pdf.php,footer.inc.php	yes	no	outbound-linked	unknown	session/header guard; form; ajax; print/pdf
revision_notice_pdf.php	root	revision_notice_pdf		revision notice pdf	authenticated/unknown		company,branch	booking_period,bottom,branches,companies_groups,data,html,ra_users,revision_notice,room_type		update,reply		yes	yes	hr_session.php,config.php,functions.php,multiLanguage.php,common.php,MyQuery.php,index.php,complaints_pdf.php,revision_notice_pdf.php,tcpdf_include.php,tcpdf_config_alt.php,tcpdf.php	yes	no	outbound-linked	unknown	session/header guard; ajax; print/pdf; file handling/ref
rr.php	root	rr	HH	rr	authenticated/unknown		branch	g_branch,g_files,g_users,incident_report_form_doctors,report,sms_archive,training	rr.php?id=	create,update,send	2	yes	yes	hr_session.php,config.php,functions.php,validationForm.php,multiLanguage.php,user.php,paginator.class.php,permissions.link.php,common.php,MyQuery.php,clientContract.php,clientVacations.php,sms_class.php,Shortener.class.php,OpensslEncryptDecrypt.php,PHPMailer.php,SMTP.php,Exception.php,GovernmentـreportsAnswer.php,rrr.php,rr.php,training_sn.php,r_pdf.php	yes	no	outbound-linked	unknown	session/header guard; form; ajax; print/pdf; file handling/ref
rrr.php	root	rrr		rrr	authenticated/unknown			doctors_agreement,report		update,approve,send		yes	yes	hr_session.php,config.php,functions.php,validationForm.php,multiLanguage.php,user.php,paginator.class.php,permissions.link.php,common.php,MyQuery.php,clientContract.php,clientVacations.php,sms_class.php,Shortener.class.php,OpensslEncryptDecrypt.php,PHPMailer.php,SMTP.php,Exception.php,Government_mas.php,rrr.php,r_pdf.php,training_pdf.php,DoctorAgreemen2.php	yes	review	outbound-linked	unknown	form; ajax; print/pdf; file handling/ref
sadq/callback.php	sadq	callback		callback	authenticated/unknown			error,medical_services_agreement_sadq_transactions,pdfbase64,promissory_note_transactions		update,reject		yes	no	config.php	no	review	outbound-linked	unknown	file handling/ref
service_coverage_memo.php	root	service_coverage_memo	إشعار حالة الموافقة على تغطية الخدمات الطبية	service coverage memo	authenticated/unknown		branch	certificate_upload,functin,if,memo,memo_attachments,ra_users,service_coverage_memo,service_coverage_memo_send_to,service_coverage_memo_types,sms_archive,sms_sender_name	./complaints.php,<?php echo $pagename; ?>	create,update,delete,send,reply	4	yes	yes	header.inc.php,service_coverage_memo.php,sms_class.php,Shortener.class.php,coverage.php,SL.php,sendsoundajax.php,complaints.php,service_coverage_memo_form.php,service_coverage_memo_reciever.php,service_coverage_memo_pdf.php,footer.inc.php	yes	review	outbound-linked	unknown	session/header guard; form; ajax; print/pdf; file handling/ref
service_coverage_memo_form.php	root	service_coverage_memo_form		service coverage memo form	authenticated/unknown					create		no	no	hr_session.php,config.php	no	review	outbound-linked	unknown	
service_coverage_memo_pdf.php	root	service_coverage_memo_pdf		service coverage memo pdf	authenticated/unknown		branch	branches,companies_groups,html,ra_users,service_coverage_memo,service_coverage_memo_send_to,service_coverage_memo_types		send		yes	yes	hr_session.php,autoload.php,config.php,functions.php,multiLanguage.php,common.php,MyQuery.php,index.php	yes	no	outbound-linked	unknown	session/header guard; ajax; print/pdf; file handling/ref
service_coverage_memo_reciever.php	root	service_coverage_memo_reciever		service coverage memo reciever	authenticated/unknown		branch	companies_groups,service_coverage_memo,service_coverage_memo_send_to		send		no	no	hr_session.php,config.php,functions.php,yakeen_v1.class.php	yes	review	outbound-linked	unknown	ajax
service_details.php	root	service_details		service details	authenticated/unknown			service_packages,service_packages_attachments,services_sections	<?php echo $pagename; ?>?id=<?php echo $id;?>			yes	yes	header.inc.php,service_details.php,footer.inc.php	yes	no	outbound-linked	unknown	session/header guard; form; ajax; print/pdf; file handling/ref
services_locations_details.php	root	services_locations_details		services locations details	authenticated/unknown			insurance_companies,services_locations,services_locations_packages				no	yes	header.inc.php,footer.inc.php	yes	no	outbound-linked	unknown	session/header guard; ajax; print/pdf
settings.php	root	settings		settings	authenticated/unknown		branch			send		no	no	header.inc.php,comlaints_subsctions.php,comlaints_subsctions_emails.php,comlaints_employees_emails.php,comlaints_sender_email.php,government_circulars_sections.php,government_circulars_sections_administrators.php,corporate_communications_senderTitle.php,government_circulars_issuing_authority.php,government_circulars_issuing_authority_classification.php,government_circulars_receiving_mechanism.php,governmentsc.php,governmentscc.php,corporate_communications_outgoing_letters_template_form.php,hospital_admission_consent_template_form.php,users.php,department_sender_email.php,footer.inc.php	no	no	outbound-linked	unknown	session/header guard
setup_db.php	root	setup_db		setup db	authenticated/unknown							no	no		no	review	unresolved	unknown	
shift_schedule.php	root	shift_schedule		shift schedule	authenticated/unknown			a,api,app,calender,clinician_hospitals,clinicians,currentevents,event,existing,shift_schedule,specialized_clinics,there		create,update,delete	200,201	no	yes	header.inc.php,footer.inc.php,shift_schedule.php,update_shift_schedule.php,delete_shift_schedule.php,add_shift_schedule.php	yes	no	outbound-linked	unknown	session/header guard; ajax; print/pdf
signature.php	root	signature	لوحة التوقيع	signature	authenticated/unknown			signatuers		create		yes	no	header.inc.php,footer.inc.php,signature.php	yes	no	outbound-linked	unknown	session/header guard; form; ajax; file handling/ref
signature/index.php	signature	index	Signature Pad	index	authenticated/unknown			signatuers		create		yes	no	hr_session.php,config.php	no	review	menu	unknown	form; file handling/ref
sit2.php	root	sit2		sit2	authenticated/unknown		branch	functin,sit2	/sit2.php,sit2.php?id=<?php echo (int)$id; ?>_0,sit2.php?id=<?php echo (int)$id; ?>_1	create,update		no	no	header.inc.php,Governmentـreportss.php,sms_class.php,OpensslEncryptDecrypt.php,PHPMailer.php,SMTP.php,Exception.php,sit2.php,footer.inc.php	yes	no	outbound-linked	unknown	session/header guard; form; ajax
sit_answerpdf.php	root	sit_answerpdf	الختم الرسمي	sit answerpdf	authenticated/unknown		branch	companies_groups,g_data,g_view,lawsuit_payment_type,ra_users,sits_rep		create,update	2	yes	yes	autoload.php,hr_session.php,config.php,functions.php,multiLanguage.php,common.php,MyQuery.php,G.php,Government_reportss_pdf.php	yes	no	outbound-linked	unknown	session/header guard; ajax; print/pdf; file handling/ref
sit_beuse.php	root	sit_beuse	الختم الرسمي	sit beuse	authenticated/unknown		branch	companies_groups,g_data,g_view,lawsuit_payment_type,ra_users,sit_view,sits_rep		create,update	2	yes	yes	autoload.php,hr_session.php,config.php,functions.php,multiLanguage.php,common.php,MyQuery.php,G.php,Government_reportss_pdf.php	yes	no	outbound-linked	unknown	session/header guard; ajax; print/pdf; file handling/ref
sit_pdfs.php	root	sit_pdfs	الختم الرسمي	sit pdfs	authenticated/unknown		branch	companies_groups,g_data,g_view,lawsuit_payment_type,ra_users,sit_view,sits_rep		create,update	2	yes	yes	autoload.php,hr_session.php,config.php,functions.php,multiLanguage.php,common.php,MyQuery.php,G.php	yes	no	outbound-linked	unknown	session/header guard; ajax; print/pdf; file handling/ref
sit_rep.php	root	sit_rep		sit rep	authenticated/unknown		branch	sit2,sit_rep	/sit_rep.php,sit_rep.php?id=<?php echo (int)$id; ?>_0,sit_rep.php?id=<?php echo (int)$id; ?>_1	create,update,send		no	no	header.inc.php,Governmentـreportss.php,sms_class.php,OpensslEncryptDecrypt.php,PHPMailer.php,SMTP.php,Exception.php,sit_rep.php,sit2.php,footer.inc.php	yes	no	outbound-linked	unknown	session/header guard; form; ajax
sit_rep2.php	root	sit_rep2	Al Hammadi Hospitals Group	sit rep2	authenticated/unknown		branch	archives_sit,companies_groups,department_sender_email,g_data,lawsuit_payment_type,sit2,sit_fi,sit_files,sit_rep,sit_timeline,sit_view,sits_rep	/sit_rep2.php,<?php echo $pagename; ?>	create,update,delete,send	1,2,3,4	yes	yes	header.inc.php,autoload.php,sms_class.php,Shortener.class.php,yakeen_v1.class.php,OpensslEncryptDecrypt.php,PHPMailer.php,SMTP.php,Exception.php,sit_rep2.php,sit_beuse.php,sit_rep.php,sits_rep.php,stis_view.php,sit_pdfs.php,sit_answerpdf.php,G_retrun.php,sits_phone.php,sits_email.php,fliter_reportss.php,sendsoundajax.php,footer.inc.php	yes	no	outbound-linked	unknown	session/header guard; form; ajax; print/pdf; file handling/ref
sits_answer.php	root	sits_answer	HH-GovernmentـreportsAnswer	sits answer	authenticated/unknown			g_view,lawsuit_payment_type,sit_fi,sit_timeline,sits_rep	/sits_answer.php?id=	create,update	2	yes	no	hr_session.php,config.php,functions.php,form_token.php,validationForm.php,multiLanguage.php,user.php,paginator.class.php,permissions.link.php,common.php,MyQuery.php,clientContract.php,clientVacations.php,sms_class.php,Shortener.class.php,OpensslEncryptDecrypt.php,PHPMailer.php,SMTP.php,Exception.php,archives_answer.php,Government_mas.php,sits_answer.php	yes	no	outbound-linked	unknown	session/header guard; form; ajax; file handling/ref
sits_email.php	root	sits_email	الختم الرسمي	sits email	authenticated/unknown		branch	companies_groups,g_data,g_view,lawsuit_payment_type,ra_users,sit_view,sits_rep		create,update	2,1	yes	yes	autoload.php,hr_session.php,config.php,functions.php,multiLanguage.php,common.php,MyQuery.php,G.php,Government_reportss_pdf.php,tcpdf_include.php,sits_answer.php	yes	no	outbound-linked	unknown	session/header guard; ajax; print/pdf; file handling/ref
sits_pdf.php	root	sits_pdf		sits pdf	authenticated/unknown							no	yes		no	review	unresolved	unknown	print/pdf
sits_phone.php	root	sits_phone	الختم الرسمي	sits phone	authenticated/unknown		branch	companies_groups,g_data,g_view,lawsuit_payment_type,ra_users,sit_view,sits_rep		create,update	2,1	yes	yes	autoload.php,hr_session.php,config.php,functions.php,multiLanguage.php,common.php,MyQuery.php,G.php,Government_reportss_pdf.php	yes	no	outbound-linked	unknown	session/header guard; ajax; print/pdf; file handling/ref
sits_rep.php	root	sits_rep		sits rep	authenticated/unknown			archives_sit,lawsuit_payment_type,ra_users,sit_timeline,sits_rep			3,2,1,4	no	no	header.inc.php,footer.inc.php	yes	no	outbound-linked	unknown	session/header guard; ajax
sms_12.php	root	sms_12		sms 12	authenticated/unknown		branch	ra_users,sms_archive,sms_sender_name	<?php echo $page_name; ?>	create,update,delete,approve,send	0,1,2,3,4,5,6,7,8,9,10,12,11,100000	no	yes	header.inc.php,sms_12.php,sms_class.php,sms_get_mobile.php,get_name.php,footer.inc.php,sms_12_pdf.php	yes	no	outbound-linked	unknown	session/header guard; form; ajax; print/pdf
sms_12_pdf.php	root	sms_12_pdf		sms 12 pdf	authenticated/unknown		branch	bottom,html,ra_users,sms_archive		update		yes	yes	hr_session.php,config.php,functions.php,multiLanguage.php,common.php,MyQuery.php,login.php,index.php,complaints_pdf.php,tcpdf_include.php,tcpdf_config_alt.php,tcpdf.php	yes	no	outbound-linked	unknown	session/header guard; ajax; print/pdf; file handling/ref
sms_15.php	root	sms_15		sms 15	authenticated/unknown		branch	ra_users,sms_archivees,sms_sender_name	<?php echo $page_name; ?>,<?php echo $page_name;?>	create,update,delete,approve,send	0,1,2,3,4,5,6,7,8,9,10,11,12,13,14,15,16,17,18,19	yes	yes	header.inc.php,sms_15.php,sms_get_mobile.php,get_name.php,footer.inc.php,inquiries_and_services.php,sms_15_pdf.php	yes	no	outbound-linked	unknown	session/header guard; form; ajax; print/pdf; file handling/ref
sms_15_pdf.php	root	sms_15_pdf		sms 15 pdf	authenticated/unknown		branch	companies_groups,html,ra_users,sms_archive				yes	yes	autoload.php,hr_session.php,config.php,functions.php,multiLanguage.php,common.php,MyQuery.php,login.php,index.php,complaints_pdf.php,sms_archive_pdf.php	yes	no	outbound-linked	unknown	session/header guard; ajax; print/pdf; file handling/ref
sms_15_pdfBk.php	root	sms_15_pdfBk		sms 15 pdfBk	authenticated/unknown		branch	bottom,html,ra_users,sms_archive		update		yes	yes	hr_session.php,config.php,functions.php,multiLanguage.php,common.php,MyQuery.php,login.php,index.php,complaints_pdf.php,sms_archive_pdf.php,tcpdf_include.php,tcpdf_config_alt.php,tcpdf.php	yes	no	outbound-linked	unknown	session/header guard; ajax; print/pdf; file handling/ref
sms_2.php	root	sms_2		sms 2	authenticated/unknown		branch	ra_users,sms_archive,sms_sender_name	 sms_2.php,<?php echo $page_name;?>,<?php echo $page_name; ?>	create,update,delete,send	0,1	yes	yes	header.inc.php,sms_class.php,sms_get_mobile.php,get_name.php,footer.inc.php,inquiries_and_services.php	yes	no	outbound-linked	unknown	session/header guard; form; ajax; print/pdf; file handling/ref
sms_2_pdf.php	root	sms_2_pdf		sms 2 pdf	authenticated/unknown		branch	bottom,companies_groups,html,ra_users,sms_archive		update		yes	yes	autoload.php,hr_session.php,config.php,functions.php,multiLanguage.php,common.php,MyQuery.php,login.php,index.php,complaints_pdf.php,sms_archive_pdf.php,barcode.php,tcpdf_include.php,tcpdf_config_alt.php,tcpdf.php	yes	no	outbound-linked	unknown	session/header guard; ajax; print/pdf; file handling/ref
sms_5.php	root	sms_5		sms 5	authenticated/unknown		branch	ra_users,sms_archive,sms_sender_name	sms_5.php,<?php echo $page_name;?>,<?php echo $page_name; ?>	create,update,delete,send	0,1,2,3,4	yes	yes	header.inc.php,sms_5.php,sms_class.php,sms_get_mobile.php,get_name.php,footer.inc.php,inquiries_and_services.php,sms_5_pdf.php	yes	no	outbound-linked	unknown	session/header guard; form; ajax; print/pdf; file handling/ref
sms_5_pdf.php	root	sms_5_pdf		sms 5 pdf	authenticated/unknown		branch	bottom,html,ra_users,sms_archive		update		yes	yes	hr_session.php,config.php,functions.php,multiLanguage.php,common.php,MyQuery.php,login.php,index.php,complaints_pdf.php,sms_archive_pdf.php,tcpdf_include.php,tcpdf_config_alt.php,tcpdf.php	yes	no	outbound-linked	unknown	session/header guard; ajax; print/pdf; file handling/ref
sms_8.php	root	sms_8		sms 8	authenticated/unknown		branch	ra_users,sms_archive,sms_sender_name	sms_8.php,<?php echo $page_name;?>,<?php echo $page_name; ?>	create,update,delete,send	0,1,2	yes	yes	header.inc.php,sms_8.php,sms_class.php,sms_get_mobile.php,get_name.php,footer.inc.php,inquiries_and_services.php,sms_8_pdf.php	yes	no	outbound-linked	unknown	session/header guard; form; ajax; print/pdf; file handling/ref
sms_8_pdf.php	root	sms_8_pdf		sms 8 pdf	authenticated/unknown		branch	bottom,html,ra_users,sms_archive		update		yes	yes	hr_session.php,config.php,functions.php,multiLanguage.php,common.php,MyQuery.php,login.php,index.php,complaints_pdf.php,sms_archive_pdf.php,tcpdf_include.php,tcpdf_config_alt.php,tcpdf.php	yes	no	outbound-linked	unknown	session/header guard; ajax; print/pdf; file handling/ref
sms_archive_pdf.php	root	sms_archive_pdf		sms archive pdf	authenticated/unknown			companies_groups,html,ra_users,sms_archive				yes	yes	autoload.php,hr_session.php,config.php,functions.php,multiLanguage.php,common.php,MyQuery.php,sms_archive_pdf.php,barcode.php	yes	review	outbound-linked	unknown	ajax; print/pdf; file handling/ref
sms_outpatient_clinics.php	root	sms_outpatient_clinics		sms outpatient clinics	authenticated/unknown		branch	helper,sms_outpatient_clinics_archive,sms_sender_name	sms_outpatient_clinics.php	create,update,delete,send		no	yes	header.inc.php,sms_send_one.php,sms_class.php,sms_get_mobile.php,get_name.php,sms_outpatient_clinics.php,footer.inc.php,maintenance_type_grap.php	yes	no	outbound-linked	unknown	session/header guard; form; ajax; print/pdf
social_intervention.php	root	social_intervention		social intervention	authenticated/unknown							no	no		no	review	unresolved	unknown	
specialized_clinics.php	root	specialized_clinics		specialized clinics	authenticated/unknown		branch	clinicians,functin,if,specialized_clinics	<?php echo $pagename; ?>,<?php echo $pagename; ?>?do=publish,<?php echo $pagename; ?>?do=unpublish,<?php echo $pagename; ?>?do=delete	create,update,delete,send	4	no	no	header.inc.php,specialized_clinics.php,sendsoundajax.php,footer.inc.php	yes	no	outbound-linked	unknown	session/header guard; form; ajax
stis_view.php	root	stis_view		stis view	authenticated/unknown			ra_users,sit_rep,sit_view,sits_rep				no	no	header.inc.php,footer.inc.php	yes	no	outbound-linked	unknown	session/header guard; ajax
support_service_item.php	root	support_service_item		support service item	authenticated/unknown			maintenance_request_type,rep5_maintenance_departments		delete		no	no	hr_session.php,config.php,functions.php,validationForm.php,multiLanguage.php,user.php,paginator.class.php,permissions.link.php,common.php,MyQuery.php	yes	review	outbound-linked	unknown	ajax
support_services_details.php	root	support_services_details		support services details	authenticated/unknown			clinics,clinics_support_services_details,insurance_companies	<?php echo $pagename; ?>?id=<?php echo $id; ?>			no	yes	header.inc.php,support_services_details.php,support_services_section.php,footer.inc.php	yes	no	outbound-linked	unknown	session/header guard; form; ajax; print/pdf
support_services_grap.php	root	support_services_grap		support services grap	authenticated/unknown			database,support_services				no	no	hr_session.php,config.php,functions.php,validationForm.php,multiLanguage.php,user.php,paginator.class.php,permissions.link.php,common.php,MyQuery.php	yes	review	outbound-linked	unknown	ajax
support_services_section.php	root	support_services_section		support services section	authenticated/unknown			clinics_support_services_section				no	yes	header.inc.php,support_services_details.php,footer.inc.php	yes	no	outbound-linked	unknown	session/header guard; ajax; print/pdf
t_pdf.php	root	t_pdf		t pdf	authenticated/unknown		branch	job_titles,ra_users,training,training_view		send	0,1,2,3,4	no	yes	header.inc.php,footer.inc.php	yes	no	outbound-linked	unknown	session/header guard; ajax; print/pdf
technical_failure_notice.php	root	technical_failure_notice		technical failure notice	authenticated/unknown		branch	branches,companies_groups,department_sender_email,functin,if,ra_users,sms_sender_name,technical_failure_notice,technical_failure_notice_mobile,technical_failure_notice_platform,technical_failure_notice_process,technical_failure_notice_sections,technical_failure_notice_service_type,technical_failure_notice_status	<?php echo $pagename; ?>,./complaints.php	create,update,delete,send,reply	4,3,1,0	yes	yes	header.inc.php,sms_class.php,OpensslEncryptDecrypt.php,autoload.php,technical_failure_notice.php,crisis_management_pdf.php,technical_failure_pdf.php,footer.inc.php,sendsoundajax.php,complaints.php,technical_failure_notice_view.php,technical_failure_notice_pdf.php	yes	no	menu	unknown	session/header guard; form; ajax; print/pdf; file handling/ref
technical_failure_notice_other_textbox.php	root	technical_failure_notice_other_textbox		technical failure notice other textbox	authenticated/unknown							no	no		no	review	unresolved	unknown	
technical_failure_notice_pdf.php	root	technical_failure_notice_pdf		technical failure notice pdf	authenticated/unknown		company,branch	booking_period,branches,companies_groups,html,ra_users,room_type,technical_failure_notice,technical_failure_notice_platform,technical_failure_notice_service_type,technical_failure_notice_type		reply		yes	yes	autoload.php,hr_session.php,config.php,functions.php,multiLanguage.php,common.php,MyQuery.php,login.php,logout.php,index.php,complaints_pdf.php,technical_failure_pdf.php,barcode.php	yes	no	outbound-linked	unknown	session/header guard; ajax; print/pdf; file handling/ref
technical_failure_notice_platform_grap.php	root	technical_failure_notice_platform_grap		technical failure notice platform grap	authenticated/unknown			technical_failure_notice_service_type				no	no	hr_session.php,config.php	yes	no	outbound-linked	unknown	session/header guard; ajax
technical_failure_notice_service_type_grap.php	root	technical_failure_notice_service_type_grap		technical failure notice service type grap	authenticated/unknown			database,technical_failure_notice_service_type				no	no	hr_session.php,config.php,functions.php,validationForm.php,multiLanguage.php,user.php,paginator.class.php,permissions.link.php,common.php,MyQuery.php	yes	review	outbound-linked	unknown	ajax
technical_failure_notice_view.php	root	technical_failure_notice_view		technical failure notice view	authenticated/unknown		branch	ra_users,technical_failure_notice,technical_failure_notice_process,technical_failure_notice_status		reply		no	yes	header.inc.php,index.php,complaints_pdf.php,footer.inc.php	yes	no	outbound-linked	unknown	session/header guard; ajax; print/pdf
technical_failure_pdf.php	root	technical_failure_pdf		technical failure pdf	authenticated/unknown		company,branch	booking_period,branches,companies_groups,html,ra_users,room_type,technical_failure_notice,technical_failure_notice_platform,technical_failure_notice_service_type,technical_failure_notice_type		reply		yes	yes	autoload.php,hr_session.php,config.php,functions.php,multiLanguage.php,common.php,MyQuery.php,index.php,complaints_pdf.php,technical_failure_pdf.php,barcode.php	yes	no	outbound-linked	unknown	session/header guard; ajax; print/pdf; file handling/ref
term_data.php	root	term_data		term data	authenticated/unknown			medical_terminology				no	no	config.php	yes	review	outbound-linked	unknown	ajax
thank.php	root	thank	Al Hammadi Hospitals Group	thank	authenticated/unknown		branch	branches_departments,com_attitude,comlaints_employees_emails,comlaints_sender_email,comlaints_subsctions_emails,companies_groups,complaints,complaints_reply,rep12_main_section,rep12_subsection,rep_12_complainant_side,sms_sender_name,thank,transferal	./thank.php,<?php echo $pagename; ?>	create,update,delete,send,reply	1,0,4	no	yes	header.inc.php,sms_class.php,OpensslEncryptDecrypt.php,PHPMailer.php,SMTP.php,Exception.php,autoload.php,thank.php,rep12_sub_section_employee_grap.php,rep12_main_section_grap.php,rep12_sub_section_client_grap.php,com_form.php,thank_pdf.php,footer.inc.php,rep12_sub_section_grap.php,complaint_third_party_subsection_grap.php,sendsoundajax.php	yes	no	outbound-linked	unknown	session/header guard; form; ajax; print/pdf
thank_pdf.php	root	thank_pdf	Gratitude & Appreciation	thank pdf	authenticated/unknown		branch	branches_departments,comlaints_employees_emails,rep12_main_section,rep12_subsection,thank				yes	yes	autoload.php,hr_session.php,config.php,functions.php,multiLanguage.php,common.php,MyQuery.php,login.php,index.php	yes	review	outbound-linked	unknown	ajax; print/pdf; file handling/ref
training.php	root	training		training	authenticated/unknown		branch	department_sender_email,job_titles,training,training_user,training_view	/training.php,<?php echo $pagename; ?>	create,update,delete,send	0,1,2,3,4	yes	yes	header.inc.php,sms_class.php,Shortener.class.php,OpensslEncryptDecrypt.php,PHPMailer.php,SMTP.php,Exception.php,training.php,trainings.php,trainingـSettings.php,t_pdf.php,training_pdf.php,fliter_reportss.php,footer.inc.php	yes	no	outbound-linked	unknown	session/header guard; form; ajax; print/pdf; file handling/ref
trainingPlan.php	root	trainingPlan		trainingPlan	authenticated/unknown		company,branch	branches,companies_groups,html,ra_users,training_confirmation				yes	yes	autoload.php,hr_session.php,config.php,functions.php,multiLanguage.php,common.php,MyQuery.php,index.php,barcode.php	yes	no	outbound-linked	unknown	session/header guard; ajax; print/pdf; file handling/ref
trainingPlan.php.php	root	trainingPlan.php		trainingPlan.php	authenticated/unknown		company,branch	branches,companies_groups,html,ra_users,training_confirmation				yes	yes	autoload.php,hr_session.php,config.php,functions.php,multiLanguage.php,common.php,MyQuery.php,index.php,complaints_pdf.php,training_confirmation_pdf.php	yes	no	outbound-linked	unknown	session/header guard; ajax; print/pdf; file handling/ref
training_confirmation.php	root	training_confirmation		training confirmation	authenticated/unknown		company,branch	branches,certificate_upload,companies_groups,functin,html,if,ra_users,sms_archive,sms_sender_name,training_confirmation,training_confirmation_actions,training_confirmation_attachments,training_confirmation_pdfbase64,training_confirmation_status,user_role	<?php echo $pagename; ?>,./complaints.php	create,update,delete,send,reply	1,2,0,4,3,6,7	yes	yes	header.inc.php,training_confirmation.php,autoload.php,sms_class.php,Shortener.class.php,yakeen_v1.class.php,sendsoundajax.php,training_confirmation_pdf.php,barcode.php,trainingConfirmation.php,SL.php,trainingPlan.php,complaints.php,training_confirmation_status_details.php,training_confirmation_timeline.php,training_evaluation.php,training_evaluation1.php,training_evaluation6.php,footer.inc.php	yes	no	outbound-linked	unknown	session/header guard; form; ajax; print/pdf; file handling/ref
training_confirmation_coordinator.php	root	training_confirmation_coordinator		training confirmation coordinator	authenticated/unknown		company,branch	branches,certificate_upload,companies_groups,functin,html,if,ra_users,sms_archive,sms_sender_name,training_confirmation,training_confirmation_actions,training_confirmation_attachments,training_confirmation_pdfbase64,training_confirmation_status,user_role	<?php echo $pagename; ?>,./complaints.php	create,update,delete,send,reply	1,2,0,4,3,6,7	yes	yes	header.inc.php,autoload.php,sms_class.php,Shortener.class.php,yakeen_v1.class.php,training_confirmation_coordinator.php,sendsoundajax.php,training_confirmation_pdf.php,barcode.php,trainingConfirmation.php,SL.php,trainingPlan.php,complaints.php,training_confirmation_status_details.php,training_confirmation_timeline.php,training_evaluation.php,training_evaluation1.php,training_evaluation6.php,footer.inc.php	yes	no	outbound-linked	unknown	session/header guard; form; ajax; print/pdf; file handling/ref
training_confirmation_editing_for_all.php	root	training_confirmation_editing_for_all	ALHAMMADI	training confirmation editing for all	authenticated/unknown			complaints,corporate_communications,corporate_communications_action,corporate_communications_attachments,corporate_communications_replies,corporate_communications_timeline	corporate_communications_form_reply.php?id=<?php echo $_GET[	create,update,reply	3,2,5	yes	no	hr_session.php,config.php,functions.php,validationForm.php,multiLanguage.php,user.php,paginator.class.php,permissions.link.php,common.php,MyQuery.php,clientContract.php,clientVacations.php,OpensslEncryptDecrypt.php,index.php,corporate_communications_form_reply_result.php,corporate_communications_reletter.php,corporate_communications_form_reply.php,corporate_communications_letter_preview.php	yes	no	outbound-linked	unknown	session/header guard; form; ajax; file handling/ref
training_confirmation_pdf.php	root	training_confirmation_pdf		training confirmation pdf	authenticated/unknown			training_confirmation				no	yes	hr_session.php,config.php,functions.php,multiLanguage.php,common.php,MyQuery.php,index.php	yes	review	outbound-linked	unknown	ajax; print/pdf
training_evaluation.php	root	training_evaluation		training evaluation	authenticated/unknown		company,branch	branches,categories,companies_groups,html,ra_users,training_confirmation,training_confirmation_actions			3	yes	yes	autoload.php,hr_session.php,config.php,functions.php,multiLanguage.php,common.php,MyQuery.php,index.php,barcode.php	yes	no	outbound-linked	unknown	session/header guard; ajax; print/pdf; file handling/ref
training_josn.php	root	training_josn	HH-GovernmentـreportsAnswer	training josn	authenticated/unknown		branch	g_data,g_files,g_timestatus,g_view,job_titles,training_sit	trainings.php?Department_id=	create,update,send	2,1,8	yes	no	hr_session.php,config.php,functions.php,validationForm.php,multiLanguage.php,user.php,paginator.class.php,permissions.link.php,common.php,MyQuery.php,clientContract.php,clientVacations.php,sms_class.php,Shortener.class.php,OpensslEncryptDecrypt.php,PHPMailer.php,SMTP.php,Exception.php,trainings.php,Government_mas.php	yes	no	outbound-linked	unknown	session/header guard; form; ajax; file handling/ref
training_pdf.php	root	training_pdf	الختم الرسمي	training pdf	authenticated/unknown		branch	bottom,companies_groups,html,job_titles,ra_users,training,training_sit,training_user		update		yes	yes	autoload.php,hr_session.php,config.php,functions.php,common.php,Government_reportss_pdf.php,tcpdf_include.php,tcpdf_config_alt.php,tcpdf.php	yes	no	outbound-linked	unknown	session/header guard; ajax; print/pdf; file handling/ref
training_sit.php	root	training_sit		training sit	authenticated/unknown		branch	functin,g_branch,job_titles,training_sit	/training_sit.php	create,update		yes	no	header.inc.php,Governmentـreportss.php,sms_class.php,OpensslEncryptDecrypt.php,PHPMailer.php,SMTP.php,Exception.php,training_sit.php,footer.inc.php	yes	no	outbound-linked	unknown	session/header guard; form; ajax; file handling/ref
training_sn.php	root	training_sn		training sn	authenticated/unknown			doctors_agreement,training,training_view		create,update,send	2,3	yes	yes	hr_session.php,config.php,functions.php,form_token.php,validationForm.php,multiLanguage.php,user.php,paginator.class.php,permissions.link.php,common.php,MyQuery.php,clientContract.php,clientVacations.php,sms_class.php,Shortener.class.php,OpensslEncryptDecrypt.php,PHPMailer.php,SMTP.php,Exception.php,Government_mas.php,training_pdf.php,DoctorAgreemen2.php	yes	no	outbound-linked	unknown	session/header guard; form; ajax; print/pdf; file handling/ref
training_t.php	root	training_t		training t	authenticated/unknown		branch	g_branch,training_user	/g_user.php,training_t.php?id=<?php echo (int)$id; ?>_0,training_t.php?id=<?php echo (int)$id; ?>_1,/training_t.php	create,update		no	no	header.inc.php,Governmentـreportss.php,sms_class.php,OpensslEncryptDecrypt.php,PHPMailer.php,SMTP.php,Exception.php,training_t.php,g_user.php,footer.inc.php	yes	no	outbound-linked	unknown	session/header guard; form; ajax
trainings.php	root	trainings	HH	trainings	authenticated/unknown		branch	job_titles,training,training_sit,training_view	trainings.php?Department_id=1_0	create,update,send	2,3,4	yes	no	hr_session.php,config.php,functions.php,form_token.php,validationForm.php,multiLanguage.php,user.php,paginator.class.php,permissions.link.php,common.php,MyQuery.php,clientContract.php,clientVacations.php,sms_class.php,Shortener.class.php,OpensslEncryptDecrypt.php,PHPMailer.php,SMTP.php,Exception.php,trainings.php,Government_mas.php,training_sn.php	yes	no	outbound-linked	unknown	session/header guard; form; ajax; file handling/ref
trainingـSettings.php	root	trainingـSettings	الإعداد	training Settings	authenticated/unknown		branch	g_branch		update		no	no	header.inc.php,Governmentـreportss.php,sms_class.php,OpensslEncryptDecrypt.php,PHPMailer.php,SMTP.php,Exception.php,training_sit.php,training_t.php,footer.inc.php	no	no	outbound-linked	unknown	session/header guard
users.php	root	users		users	authenticated/unknown		branch	branches,job_titles,ra_users,roles,user_groups,user_role	<?php echo $pagename; ?>	create,update,delete,send	4,1	no	yes	header.inc.php,form_token.php,users.php,footer.inc.php,sendsoundajax.php,usernameadmincheck.php,emp_evaluation.php,change_my_pass.php,change_user_pass.php	yes	no	menu	unknown	session/header guard; form; ajax; print/pdf
utility_new.php	root	utility_new		utility new	authenticated/unknown							no	yes		no	review	unresolved	unknown	print/pdf
vacation_balance.php	root	vacation_balance		vacation balance	authenticated/unknown							no	no	header.inc.php,footer.inc.php	no	no	outbound-linked	unknown	session/header guard
vacation_request.php	root	vacation_request		vacation request	authenticated/unknown		branch	city,emp_vacations,functin,holydays_type,if	<?php echo $pagename; ?>,<?php echo $pagename; ?>?id=<?php echo $exists->id; ?>&do=delete	create,update,delete,approve,send,reply	4,2	no	yes	header.inc.php,form_token.php,vacation_request.php,sendsoundajax.php,vacations_pdf.php,footer.inc.php	yes	no	outbound-linked	unknown	session/header guard; form; ajax; print/pdf
vacations_pdf.php	root	vacations_pdf		vacations pdf	authenticated/unknown		branch	bottom,branches,emp_vacations,holydays_type,html,ra_users		update,reply		yes	yes	hr_session.php,config.php,functions.php,multiLanguage.php,common.php,MyQuery.php,login.php,index.php,complaints_pdf.php,tcpdf_include.php,tcpdf_config_alt.php,tcpdf.php	yes	no	outbound-linked	unknown	session/header guard; ajax; print/pdf; file handling/ref
view_post.php	root	view_post	Hello, how can we help?	view post	authenticated/unknown		branch	new_post,ra_users,users_readed_post		create		yes	yes	header.inc.php,index.php,footer.inc.php	yes	no	outbound-linked	unknown	session/header guard; ajax; print/pdf; file handling/ref
whatsup.php	root	whatsup		whatsup	authenticated/unknown			the		update		no	yes	autoload.php	no	review	outbound-linked	unknown	print/pdf
xlxs.php	root	xlxs		xlxs	authenticated/unknown		branch	centeral_floors,centeral_sections,central_ext_phone,functin,helper,if,lawsuit,lawsuit_actions	<?php echo $pagename; ?>	create,update,reject,send	4	yes	yes	header.inc.php,form_token.php,SimpleXLSX.php,xlxs.php,city_grap.php,sendsoundajax.php,footer.inc.php	yes	review	outbound-linked	unknown	session/header guard; form; ajax; print/pdf; file handling/ref
xlxs_comercial_casses.php	root	xlxs_comercial_casses		xlxs comercial casses	authenticated/unknown		branch	alhammadi_companies,centeral_floors,centeral_sections,central_ext_phone,commercial_cases_actions,functin,helper,if	<?php echo $pagename; ?>	create,update,reject,send	4	yes	yes	header.inc.php,form_token.php,SimpleXLSX.php,xlxs_comercial_casses.php,city_grap.php,sendsoundajax.php,footer.inc.php	yes	review	outbound-linked	unknown	session/header guard; form; ajax; print/pdf; file handling/ref
